GPA,Course_Scores,Aptitude_Score,Attendance,Supervisor_Evaluation,Report_Quality,Activity_Log_Frequency,Completion_Time,Feedback_Rating,Performance,Intern_ID,Performance_Score
2.54,21.5,31.3,86.5,7.72,3.69,14,3.26,4.09,Good,INT0001,70.98
0.66,21.1,11.5,59.23,0.83,0.3,8,3.92,1.33,Fair,INT0002,42.16
0.39,29.7,9.9,42.98,4.68,3.84,12,5.78,2.87,Fair,INT0003,49.89
2.31,47.9,42.0,83.16,1.07,6.61,6,4.28,1.43,Average,INT0004,68.49
2.37,35.7,36.1,74.1,2.28,0.72,11,1.53,1.91,Good,INT0005,77.51
3.29,91.5,67.7,86.93,3.65,5.09,8,2.07,2.46,Excellent,INT0006,97.98
3.39,74.8,75.4,98.06,2.0,6.48,9,1.24,1.8,Good,INT0007,72.22
0.31,25.2,15.7,55.83,5.95,2.62,1,5.86,3.38,Average,INT0008,55.62
1.37,41.4,11.9,85.48,5.12,5.97,10,4.23,3.05,Good,INT0009,79.96
2.07,16.3,8.6,61.52,2.6,5.09,11,5.31,2.04,Average,INT0010,65.64
3.85,95.3,88.2,0.0,8.35,6.93,19,1.0,4.34,Excellent,INT0011,95.37
1.66,19.3,31.3,31.05,2.3,3.21,11,7.0,1.92,Average,INT0012,59.55
2.78,57.5,27.3,56.8,4.28,7.19,14,5.9,2.71,Good,INT0013,73.69
3.19,96.5,93.9,65.99,0.83,4.97,9,1.98,1.33,Average,INT0014,68.94
1.94,74.5,81.2,67.1,0.03,7.16,14,2.22,1.01,Good,INT0015,73.52
0.94,56.1,37.5,94.98,0.0,1.62,14,1.84,1.0,Average,INT0016,66.79
1.3,13.2,38.1,87.09,0.0,1.62,14,2.82,1.0,Fair,INT0017,52.54
1.68,9.5,22.8,98.61,6.4,0.57,3,3.92,3.56,Average,INT0018,59.46
0.81,62.2,16.2,8.47,0.0,0.87,4,3.54,1.0,Average,INT0019,56.65
1.15,28.1,63.2,26.47,4.68,2.43,14,3.05,2.87,Average,INT0020,58.19
0.8,52.9,49.6,66.38,0.0,3.53,10,4.39,1.0,Fair,INT0021,53.18
1.2,27.5,4.0,42.26,2.0,2.26,6,2.24,1.8,Average,INT0022,56.06
3.54,99.6,87.3,66.32,10.0,9.54,17,3.04,5.0,Excellent,INT0023,86.84
0.78,21.1,40.4,83.65,2.08,2.25,7,3.03,1.83,Average,INT0024,56.18
3.47,74.4,56.4,76.54,9.35,1.91,13,3.42,4.74,Good,INT0025,81.34
0.31,6.9,66.4,69.27,0.0,1.88,10,5.49,1.0,Fair,INT0026,43.09
3.12,92.6,96.9,57.45,8.62,5.78,14,2.03,4.45,Good,INT0027,84.88
1.54,80.5,59.2,51.11,6.42,7.31,13,4.15,3.57,Good,INT0028,78.32
1.4,30.1,44.3,60.94,4.05,0.94,11,4.1,2.62,Average,INT0029,64.94
3.27,67.4,61.7,3.33,10.0,6.61,16,1.69,5.0,Good,INT0030,78.86
2.18,79.8,31.8,89.27,2.05,6.46,12,4.25,1.82,Fair,INT0031,50.05
3.38,91.7,48.4,55.62,10.0,8.37,9,1.8,5.0,Excellent,INT0032,86.89
3.71,63.4,90.4,86.21,10.0,8.34,16,1.0,5.0,Excellent,INT0033,100.0
3.3,34.0,86.9,69.28,8.45,4.14,13,6.45,4.38,Average,INT0034,69.46
1.06,83.3,80.6,24.4,4.1,3.08,7,7.0,2.64,Average,INT0035,58.41
0.59,41.6,65.1,90.64,2.95,3.61,10,5.97,2.18,Average,INT0036,55.13
2.89,88.2,25.2,78.98,10.0,9.14,17,2.56,5.0,Excellent,INT0037,94.96
0.8,60.8,6.5,61.79,4.93,1.92,16,1.96,2.97,Average,INT0038,63.74
0.74,14.5,66.4,94.73,7.62,2.32,12,5.41,4.05,Average,INT0039,65.78
0.76,9.7,63.0,52.26,5.0,0.49,13,3.89,3.0,Fair,INT0040,41.81
3.85,84.2,91.0,60.09,4.22,9.27,15,2.08,2.69,Excellent,INT0041,90.93
2.58,64.4,27.3,87.6,0.0,2.62,14,4.09,1.0,Fair,INT0042,52.86
2.5,76.4,82.3,1.76,0.0,2.3,15,1.21,1.0,Good,INT0043,73.71
2.89,48.4,50.8,64.46,3.08,4.84,16,6.33,2.23,Fair,INT0044,52.61
2.41,65.3,86.5,66.83,9.65,6.39,5,2.27,4.86,Good,INT0045,77.14
1.16,85.3,17.2,92.9,5.7,4.33,5,5.04,3.28,Good,INT0046,74.13
2.57,40.7,52.1,65.68,0.0,6.26,16,3.26,1.0,Average,INT0047,56.28
0.16,32.9,66.8,59.79,2.0,1.43,9,4.21,1.8,Fair,INT0048,45.0
2.39,88.0,81.1,41.66,7.08,3.43,10,4.7,3.83,Good,INT0049,77.46
3.78,98.1,95.2,95.51,10.0,9.55,11,1.97,5.0,Excellent,INT0050,100.0
1.35,38.1,39.3,52.18,5.6,1.94,7,7.0,3.24,Average,INT0051,57.6
2.08,49.1,58.0,88.29,6.6,9.61,9,5.8,3.64,Average,INT0052,66.46
0.71,72.4,76.1,52.53,10.0,2.83,12,6.81,5.0,Good,INT0053,72.34
1.02,62.5,16.8,71.27,0.0,0.46,10,6.52,1.0,Average,INT0054,55.67
2.4,28.9,22.2,87.2,9.25,7.76,14,4.31,4.7,Average,INT0055,64.48
1.36,16.4,25.2,98.29,2.28,3.25,6,6.17,1.91,Average,INT0056,63.22
1.76,85.5,60.8,61.46,1.98,6.59,16,2.01,1.79,Good,INT0057,76.85
2.42,46.6,37.6,57.18,9.75,8.5,16,1.73,4.9,Good,INT0058,77.79
2.34,35.1,84.4,6.07,2.77,3.93,8,1.24,2.11,Excellent,INT0059,89.23
3.01,62.9,60.9,83.45,7.18,1.78,10,2.88,3.87,Good,INT0060,71.0
0.98,23.2,44.2,71.9,4.58,6.45,10,3.19,2.83,Average,INT0061,60.83
0.47,9.7,3.3,78.66,4.38,0.58,7,2.91,2.75,Fair,INT0062,52.59
0.48,55.5,72.0,4.95,9.82,8.3,10,6.22,4.93,Average,INT0063,66.57
2.18,52.3,78.8,88.65,1.8,5.74,9,3.55,1.72,Average,INT0064,60.7
1.7,49.5,71.1,95.99,0.0,6.42,19,2.59,1.0,Average,INT0065,69.42
2.91,91.4,58.1,44.68,8.55,4.51,7,4.32,4.42,Average,INT0066,66.73
1.92,72.6,80.9,64.67,1.8,9.43,14,2.24,1.72,Good,INT0067,78.72
1.0,71.8,77.3,60.28,2.52,2.81,7,6.3,2.01,Average,INT0068,68.4
3.28,45.1,84.7,70.79,7.02,6.32,18,1.92,3.81,Good,INT0069,80.42
3.7,25.1,72.9,79.73,6.45,7.29,8,7.0,3.58,Good,INT0070,74.88
2.26,52.2,81.6,71.0,10.0,2.5,15,5.27,5.0,Good,INT0071,71.83
2.38,89.1,74.2,36.28,3.08,3.05,12,1.71,2.23,Good,INT0072,80.07
3.03,43.2,44.6,4.77,1.35,6.52,18,1.36,1.54,Excellent,INT0073,85.98
0.42,41.1,71.9,84.55,2.52,5.32,14,6.23,2.01,Average,INT0074,56.38
2.3,48.8,71.8,63.3,4.82,9.53,20,5.49,2.93,Good,INT0075,84.76
0.16,17.3,32.7,74.67,2.25,7.66,6,5.15,1.9,Fair,INT0076,49.77
1.53,16.1,17.6,58.26,0.0,0.24,1,5.77,1.0,Fair,INT0077,43.04
3.49,50.4,82.1,70.73,3.92,8.17,13,1.26,2.57,Good,INT0078,74.32
1.94,15.7,83.0,89.31,0.0,1.96,10,3.92,1.0,Average,INT0079,57.35
3.49,57.9,81.9,70.64,10.0,6.59,7,1.58,5.0,Excellent,INT0080,95.12
0.88,14.5,88.2,84.83,0.88,3.83,7,6.59,1.35,Average,INT0081,66.09
1.63,57.9,51.0,75.36,9.57,3.07,5,4.47,4.83,Good,INT0082,70.45
3.57,74.1,87.6,37.83,8.55,3.39,8,3.07,4.42,Good,INT0083,77.46
3.01,81.6,73.6,89.81,6.98,1.86,8,1.24,3.79,Good,INT0084,84.33
0.28,5.8,9.6,54.21,2.32,3.79,5,3.03,1.93,Fair,INT0085,48.26
1.18,83.9,93.7,76.24,8.12,8.16,14,3.01,4.25,Good,INT0086,73.87
2.88,60.8,29.2,60.44,9.15,4.17,6,5.8,4.66,Average,INT0087,67.3
1.06,29.7,18.2,1.95,1.67,1.31,13,4.43,1.67,Fair,INT0088,54.52
0.97,56.1,26.5,75.15,5.07,8.3,5,3.92,3.03,Good,INT0089,70.27
0.7,21.3,69.0,74.98,4.28,3.16,7,4.1,2.71,Fair,INT0090,54.45
1.63,71.1,90.8,85.35,6.22,5.2,14,1.59,3.49,Good,INT0091,73.5
0.9,64.6,37.6,52.75,4.68,0.62,11,4.95,2.87,Fair,INT0092,53.12
1.14,53.2,12.0,86.39,5.72,3.72,13,5.56,3.29,Average,INT0093,55.68
2.37,62.2,66.2,70.48,7.98,5.91,13,4.52,4.19,Good,INT0094,79.87
2.54,60.1,39.0,46.61,10.0,5.21,8,5.17,5.0,Good,INT0095,78.67
1.34,14.3,14.8,78.85,3.32,3.61,11,3.75,2.33,Average,INT0096,68.34
2.48,57.6,28.5,44.48,5.4,5.4,9,4.45,3.16,Good,INT0097,71.42
1.68,30.4,63.6,7.37,4.68,5.42,6,3.59,2.87,Good,INT0098,75.39
3.93,85.9,58.5,8.66,0.0,6.83,9,1.0,1.0,Good,INT0099,81.78
0.82,90.0,40.7,59.64,3.68,4.33,7,1.43,2.47,Average,INT0100,62.92
3.15,79.6,44.7,0.32,10.0,9.44,13,1.33,5.0,Excellent,INT0101,100.0
1.16,95.0,86.6,26.77,8.17,8.2,6,4.52,4.27,Average,INT0102,58.27
2.85,81.6,61.5,65.42,9.33,4.57,15,3.22,4.73,Excellent,INT0103,85.64
0.4,20.6,60.2,31.77,5.38,6.13,8,4.23,3.15,Fair,INT0104,53.08
1.75,22.0,44.7,56.64,4.53,1.08,4,6.42,2.81,Average,INT0105,67.79
0.25,81.2,40.9,56.56,0.0,5.16,8,3.92,1.0,Average,INT0106,55.73
1.22,40.3,11.5,60.68,0.1,1.79,15,3.35,1.04,Average,INT0107,61.58
0.64,27.5,23.1,91.43,2.62,5.96,8,5.27,2.05,Average,INT0108,64.25
2.32,59.8,43.3,43.27,5.2,8.85,12,2.53,3.08,Good,INT0109,70.56
1.28,32.0,26.2,72.92,0.0,2.68,9,1.53,1.0,Average,INT0110,62.97
3.6,52.6,82.7,96.65,0.0,5.17,12,2.58,1.0,Average,INT0111,66.24
0.83,50.2,54.3,91.54,0.0,3.93,9,1.81,1.0,Average,INT0112,60.9
1.33,78.0,19.0,74.97,10.0,2.73,12,6.48,5.0,Average,INT0113,64.58
0.38,7.1,23.0,85.09,8.93,4.2,6,5.64,4.57,Average,INT0114,56.8
0.43,36.2,23.5,78.35,2.95,2.11,10,5.01,2.18,Fair,INT0115,48.86
0.21,10.9,9.9,66.83,0.0,0.15,8,6.38,1.0,Fair,INT0116,41.03
0.81,8.2,14.9,66.55,0.0,2.62,7,5.76,1.0,Poor,INT0117,36.92
2.43,86.7,82.6,73.1,4.68,8.36,9,2.02,2.87,Good,INT0118,79.76
2.1,3.9,8.6,66.83,4.95,1.54,9,6.23,2.98,Poor,INT0119,29.18
2.47,9.4,42.7,67.87,7.05,3.34,7,3.92,3.82,Good,INT0120,71.09
0.12,11.1,26.9,53.35,2.0,0.3,8,5.43,1.8,Fair,INT0121,40.53
0.75,23.6,39.7,97.66,2.0,1.39,11,6.15,1.8,Fair,INT0122,50.69
3.32,67.8,96.4,98.15,3.9,9.09,13,2.73,2.56,Excellent,INT0123,97.99
3.74,51.7,96.0,77.79,9.18,4.84,11,1.71,4.67,Good,INT0124,84.48
0.85,88.9,20.4,80.33,0.23,6.4,5,2.64,1.09,Average,INT0125,63.75
1.94,81.9,77.9,59.29,7.5,7.53,8,3.46,4.0,Good,INT0126,80.95
1.94,61.1,45.7,84.77,2.42,8.48,11,6.35,1.97,Average,INT0127,63.24
1.56,77.5,10.1,31.43,7.5,4.35,11,6.49,4.0,Average,INT0128,62.25
3.56,87.2,48.5,6.44,10.0,5.44,13,1.52,5.0,Excellent,INT0129,86.3
3.05,84.6,40.4,83.42,1.82,1.47,16,4.44,1.73,Good,INT0130,73.85
3.19,40.9,60.1,65.52,9.42,4.98,12,3.62,4.77,Good,INT0131,83.1
0.55,5.6,10.8,52.49,0.0,4.43,10,2.43,1.0,Fair,INT0132,53.85
3.79,93.2,85.6,91.59,5.75,9.08,10,1.35,3.3,Excellent,INT0133,93.27
0.87,54.6,92.3,65.52,6.6,5.91,9,3.25,3.64,Average,INT0134,65.99
0.03,14.8,1.0,24.38,0.0,0.26,12,6.76,1.0,Poor,INT0135,33.42
0.55,2.5,36.0,53.74,0.0,1.76,16,2.95,1.0,Fair,INT0136,44.75
0.53,45.6,30.8,42.03,4.68,0.83,11,4.3,2.87,Fair,INT0137,52.1
2.31,79.1,45.6,58.9,6.0,7.82,13,5.16,3.4,Average,INT0138,66.61
3.63,94.8,39.2,5.95,5.18,6.95,17,3.2,3.07,Good,INT0139,82.65
2.7,51.4,77.8,41.09,5.02,1.81,18,6.73,3.01,Fair,INT0140,52.74
1.32,29.0,5.4,90.23,2.0,7.0,13,6.99,1.8,Fair,INT0141,43.18
2.59,28.8,68.9,58.69,2.2,5.02,4,2.89,1.88,Good,INT0142,73.36
2.09,40.7,86.3,74.64,10.0,5.06,10,4.32,5.0,Good,INT0143,82.74
2.01,33.7,25.4,84.4,1.48,1.82,20,3.1,1.59,Good,INT0144,71.36
2.74,46.6,86.4,82.6,3.75,7.76,12,2.22,2.5,Good,INT0145,83.42
2.92,76.0,78.3,7.63,10.0,9.07,9,1.63,5.0,Excellent,INT0146,92.12
2.67,57.5,17.0,70.85,9.85,6.45,7,4.43,4.94,Good,INT0147,84.51
3.38,20.5,13.5,23.9,2.7,5.74,13,4.41,2.08,Average,INT0148,59.87
3.76,74.1,91.0,74.69,3.58,9.71,12,1.01,2.43,Excellent,INT0149,95.39
2.75,90.9,67.9,61.66,7.92,7.05,14,2.61,4.17,Good,INT0150,71.83
0.99,28.1,10.6,53.89,10.0,0.69,7,6.7,5.0,Average,INT0151,62.35
1.49,27.3,24.2,0.0,6.4,0.79,6,2.58,3.56,Average,INT0152,55.82
1.83,7.3,55.2,24.18,4.68,7.13,4,1.79,2.87,Average,INT0153,68.74
1.11,46.6,43.9,81.65,4.53,1.96,3,4.12,2.81,Fair,INT0154,48.83
1.9,47.6,33.4,62.99,5.45,4.56,10,6.96,3.18,Average,INT0155,64.23
3.56,64.6,80.6,59.51,1.67,5.53,11,2.23,1.67,Good,INT0156,70.24
1.99,18.5,55.9,50.21,2.0,1.56,12,5.18,1.8,Fair,INT0157,50.92
1.38,51.4,55.1,80.68,0.0,5.93,8,5.27,1.0,Fair,INT0158,47.99
2.81,11.2,85.5,62.43,8.52,9.15,11,2.62,4.41,Good,INT0159,84.95
2.36,22.7,44.1,36.75,10.0,5.98,14,4.87,5.0,Good,INT0160,70.71
0.95,39.3,40.4,80.68,9.52,5.59,5,3.26,4.81,Good,INT0161,70.34
1.5,49.8,60.1,97.29,8.15,6.79,4,4.69,4.26,Good,INT0162,75.15
3.11,97.6,55.6,83.74,8.75,7.53,10,4.6,4.5,Average,INT0163,69.65
0.34,25.6,63.8,89.15,0.0,1.26,6,4.23,1.0,Average,INT0164,62.94
3.84,96.1,57.8,66.83,8.65,6.9,23,3.92,4.46,Excellent,INT0165,95.14
0.17,44.2,8.4,63.61,0.0,3.25,8,6.48,1.0,Fair,INT0166,43.65
2.42,81.0,65.9,72.71,6.18,6.78,10,3.25,3.47,Good,INT0167,72.52
2.77,56.1,79.3,90.36,2.95,8.01,13,2.34,2.18,Good,INT0168,78.81
3.01,42.3,83.2,7.59,4.47,7.66,10,1.22,2.79,Good,INT0169,83.76
1.57,65.2,82.2,92.34,8.57,5.36,6,4.44,4.43,Average,INT0170,66.34
2.04,85.0,54.2,99.44,4.7,6.08,15,4.6,2.88,Good,INT0171,74.19
2.03,65.1,32.7,8.86,3.4,6.84,8,1.0,2.36,Average,INT0172,65.59
0.95,63.3,31.4,52.27,2.62,1.89,4,4.42,2.05,Average,INT0173,60.79
0.46,79.9,19.1,57.48,0.0,4.92,15,2.24,1.0,Average,INT0174,58.69
0.95,24.8,23.5,38.28,5.85,0.64,8,4.83,3.34,Fair,INT0175,47.96
0.21,11.8,12.0,56.55,4.65,3.38,8,1.82,2.86,Fair,INT0176,52.66
3.07,78.8,71.9,93.53,9.62,5.19,11,4.92,4.85,Good,INT0177,74.93
1.28,74.4,82.0,51.16,3.77,3.85,8,2.88,2.51,Average,INT0178,62.03
1.56,27.0,38.3,65.79,3.77,1.97,4,6.73,2.51,Average,INT0179,57.36
1.9,93.1,45.8,59.23,6.78,7.55,16,1.78,3.71,Good,INT0180,82.34
3.14,82.0,74.1,96.58,1.8,9.1,11,3.16,1.72,Good,INT0181,81.88
3.05,81.3,19.3,63.2,6.7,7.71,16,1.73,3.68,Good,INT0182,83.41
1.68,17.9,24.6,6.32,3.38,6.88,18,6.85,2.35,Fair,INT0183,53.18
1.94,45.8,82.0,98.62,3.25,6.15,5,6.51,2.3,Fair,INT0184,54.43
2.17,79.1,42.6,74.85,5.9,7.09,7,2.82,3.36,Good,INT0185,81.54
1.66,17.9,17.9,61.72,2.45,5.01,13,4.96,1.98,Average,INT0186,57.5
2.54,33.9,28.5,59.69,8.0,5.38,15,5.75,4.2,Average,INT0187,63.01
0.92,20.5,71.2,61.15,7.5,6.42,10,4.76,4.0,Good,INT0188,75.25
0.76,16.0,68.0,85.43,4.68,0.77,12,3.73,2.87,Average,INT0189,59.25
1.96,30.6,61.6,20.54,2.0,6.48,7,2.1,1.8,Fair,INT0190,54.91
3.11,92.2,47.4,52.57,8.3,5.61,12,1.48,4.32,Good,INT0191,76.8
2.72,37.9,19.9,80.41,2.5,2.73,6,6.49,2.0,Fair,INT0192,46.14
0.27,18.4,53.1,82.1,0.0,2.79,14,5.91,1.0,Poor,INT0193,39.65
3.69,65.0,79.5,83.26,7.5,8.99,10,5.02,4.0,Excellent,INT0194,85.35
0.57,25.0,32.1,48.22,0.0,0.35,12,3.09,1.0,Average,INT0195,60.99
3.56,53.1,83.0,55.6,6.8,4.23,9,3.08,3.72,Excellent,INT0196,96.92
3.15,58.1,21.9,76.68,4.68,7.38,14,3.92,2.87,Good,INT0197,70.12
0.97,52.3,64.5,66.83,7.12,0.47,10,6.4,3.85,Average,INT0198,62.36
0.95,49.4,50.6,89.85,2.0,4.0,12,5.98,1.8,Fair,INT0199,52.42
0.67,43.7,5.5,66.87,0.0,5.64,8,5.29,1.0,Average,INT0200,58.03
0.86,73.5,15.7,20.76,4.73,7.11,6,4.64,2.89,Average,INT0201,61.65
3.25,67.9,34.9,66.83,5.72,5.62,17,1.71,3.29,Average,INT0202,64.58
1.98,55.0,77.1,74.38,0.55,7.05,8,2.06,1.22,Good,INT0203,73.71
0.12,41.3,12.7,57.32,4.68,2.66,8,6.37,2.87,Fair,INT0204,44.36
1.89,34.6,27.9,93.39,3.6,0.47,7,4.71,2.44,Average,INT0205,59.92
0.98,29.0,37.0,7.29,0.0,5.93,13,1.12,1.0,Average,INT0206,62.56
3.22,86.6,80.5,66.83,5.38,9.47,12,1.42,3.15,Excellent,INT0207,96.77
1.9,15.1,32.2,48.92,5.68,3.23,8,4.58,3.27,Average,INT0208,55.34
1.03,5.5,38.7,9.28,2.0,2.06,8,1.43,1.8,Average,INT0209,61.66
2.53,74.5,63.3,59.61,8.3,7.97,13,2.06,4.32,Good,INT0210,79.9
2.56,55.9,85.1,34.34,7.5,9.44,13,4.49,4.0,Good,INT0211,84.11
0.09,14.6,16.1,52.37,0.8,2.83,9,5.11,1.32,Fair,INT0212,46.04
0.5,4.0,15.4,62.04,3.18,3.53,8,5.17,2.27,Fair,INT0213,42.81
2.69,41.1,46.2,67.27,5.2,2.26,5,2.43,3.08,Good,INT0214,76.93
3.05,59.4,94.3,91.66,10.0,7.71,17,4.82,5.0,Good,INT0215,82.64
2.94,92.5,66.8,28.36,7.35,8.77,11,2.81,3.94,Good,INT0216,80.19
2.94,59.2,91.0,66.83,8.22,8.75,14,2.76,4.29,Good,INT0217,77.46
0.34,15.1,20.8,71.97,2.65,4.66,10,5.12,2.06,Fair,INT0218,47.8
2.24,55.2,67.9,89.24,7.43,8.01,13,4.49,3.97,Average,INT0219,66.59
0.53,11.4,57.6,98.81,2.9,0.25,8,6.32,2.16,Fair,INT0220,45.2
3.38,67.3,39.3,61.99,4.68,6.2,18,5.15,2.87,Average,INT0221,68.47
2.98,48.8,53.4,57.88,4.68,8.09,17,4.61,2.87,Good,INT0222,80.61
3.32,91.8,82.0,81.09,7.5,9.57,19,1.98,4.0,Excellent,INT0223,100.0
1.04,82.7,30.2,68.2,2.1,6.54,10,3.06,1.84,Average,INT0224,62.31
1.07,29.3,44.4,66.83,0.0,1.78,7,2.65,1.0,Average,INT0225,57.38
2.9,67.2,60.6,71.2,4.95,8.85,10,2.58,2.98,Good,INT0226,74.1
2.86,29.9,56.7,61.4,6.57,8.36,8,7.0,3.63,Average,INT0227,61.02
2.61,68.0,97.3,53.5,7.4,8.05,16,3.17,3.96,Good,INT0228,77.93
0.13,21.5,14.2,76.78,5.93,0.65,11,6.81,3.37,Fair,INT0229,47.68
1.31,23.2,18.8,3.74,6.62,3.39,10,4.44,3.65,Average,INT0230,56.87
2.23,42.4,52.1,86.9,0.13,3.46,18,3.92,1.05,Average,INT0231,64.93
1.13,38.0,52.7,66.37,5.3,3.6,7,4.15,3.12,Average,INT0232,58.41
3.65,53.9,94.7,3.34,6.1,7.0,13,4.78,3.44,Excellent,INT0233,87.76
3.43,86.0,94.5,88.45,8.75,8.04,7,3.49,4.5,Good,INT0234,70.81
3.03,39.6,75.4,28.73,5.5,6.02,19,1.75,3.2,Excellent,INT0235,85.78
0.39,10.8,17.8,11.96,3.3,4.67,2,4.9,2.32,Fair,INT0236,52.28
1.95,50.6,9.3,55.91,5.22,8.18,12,2.77,3.09,Good,INT0237,80.96
3.42,89.9,38.4,3.33,0.0,4.52,7,1.25,1.0,Good,INT0238,78.44
2.52,27.9,56.9,91.83,7.5,5.29,11,5.28,4.0,Good,INT0239,76.7
1.87,35.9,12.4,64.76,4.75,5.61,7,2.03,2.9,Average,INT0240,60.79
0.64,27.6,6.0,44.04,2.95,3.0,13,6.21,2.18,Average,INT0241,57.45
0.54,29.5,21.4,89.64,1.65,0.53,8,6.43,1.66,Fair,INT0242,45.35
0.84,51.8,46.4,96.89,8.75,4.39,5,6.0,4.5,Average,INT0243,64.3
1.52,30.9,34.7,88.96,5.18,2.68,12,3.5,3.07,Good,INT0244,72.88
3.81,94.3,93.1,5.03,4.68,8.79,17,1.41,2.87,Good,INT0245,78.77
0.33,74.1,60.5,62.13,7.18,2.18,14,7.0,3.87,Good,INT0246,73.31
0.99,67.8,58.2,40.3,1.1,4.4,5,3.48,1.44,Average,INT0247,60.39
2.29,69.7,93.6,61.68,10.0,4.77,5,6.32,5.0,Average,INT0248,58.89
2.78,88.4,99.0,90.4,7.5,9.41,15,6.51,4.0,Good,INT0249,74.13
0.38,4.5,17.9,69.35,4.2,0.57,9,6.21,2.68,Poor,INT0250,37.4
2.49,39.9,60.8,61.59,6.5,6.39,9,3.23,3.6,Excellent,INT0251,86.54
1.04,28.2,37.2,66.83,0.03,4.39,9,2.91,1.01,Average,INT0252,55.26
2.9,37.4,76.3,91.21,4.68,1.54,13,5.73,2.87,Fair,INT0253,45.19
2.32,34.5,18.8,42.07,6.02,7.8,0,3.92,3.41,Average,INT0254,67.23
3.71,91.9,96.3,72.01,4.68,8.83,7,3.92,2.87,Excellent,INT0255,97.53
1.43,9.1,28.0,66.83,0.0,1.96,8,4.09,1.0,Fair,INT0256,49.12
1.04,27.0,38.2,53.51,0.88,2.29,20,6.93,1.35,Fair,INT0257,52.19
3.32,85.9,25.8,97.41,9.02,4.58,16,4.81,4.61,Average,INT0258,67.83
3.33,85.8,32.5,78.68,10.0,8.58,18,4.85,5.0,Good,INT0259,81.03
0.77,48.0,28.2,54.1,2.0,1.69,15,1.28,1.8,Average,INT0260,67.66
1.05,64.6,83.5,63.06,6.32,4.61,13,4.27,3.53,Good,INT0261,72.83
2.16,33.5,25.7,93.29,1.8,4.08,6,6.78,1.72,Average,INT0262,64.95
3.25,40.8,95.3,45.62,6.2,9.49,15,1.53,3.48,Excellent,INT0263,86.99
2.05,84.1,61.3,96.36,10.0,9.01,18,4.14,5.0,Excellent,INT0264,90.39
2.11,6.3,19.7,53.24,7.72,7.92,17,3.92,4.09,Average,INT0265,60.4
0.42,11.5,22.0,55.66,0.0,1.56,8,5.43,1.0,Poor,INT0266,34.07
1.94,37.9,57.6,79.84,2.2,7.2,10,5.34,1.88,Average,INT0267,59.19
1.57,23.0,38.3,67.7,3.48,6.24,8,5.07,2.39,Fair,INT0268,53.6
1.46,89.7,54.0,73.21,2.6,6.66,14,2.69,2.04,Average,INT0269,67.28
2.65,87.2,86.4,66.4,4.68,7.05,4,3.23,2.87,Average,INT0270,69.27
0.41,37.0,21.4,70.24,1.35,1.04,16,6.18,1.54,Fair,INT0271,49.57
1.21,20.8,29.2,91.13,3.82,8.05,6,5.43,2.53,Average,INT0272,59.18
1.86,90.3,27.4,79.67,7.5,5.15,9,6.15,4.0,Good,INT0273,73.16
2.83,62.2,78.5,99.87,0.37,6.08,10,3.92,1.15,Fair,INT0274,50.1
3.54,75.7,80.3,89.34,4.22,9.4,19,3.76,2.69,Excellent,INT0275,87.43
3.25,56.0,45.7,63.68,0.0,2.38,17,4.09,1.0,Average,INT0276,68.06
2.49,48.9,56.3,63.22,5.72,2.59,6,5.82,3.29,Average,INT0277,58.39
1.41,36.8,91.0,66.79,10.0,5.65,4,4.61,5.0,Good,INT0278,77.1
0.27,53.2,56.6,92.16,3.1,4.68,10,4.85,2.24,Average,INT0279,58.56
1.41,25.2,19.6,9.8,3.8,1.91,11,6.03,2.52,Fair,INT0280,44.52
0.56,7.8,22.5,27.5,1.6,5.32,4,6.16,1.64,Fair,INT0281,43.47
0.89,33.1,29.1,69.96,7.75,2.21,13,2.77,4.1,Good,INT0282,74.49
3.26,69.0,77.7,81.99,6.75,6.36,18,3.49,3.7,Excellent,INT0283,88.46
3.18,92.0,73.7,0.0,10.0,7.29,13,1.8,5.0,Excellent,INT0284,88.24
1.2,6.1,34.5,60.96,3.1,2.53,11,4.25,2.24,Fair,INT0285,48.52
1.94,52.7,43.5,0.14,0.57,6.59,16,1.59,1.23,Average,INT0286,68.62
3.23,24.3,84.8,94.69,1.78,7.02,19,3.98,1.71,Average,INT0287,69.64
1.22,9.2,23.7,62.81,0.47,4.4,8,4.11,1.19,Fair,INT0288,49.9
2.26,33.3,50.9,50.2,1.2,6.78,14,2.65,1.48,Good,INT0289,77.44
1.03,28.2,69.5,91.73,3.42,2.38,7,4.77,2.37,Average,INT0290,58.8
3.35,77.0,72.1,0.07,9.23,5.21,10,1.0,4.69,Excellent,INT0291,85.31
2.63,57.0,44.7,2.4,0.0,2.07,17,1.19,1.0,Average,INT0292,65.39
2.23,8.5,37.6,75.92,7.18,3.03,12,6.09,3.87,Fair,INT0293,47.45
1.9,48.9,84.9,57.92,6.28,7.13,12,3.2,3.51,Excellent,INT0294,89.14
2.82,47.5,71.5,66.3,4.35,7.08,11,1.87,2.74,Good,INT0295,79.46
3.49,85.8,92.5,57.83,4.68,7.84,15,4.18,2.87,Excellent,INT0296,85.64
2.44,61.2,59.7,85.44,10.0,4.18,11,5.32,5.0,Good,INT0297,76.56
1.27,53.9,80.4,76.97,5.6,9.44,6,2.2,3.24,Good,INT0298,74.23
0.19,5.8,17.1,68.51,0.0,0.54,6,4.77,1.0,Fair,INT0299,50.07
3.18,95.9,90.5,18.48,10.0,8.25,16,1.79,5.0,Excellent,INT0300,87.01
3.92,84.6,97.7,66.13,10.0,9.82,13,1.46,5.0,Excellent,INT0301,100.0
2.64,30.5,19.5,64.66,7.5,4.06,9,4.12,4.0,Good,INT0302,73.02
0.49,36.1,37.0,82.74,2.0,1.84,11,4.71,1.8,Fair,INT0303,50.93
1.77,50.7,78.7,52.01,9.48,7.48,11,4.43,4.79,Good,INT0304,74.55
0.89,16.7,61.6,80.48,2.08,1.02,4,5.07,1.83,Average,INT0305,55.53
1.87,7.1,66.6,85.86,2.25,7.26,7,6.7,1.9,Average,INT0306,64.18
2.22,48.5,66.4,68.44,10.0,7.14,9,3.83,5.0,Good,INT0307,79.91
1.97,34.7,88.0,60.77,6.35,5.19,8,3.07,3.54,Average,INT0308,62.92
1.53,91.7,48.2,76.88,10.0,3.33,10,5.31,5.0,Good,INT0309,74.35
3.27,96.2,31.5,91.66,2.6,4.53,15,2.3,2.04,Average,INT0310,69.28
3.48,85.9,79.7,66.18,7.5,8.59,23,3.42,4.0,Excellent,INT0311,87.04
1.87,27.1,84.4,62.62,4.82,9.09,10,1.65,2.93,Good,INT0312,70.75
3.7,96.2,73.9,1.01,7.02,9.38,13,1.53,3.81,Excellent,INT0313,92.23
1.51,8.7,5.4,76.31,4.53,2.64,11,7.0,2.81,Fair,INT0314,43.63
1.01,32.9,11.5,67.96,4.6,5.55,9,5.7,2.84,Average,INT0315,59.05
0.57,17.2,49.0,14.07,2.82,8.05,12,5.25,2.13,Average,INT0316,55.72
3.21,43.8,20.3,89.08,4.28,4.53,14,2.98,2.71,Good,INT0317,71.14
1.65,32.3,56.4,84.96,0.0,7.65,5,1.85,1.0,Average,INT0318,67.25
3.54,49.8,69.3,56.43,9.05,7.12,14,2.25,4.62,Good,INT0319,80.1
2.17,29.5,26.9,99.25,0.0,2.94,12,2.46,1.0,Good,INT0320,74.15
2.66,84.2,37.6,80.4,7.52,6.4,6,3.95,4.01,Good,INT0321,71.83
0.85,28.1,35.7,0.0,4.53,2.71,9,5.23,2.81,Average,INT0322,55.53
3.65,82.7,61.4,69.11,9.05,8.81,12,4.66,4.62,Good,INT0323,80.73
2.6,6.8,41.3,94.93,0.0,0.62,19,2.57,1.0,Average,INT0324,56.25
1.65,43.5,34.4,62.2,1.5,2.57,9,6.72,1.6,Poor,INT0325,35.67
0.52,19.2,50.0,64.29,0.0,2.06,13,5.28,1.0,Fair,INT0326,50.89
1.62,42.7,43.8,56.12,3.65,1.05,7,4.77,2.46,Average,INT0327,58.22
1.27,43.7,45.4,87.96,4.68,1.54,15,4.73,2.87,Average,INT0328,62.15
0.83,23.8,15.5,79.78,4.42,2.76,10,3.86,2.77,Average,INT0329,67.59
3.03,37.7,82.8,80.45,7.5,6.59,19,2.75,4.0,Excellent,INT0330,89.55
3.56,96.7,85.9,60.92,6.62,6.86,9,3.3,3.65,Good,INT0331,74.7
2.51,69.8,45.8,57.72,9.8,1.67,16,5.55,4.92,Average,INT0332,63.48
1.36,61.5,33.8,2.6,2.0,4.27,10,1.0,1.8,Average,INT0333,67.15
3.19,91.6,96.2,66.83,6.45,4.44,14,1.81,3.58,Good,INT0334,84.1
2.56,65.3,25.8,1.77,0.0,2.27,13,1.14,1.0,Good,INT0335,73.74
2.32,89.3,77.4,0.29,9.88,5.54,12,1.0,4.95,Excellent,INT0336,88.64
0.29,9.8,39.8,61.55,0.0,0.75,10,6.07,1.0,Fair,INT0337,46.52
1.49,48.3,24.9,27.09,0.0,3.17,8,5.46,1.0,Fair,INT0338,53.19
2.18,40.2,50.7,77.56,5.5,4.19,5,4.31,3.2,Average,INT0339,62.61
3.23,87.2,85.1,98.48,8.1,7.26,13,1.46,4.24,Excellent,INT0340,100.0
1.01,17.0,18.0,99.06,3.28,0.71,15,3.99,2.31,Average,INT0341,59.62
2.01,29.5,79.4,64.09,0.65,2.09,7,4.19,1.26,Good,INT0342,71.53
3.0,50.7,38.0,46.74,3.42,6.98,15,1.87,2.37,Average,INT0343,62.71
1.52,59.7,98.3,53.15,9.05,8.81,13,3.24,4.62,Good,INT0344,75.38
3.7,61.0,84.4,93.67,10.0,9.79,19,3.17,5.0,Excellent,INT0345,92.46
0.36,12.1,53.6,78.43,3.85,1.08,12,5.1,2.54,Average,INT0346,60.35
0.57,23.7,46.4,69.26,6.88,6.16,14,4.47,3.75,Average,INT0347,59.78
3.38,94.2,86.5,9.09,10.0,9.12,9,1.1,5.0,Excellent,INT0348,92.66
3.29,55.9,82.8,66.83,2.7,2.95,8,3.21,2.08,Good,INT0349,79.05
2.74,88.4,22.6,76.51,0.0,4.9,8,5.11,1.0,Average,INT0350,65.53
1.28,61.9,60.7,64.15,7.78,4.49,19,4.46,4.11,Average,INT0351,64.49
0.74,40.2,34.3,66.83,1.9,5.64,5,6.07,1.76,Average,INT0352,63.74
0.13,14.7,11.8,33.4,0.57,2.08,5,5.38,1.23,Fair,INT0353,46.39
3.45,85.4,79.7,80.09,7.7,8.92,12,1.64,4.08,Excellent,INT0354,93.69
3.07,89.0,59.5,96.5,3.85,7.79,10,1.08,2.54,Good,INT0355,84.07
1.16,36.0,8.4,92.83,0.0,6.72,11,5.3,1.0,Average,INT0356,56.42
1.81,74.1,87.5,0.08,5.35,8.28,14,1.17,3.14,Excellent,INT0357,91.55
1.58,42.4,41.2,66.83,3.28,3.81,4,4.2,2.31,Average,INT0358,61.01
0.71,14.4,8.7,71.16,0.0,0.79,7,6.63,1.0,Fair,INT0359,40.36
3.01,21.0,63.3,62.62,8.35,3.93,8,4.73,4.34,Average,INT0360,64.06
2.21,88.7,88.8,99.17,7.5,5.94,8,3.66,4.0,Excellent,INT0361,95.43
1.83,25.5,54.0,65.19,8.38,3.78,16,5.22,4.35,Good,INT0362,72.55
2.61,91.5,98.9,66.19,9.07,9.76,14,3.82,4.63,Good,INT0363,79.58
2.74,75.3,83.9,99.48,8.17,2.57,9,4.64,4.27,Good,INT0364,84.79
0.07,25.3,56.2,56.7,0.0,0.8,8,6.66,1.0,Poor,INT0365,27.63
3.6,38.0,52.7,53.31,3.3,7.25,15,3.43,2.32,Average,INT0366,66.08
1.78,71.0,51.5,96.79,3.18,6.85,10,7.0,2.27,Average,INT0367,69.86
0.65,38.7,6.8,75.59,1.17,2.63,7,6.36,1.47,Fair,INT0368,52.87
3.58,61.3,55.3,50.13,3.53,9.26,15,1.74,2.41,Good,INT0369,75.99
3.42,77.6,69.4,6.28,5.58,8.65,24,1.27,3.23,Excellent,INT0370,86.0
2.63,30.5,97.2,55.58,3.15,8.33,8,1.72,2.26,Good,INT0371,71.69
3.57,76.6,82.0,7.36,10.0,9.73,14,1.0,5.0,Excellent,INT0372,96.1
2.66,73.0,78.8,65.68,4.53,9.64,16,1.22,2.81,Excellent,INT0373,87.78
1.37,20.5,15.6,71.94,8.65,4.82,10,4.89,4.46,Average,INT0374,59.94
3.96,98.1,93.6,48.91,10.0,9.39,15,1.0,5.0,Excellent,INT0375,98.94
3.67,54.5,62.8,77.84,0.0,7.88,13,3.15,1.0,Good,INT0376,75.69
0.62,16.6,36.0,66.83,1.27,1.67,10,5.83,1.51,Fair,INT0377,42.61
1.67,71.8,17.9,1.52,4.62,6.71,6,1.0,2.85,Excellent,INT0378,90.54
3.35,75.2,63.3,65.42,10.0,2.1,8,6.09,5.0,Average,INT0379,67.07
1.86,80.7,24.2,65.42,2.77,6.99,14,3.03,2.11,Excellent,INT0380,86.25
2.09,90.9,66.5,78.3,7.38,9.05,12,1.23,3.95,Excellent,INT0381,87.63
1.91,48.2,50.5,65.03,2.08,2.74,17,4.91,1.83,Average,INT0382,63.56
1.93,17.1,10.4,8.59,0.05,0.66,5,5.22,1.02,Fair,INT0383,54.68
3.23,36.8,31.6,68.06,6.12,7.12,7,6.15,3.45,Good,INT0384,73.53
1.37,74.6,70.4,81.13,10.0,7.54,12,5.85,5.0,Good,INT0385,76.56
0.18,46.9,59.6,61.54,0.0,0.55,8,5.59,1.0,Fair,INT0386,40.08
0.67,21.3,56.7,96.02,5.3,5.15,8,2.41,3.12,Average,INT0387,62.74
3.75,58.7,76.8,78.75,7.25,9.09,14,1.77,3.9,Excellent,INT0388,100.0
2.96,80.0,69.1,96.0,3.68,8.8,16,5.09,2.47,Good,INT0389,78.09
2.2,64.6,30.8,52.32,7.5,2.69,5,6.24,4.0,Good,INT0390,71.44
1.54,68.8,48.2,67.13,6.38,1.76,8,7.0,3.55,Average,INT0391,67.61
1.91,69.4,59.6,51.14,4.68,8.05,5,3.93,2.87,Average,INT0392,68.61
2.69,83.1,17.4,63.61,3.97,3.09,11,3.58,2.59,Good,INT0393,74.37
1.66,87.3,80.9,93.1,9.45,4.42,16,6.01,4.78,Average,INT0394,68.34
1.48,63.3,55.9,51.83,2.5,3.13,8,3.2,2.0,Fair,INT0395,48.54
1.55,70.7,83.8,71.81,2.45,8.21,19,6.91,1.98,Average,INT0396,66.75
1.87,14.5,26.7,55.88,0.05,1.56,9,5.86,1.02,Fair,INT0397,54.57
2.93,64.4,70.5,70.84,8.48,4.73,12,3.46,4.39,Good,INT0398,75.2
2.25,61.7,24.1,91.94,2.52,6.83,13,5.65,2.01,Average,INT0399,66.46
2.17,35.5,37.7,81.15,6.92,5.62,8,5.9,3.77,Average,INT0400,65.61
1.04,57.2,67.5,86.84,3.73,6.32,13,1.78,2.49,Good,INT0401,74.15
0.32,55.5,12.9,1.04,0.28,1.88,18,6.76,1.11,Fair,INT0402,45.88
1.34,23.9,50.4,66.83,5.6,4.32,16,4.0,3.24,Average,INT0403,55.49
0.16,28.4,20.4,52.26,1.45,0.38,6,6.18,1.58,Fair,INT0404,44.68
3.45,91.0,78.7,71.09,7.5,8.91,11,3.4,4.0,Excellent,INT0405,94.21
0.24,4.5,39.2,71.32,0.0,3.28,9,6.02,1.0,Poor,INT0406,36.49
2.85,21.1,38.3,95.93,0.2,1.73,7,3.77,1.08,Average,INT0407,65.01
3.42,44.9,81.6,9.12,0.9,6.71,15,1.09,1.36,Good,INT0408,84.2
1.55,31.6,6.0,85.32,4.68,1.61,12,6.57,2.87,Average,INT0409,63.85
1.41,29.6,46.2,70.85,5.55,2.43,16,1.93,3.22,Average,INT0410,65.47
1.48,29.5,36.2,61.18,4.68,8.58,15,2.83,2.87,Good,INT0411,78.35
0.85,4.0,47.1,86.18,2.85,0.97,6,6.62,2.14,Average,INT0412,65.83
0.95,22.7,5.0,46.76,0.0,0.58,8,6.73,1.0,Fair,INT0413,47.76
2.93,44.1,60.3,75.07,0.37,6.7,17,3.96,1.15,Average,INT0414,61.18
2.49,46.1,13.0,54.83,4.38,4.78,10,4.79,2.75,Good,INT0415,78.44
1.14,38.8,75.7,60.41,7.5,7.85,8,3.48,4.0,Good,INT0416,74.0
2.47,83.2,81.2,89.7,1.98,8.38,9,3.19,1.79,Excellent,INT0417,87.43
2.28,73.0,71.4,66.5,0.0,7.28,9,2.56,1.0,Average,INT0418,65.72
0.42,40.9,33.3,94.56,4.68,1.67,7,3.92,2.87,Average,INT0419,67.78
3.49,28.8,31.3,66.07,3.1,6.77,7,5.96,2.24,Average,INT0420,61.87
1.24,21.9,17.2,70.3,5.88,2.7,9,6.15,3.35,Fair,INT0421,48.71
0.61,50.3,32.8,90.42,3.97,2.16,8,5.94,2.59,Average,INT0422,58.5
1.65,65.2,76.2,79.76,5.5,3.44,9,1.64,3.2,Good,INT0423,81.25
1.74,26.6,34.5,13.64,0.78,2.96,8,3.75,1.31,Average,INT0424,62.62
2.8,79.4,61.8,96.33,9.8,9.17,18,1.22,4.92,Excellent,INT0425,100.0
1.84,45.0,93.3,76.8,4.68,5.39,16,3.92,2.87,Good,INT0426,80.96
1.7,36.0,66.4,75.75,7.22,4.59,16,3.94,3.89,Average,INT0427,67.0
2.83,27.7,48.7,7.48,7.5,8.17,7,6.15,4.0,Average,INT0428,65.44
0.81,35.9,24.7,0.0,0.0,4.88,6,3.28,1.0,Fair,INT0429,51.6
3.61,81.9,77.3,50.37,10.0,8.79,3,1.56,5.0,Good,INT0430,80.71
2.28,37.3,32.4,95.66,3.53,4.08,10,1.82,2.41,Average,INT0431,66.58
0.77,26.7,18.3,70.42,0.0,1.75,8,5.63,1.0,Fair,INT0432,44.42
2.7,54.1,71.6,73.43,10.0,4.5,8,5.01,5.0,Average,INT0433,66.16
1.23,28.4,84.9,92.27,0.0,1.8,13,1.32,1.0,Good,INT0434,78.82
3.08,90.6,52.2,80.46,10.0,9.19,16,1.4,5.0,Excellent,INT0435,100.0
0.79,23.3,67.0,80.48,3.12,5.99,18,4.84,2.25,Average,INT0436,61.5
0.96,89.3,41.8,3.23,2.38,4.13,10,1.02,1.95,Average,INT0437,65.93
0.85,58.5,41.4,91.7,4.68,2.14,5,6.03,2.87,Average,INT0438,65.66
0.3,20.8,53.3,66.83,8.55,0.98,8,4.93,4.42,Fair,INT0439,49.97
1.62,80.1,5.2,52.66,5.45,4.99,11,1.05,3.18,Average,INT0440,65.0
3.35,90.3,85.7,59.58,6.42,4.39,22,1.91,3.57,Good,INT0441,84.26
3.17,17.2,77.6,63.39,5.1,2.5,11,6.95,3.04,Average,INT0442,62.45
1.35,64.0,49.0,64.12,6.02,9.12,10,2.88,3.41,Good,INT0443,77.19
3.11,89.8,60.9,83.53,10.0,7.61,15,2.77,5.0,Excellent,INT0444,91.12
0.23,21.8,52.5,60.89,4.68,0.63,5,5.5,2.87,Fair,INT0445,41.71
2.06,31.1,8.0,83.83,9.15,4.3,14,6.65,4.66,Good,INT0446,70.34
0.85,24.7,38.8,54.56,7.95,1.89,13,7.0,4.18,Fair,INT0447,44.28
0.83,25.1,63.6,22.49,4.68,3.68,10,5.66,2.87,Average,INT0448,60.76
3.03,81.7,69.8,75.44,6.75,7.87,9,2.9,3.7,Average,INT0449,66.09
3.87,70.5,93.7,96.09,10.0,6.83,14,1.63,5.0,Excellent,INT0450,100.0
2.44,49.9,52.2,92.98,4.8,7.64,15,5.56,2.92,Good,INT0451,75.21
3.18,51.5,90.2,98.44,10.0,7.89,10,4.31,5.0,Excellent,INT0452,94.05
3.68,72.4,73.4,82.52,7.5,8.47,13,3.85,4.0,Good,INT0453,83.29
3.4,88.9,72.2,7.99,6.52,9.76,12,6.27,3.61,Good,INT0454,78.85
3.36,88.4,82.7,52.78,4.68,5.73,13,1.32,2.87,Excellent,INT0455,93.02
1.5,41.1,15.0,81.14,0.0,6.33,10,4.33,1.0,Average,INT0456,65.9
3.11,81.8,72.7,8.93,2.03,8.19,11,1.0,1.81,Average,INT0457,65.44
1.5,66.5,3.5,77.19,7.7,2.06,16,3.6,4.08,Average,INT0458,64.1
2.81,46.6,58.4,69.3,4.68,3.24,8,1.55,2.87,Average,INT0459,64.26
3.59,75.7,78.6,72.13,0.25,6.26,13,3.92,1.1,Good,INT0460,81.44
3.26,62.9,50.2,76.18,9.05,5.72,15,2.01,4.62,Good,INT0461,80.28
0.55,34.7,7.7,56.42,7.25,2.33,13,4.58,3.9,Average,INT0462,55.05
2.46,16.6,30.4,67.97,4.75,6.16,4,5.33,2.9,Good,INT0463,73.48
1.8,77.4,54.9,53.17,10.0,2.83,8,4.13,5.0,Good,INT0464,74.97
2.4,35.0,23.1,63.22,3.63,3.04,14,6.81,2.45,Fair,INT0465,49.63
1.67,14.7,15.1,55.93,5.7,6.99,8,3.04,3.28,Average,INT0466,62.84
2.23,24.1,44.9,30.66,6.25,5.18,8,2.9,3.5,Average,INT0467,64.59
2.23,59.8,56.6,94.56,3.1,6.22,10,5.71,2.24,Fair,INT0468,52.72
3.46,80.7,86.2,74.14,5.48,7.64,6,1.9,3.19,Excellent,INT0469,86.29
0.56,29.1,8.5,29.94,4.75,0.17,10,6.71,2.9,Fair,INT0470,53.32
3.34,70.4,78.2,6.54,7.72,8.6,13,1.53,4.09,Good,INT0471,83.77
1.68,69.1,58.9,55.79,10.0,5.19,13,7.0,5.0,Average,INT0472,59.94
3.63,75.8,83.3,6.72,7.5,7.98,13,1.75,4.0,Excellent,INT0473,87.14
0.36,51.6,15.9,52.6,2.0,1.9,10,6.27,1.8,Poor,INT0474,30.65
2.37,79.0,92.1,47.12,6.65,5.43,11,3.72,3.66,Good,INT0475,74.06
0.91,10.1,36.1,90.33,1.85,4.2,13,6.77,1.74,Average,INT0476,57.61
2.14,96.4,54.0,79.3,6.95,9.36,19,1.62,3.78,Good,INT0477,78.08
1.55,33.7,7.4,80.32,2.5,2.48,11,3.96,2.0,Fair,INT0478,49.51
0.42,24.7,24.0,60.03,4.38,4.62,13,6.62,2.75,Fair,INT0479,45.08
3.42,81.2,30.0,67.19,0.0,8.97,11,3.7,1.0,Average,INT0480,60.49
1.91,18.3,35.0,6.08,0.03,1.78,7,4.75,1.01,Average,INT0481,61.45
2.42,15.8,65.3,66.83,8.95,7.01,16,4.88,4.58,Average,INT0482,58.98
3.24,79.7,92.8,92.9,9.7,6.85,15,3.32,4.88,Excellent,INT0483,88.52
0.92,71.6,10.8,74.18,0.0,1.73,2,4.68,1.0,Average,INT0484,56.5
0.45,33.3,29.5,91.86,0.0,2.02,11,4.36,1.0,Fair,INT0485,51.73
3.23,83.1,45.5,65.9,10.0,8.37,9,6.45,5.0,Average,INT0486,67.32
1.24,62.3,33.2,0.05,2.0,2.04,7,1.52,1.8,Average,INT0487,61.27
3.87,89.7,89.0,87.58,4.38,5.96,12,2.3,2.75,Excellent,INT0488,97.09
2.11,53.7,27.5,89.25,3.77,0.77,11,6.99,2.51,Average,INT0489,58.54
0.5,52.0,55.8,3.17,7.22,2.76,18,5.87,3.89,Fair,INT0490,40.87
2.57,52.8,82.3,66.83,1.98,3.62,14,3.67,1.79,Average,INT0491,62.47
0.6,13.9,71.3,54.22,4.1,0.25,12,4.81,2.64,Fair,INT0492,40.62
0.47,32.2,30.8,53.43,6.35,0.92,12,3.12,3.54,Average,INT0493,56.53
1.82,8.2,38.7,42.71,3.38,5.4,13,2.2,2.35,Average,INT0494,64.24
3.06,70.6,37.1,25.56,5.62,7.98,11,3.92,3.25,Good,INT0495,79.17
1.78,71.7,40.6,98.04,2.0,4.42,9,3.14,1.8,Average,INT0496,63.92
0.83,30.7,48.1,32.33,4.68,4.23,10,4.4,2.87,Average,INT0497,67.16
2.26,67.3,78.5,51.26,7.9,7.84,8,1.45,4.16,Good,INT0498,76.05
1.23,7.5,18.6,80.14,4.98,0.37,16,6.55,2.99,Fair,INT0499,45.46
0.02,0.5,2.5,64.48,2.35,0.32,9,6.92,1.94,Poor,INT0500,29.47
1.67,72.2,20.4,71.65,0.0,2.12,5,4.84,1.0,Fair,INT0501,46.69
1.06,25.1,81.8,51.0,4.28,4.54,8,4.46,2.71,Fair,INT0502,50.05
1.32,32.4,26.5,53.23,9.4,3.25,5,2.95,4.76,Good,INT0503,71.47
0.48,44.3,53.3,16.72,0.68,0.57,10,5.46,1.27,Average,INT0504,55.16
1.54,50.1,39.3,36.85,9.98,2.84,4,5.5,4.99,Good,INT0505,75.5
2.8,61.0,34.3,51.34,6.32,7.83,9,2.1,3.53,Good,INT0506,74.58
2.29,70.8,23.2,82.28,4.02,6.52,9,6.29,2.61,Fair,INT0507,51.2
2.05,11.9,17.9,59.26,7.12,5.4,11,5.49,3.85,Fair,INT0508,51.66
2.22,28.5,42.7,60.31,4.62,5.2,4,6.83,2.85,Average,INT0509,59.33
1.64,57.3,13.0,3.56,4.73,2.77,21,5.22,2.89,Fair,INT0510,49.08
0.15,4.1,37.1,58.95,5.22,0.44,6,5.09,3.09,Fair,INT0511,41.94
2.7,32.3,50.1,82.86,9.55,3.51,19,3.04,4.82,Good,INT0512,73.96
1.39,28.8,47.1,99.72,7.28,0.71,11,6.14,3.91,Fair,INT0513,52.13
0.51,27.2,42.7,82.61,0.0,5.26,8,6.65,1.0,Fair,INT0514,51.99
2.53,91.9,96.7,9.85,5.98,8.1,8,1.73,3.39,Excellent,INT0515,88.82
1.2,37.9,57.8,8.78,6.95,3.06,5,1.0,3.78,Good,INT0516,78.62
2.8,13.8,68.2,26.57,5.7,8.76,14,3.48,3.28,Good,INT0517,73.62
2.09,68.2,15.7,95.55,0.45,4.84,10,5.58,1.18,Good,INT0518,70.63
1.32,32.0,60.1,98.45,6.9,7.85,23,7.0,3.76,Average,INT0519,65.97
3.77,74.7,94.2,66.83,4.68,8.07,6,2.27,2.87,Good,INT0520,81.17
1.03,3.7,32.4,42.38,4.68,1.33,10,4.16,2.87,Average,INT0521,58.72
3.41,81.9,95.2,88.51,1.8,7.18,8,3.03,1.72,Good,INT0522,81.93
2.81,69.5,73.1,56.62,7.5,7.31,8,6.34,4.0,Average,INT0523,64.86
0.63,41.5,23.5,7.32,6.32,2.82,7,5.59,3.53,Average,INT0524,59.34
2.5,59.8,64.2,90.95,4.68,8.03,11,5.56,2.87,Average,INT0525,58.58
2.64,11.8,17.3,56.25,2.65,7.31,11,4.11,2.06,Good,INT0526,71.96
2.99,61.2,60.3,98.84,7.82,8.81,17,3.29,4.13,Good,INT0527,78.6
0.69,33.3,17.4,99.28,2.7,2.06,14,2.63,2.08,Average,INT0528,63.15
3.71,81.8,88.5,96.84,6.42,7.31,7,1.63,3.57,Excellent,INT0529,100.0
0.31,15.5,20.6,74.8,4.3,4.45,10,6.18,2.72,Poor,INT0530,34.37
2.71,50.1,75.2,62.3,4.98,0.81,9,5.81,2.99,Average,INT0531,66.9
1.0,58.5,33.0,79.1,7.1,3.2,11,6.51,3.84,Average,INT0532,64.88
3.12,14.9,20.7,32.39,7.5,4.7,14,7.0,4.0,Average,INT0533,67.19
0.13,20.2,61.9,60.3,2.0,1.35,8,3.95,1.8,Fair,INT0534,43.65
1.23,46.6,1.8,71.18,9.98,2.93,10,5.87,4.99,Average,INT0535,66.83
2.27,13.6,31.2,45.35,1.78,3.76,11,6.43,1.71,Fair,INT0536,48.91
0.18,9.6,16.7,66.83,2.8,0.67,7,6.27,2.12,Fair,INT0537,40.76
1.61,56.0,44.7,6.68,0.0,6.58,11,2.63,1.0,Average,INT0538,55.68
0.55,20.9,34.2,50.89,5.12,3.19,5,3.82,3.05,Average,INT0539,65.65
1.74,73.1,60.2,87.47,4.3,5.36,14,1.54,2.72,Good,INT0540,78.71
0.33,9.2,16.9,82.03,0.0,0.39,5,3.92,1.0,Fair,INT0541,44.52
0.51,26.9,21.7,53.13,10.0,3.15,17,5.0,5.0,Average,INT0542,63.66
3.55,69.1,54.3,76.51,9.38,9.83,16,1.88,4.75,Excellent,INT0543,95.9
2.1,48.0,41.4,12.25,5.18,2.52,13,4.71,3.07,Average,INT0544,64.18
2.84,74.9,44.1,54.17,6.55,9.26,16,4.82,3.62,Good,INT0545,84.79
1.28,29.8,33.7,67.9,1.6,1.65,11,3.47,1.64,Good,INT0546,71.08
3.86,93.9,96.2,89.39,7.5,7.86,20,1.54,4.0,Excellent,INT0547,99.04
2.54,76.4,83.6,51.71,4.68,3.47,9,5.18,2.87,Good,INT0548,74.08
1.03,31.7,76.1,95.32,0.47,6.99,9,4.18,1.19,Average,INT0549,60.82
0.66,24.1,66.3,64.77,4.68,4.1,4,5.19,2.87,Average,INT0550,56.45
1.19,31.7,51.5,78.07,1.85,7.87,6,4.24,1.74,Average,INT0551,64.81
2.06,11.2,68.3,74.1,1.53,3.27,9,6.42,1.61,Average,INT0552,57.71
2.03,85.9,55.3,16.52,7.75,4.37,22,4.8,4.1,Average,INT0553,62.52
3.59,70.6,96.6,78.1,3.32,7.3,16,3.9,2.33,Good,INT0554,72.45
1.14,19.4,18.0,70.47,7.0,8.12,10,6.42,3.8,Average,INT0555,59.91
1.52,30.7,73.5,88.64,9.1,3.08,7,3.33,4.64,Good,INT0556,74.86
2.11,26.1,12.2,70.19,2.0,2.39,4,1.31,1.8,Average,INT0557,63.63
3.12,71.3,89.9,8.95,8.08,6.52,22,1.28,4.23,Excellent,INT0558,100.0
0.36,30.4,1.9,55.07,0.6,1.55,5,5.15,1.24,Fair,INT0559,42.85
0.89,24.6,22.8,56.65,7.22,2.66,15,4.6,3.89,Good,INT0560,76.48
0.28,3.2,4.3,28.11,4.68,4.87,9,4.98,2.87,Poor,INT0561,39.89
3.61,85.3,79.7,52.28,10.0,7.84,11,2.14,5.0,Good,INT0562,83.62
1.05,38.7,51.8,77.07,0.4,5.15,10,1.81,1.16,Average,INT0563,62.05
3.0,52.9,95.3,6.59,0.0,6.9,10,1.0,1.0,Good,INT0564,78.73
0.27,51.8,36.8,80.52,4.47,3.75,12,3.15,2.79,Fair,INT0565,53.56
2.31,70.6,82.0,78.75,6.55,7.03,13,4.28,3.62,Good,INT0566,73.45
3.28,81.3,82.4,66.83,3.5,8.33,11,3.49,2.4,Excellent,INT0567,92.07
2.6,9.4,49.6,66.98,1.85,4.16,6,3.97,1.74,Average,INT0568,59.71
1.52,23.9,64.9,68.1,10.0,4.22,15,6.14,5.0,Good,INT0569,71.35
3.11,47.2,85.1,65.71,3.4,4.0,17,3.1,2.36,Good,INT0570,75.3
2.84,24.4,23.2,85.61,5.8,6.85,10,4.23,3.32,Good,INT0571,78.09
1.48,59.2,6.9,58.08,3.45,5.25,8,5.76,2.38,Average,INT0572,69.88
1.12,8.7,49.1,0.0,6.98,0.72,9,3.25,3.79,Average,INT0573,57.46
0.86,15.0,4.1,79.81,7.55,1.46,5,4.87,4.02,Average,INT0574,55.08
1.65,67.1,90.4,97.12,6.55,9.18,15,5.7,3.62,Good,INT0575,79.83
1.3,41.9,29.7,7.87,7.5,3.9,12,6.57,4.0,Good,INT0576,74.47
3.93,95.3,77.1,89.15,10.0,8.9,14,1.91,5.0,Excellent,INT0577,97.39
3.08,58.5,97.3,57.67,10.0,3.05,10,6.08,5.0,Average,INT0578,68.51
0.97,17.2,30.2,44.54,0.0,1.86,10,3.96,1.0,Average,INT0579,55.96
3.58,95.6,80.7,65.56,10.0,6.64,13,2.7,5.0,Excellent,INT0580,93.05
1.32,19.2,45.4,91.21,1.6,3.34,10,4.01,1.64,Average,INT0581,69.14
2.43,76.5,66.5,61.24,4.68,4.53,7,6.49,2.87,Good,INT0582,72.98
1.3,36.9,74.3,66.81,4.22,3.6,5,4.45,2.69,Average,INT0583,66.81
3.17,48.7,18.3,61.19,5.05,3.1,7,3.08,3.02,Good,INT0584,75.39
3.33,56.2,71.9,72.61,2.8,8.72,16,4.66,2.12,Average,INT0585,68.28
3.58,83.5,71.7,94.25,0.0,6.65,7,2.19,1.0,Good,INT0586,73.79
0.61,21.5,14.2,67.26,4.75,1.71,9,1.53,2.9,Average,INT0587,63.43
2.53,80.5,77.6,36.65,3.95,7.47,13,2.15,2.58,Excellent,INT0588,94.26
3.57,97.6,49.5,93.02,7.5,8.9,14,1.79,4.0,Excellent,INT0589,99.27
2.81,85.6,84.2,75.77,0.9,7.71,9,2.07,1.36,Average,INT0590,66.66
1.15,84.3,56.0,0.0,9.78,8.25,15,1.69,4.91,Excellent,INT0591,86.51
2.77,26.8,44.4,93.04,10.0,7.67,12,4.74,5.0,Good,INT0592,71.0
3.66,48.5,70.2,34.73,1.6,9.72,11,1.88,1.64,Good,INT0593,70.97
1.65,35.9,28.9,84.08,0.05,0.77,12,3.28,1.02,Average,INT0594,68.26
0.8,51.7,65.1,54.28,6.1,3.85,17,6.24,3.44,Average,INT0595,66.89
1.34,37.9,23.5,58.93,6.5,3.79,9,3.53,3.6,Good,INT0596,71.43
1.69,22.7,29.0,70.22,7.48,8.15,11,3.92,3.99,Average,INT0597,63.72
3.3,94.9,75.8,47.29,5.6,8.47,20,2.38,3.24,Good,INT0598,84.94
2.36,65.7,23.1,98.29,2.0,1.13,17,2.39,1.8,Average,INT0599,65.46
2.63,76.1,56.6,3.45,2.25,6.31,15,1.08,1.9,Good,INT0600,82.81
3.24,49.4,39.7,92.56,0.0,6.65,6,2.42,1.0,Good,INT0601,70.24
0.66,25.5,11.5,65.78,4.07,5.51,15,2.24,2.63,Average,INT0602,63.82
3.76,96.4,93.6,98.2,4.12,8.34,9,1.61,2.65,Excellent,INT0603,93.56
3.27,80.3,96.1,51.66,4.12,8.8,13,1.16,2.65,Excellent,INT0604,97.86
1.66,30.1,46.2,37.3,6.05,3.77,11,1.34,3.42,Average,INT0605,69.14
2.59,25.6,43.8,85.08,1.57,3.05,15,3.35,1.63,Average,INT0606,61.39
3.55,63.7,69.6,50.83,10.0,8.05,18,2.4,5.0,Good,INT0607,78.29
3.72,88.9,62.6,57.31,10.0,7.95,6,3.29,5.0,Good,INT0608,82.69
2.44,19.0,79.3,91.48,4.98,7.52,4,4.17,2.99,Good,INT0609,81.49
2.69,79.8,68.4,6.2,7.5,6.84,5,5.33,4.0,Good,INT0610,75.02
2.43,47.5,13.6,8.94,4.88,7.71,15,1.5,2.95,Good,INT0611,84.87
0.71,45.3,79.2,1.15,7.02,2.34,22,5.51,3.81,Average,INT0612,66.37
1.34,13.4,37.9,95.26,2.0,4.2,6,4.89,1.8,Fair,INT0613,52.57
2.74,67.8,82.2,81.58,0.97,5.47,8,1.57,1.39,Good,INT0614,79.08
1.15,17.9,1.6,69.91,1.4,4.18,11,6.68,1.56,Average,INT0615,55.19
0.86,10.2,17.3,56.02,2.62,1.87,6,6.26,2.05,Fair,INT0616,51.26
3.15,83.8,95.2,64.69,6.8,9.13,16,1.0,3.72,Excellent,INT0617,96.01
3.1,96.1,89.2,98.92,10.0,9.34,12,2.81,5.0,Excellent,INT0618,94.57
0.99,9.5,13.9,71.87,4.68,0.12,3,6.08,2.87,Poor,INT0619,37.97
1.32,26.8,54.8,73.59,0.0,1.89,11,5.27,1.0,Fair,INT0620,43.44
1.55,35.8,55.2,3.21,1.07,6.91,8,2.18,1.43,Good,INT0621,72.07
2.07,44.0,81.4,66.83,4.9,8.9,16,1.82,2.96,Good,INT0622,70.08
3.57,59.6,75.1,80.2,8.15,7.32,10,3.68,4.26,Good,INT0623,81.4
3.36,81.9,68.2,6.49,10.0,1.56,16,3.52,5.0,Good,INT0624,83.84
1.9,58.7,87.8,69.47,10.0,6.88,14,4.28,5.0,Good,INT0625,81.01
3.2,8.9,37.5,51.45,4.02,4.65,15,2.75,2.61,Good,INT0626,70.61
3.61,78.4,47.5,69.44,7.5,9.12,15,3.71,4.0,Excellent,INT0627,89.6
2.48,57.2,62.6,97.46,7.25,6.5,11,5.08,3.9,Average,INT0628,66.11
1.28,42.8,71.4,66.83,6.08,2.72,11,1.46,3.43,Good,INT0629,80.17
2.63,65.6,68.5,97.18,0.25,6.67,16,2.91,1.1,Good,INT0630,82.05
3.26,14.4,86.8,59.81,3.05,8.21,14,3.92,2.22,Good,INT0631,70.03
2.21,95.1,76.3,84.23,4.68,6.65,12,6.5,2.87,Average,INT0632,69.48
0.93,54.0,27.0,92.23,4.2,4.56,6,3.61,2.68,Average,INT0633,57.29
3.25,13.6,14.8,80.03,1.17,1.46,13,4.08,1.47,Average,INT0634,63.99
1.92,37.0,55.0,56.72,3.15,4.06,11,3.92,2.26,Average,INT0635,68.92
2.74,86.0,34.8,69.56,4.68,6.86,12,3.41,2.87,Excellent,INT0636,89.85
1.53,71.5,59.3,98.56,3.95,5.2,9,4.34,2.58,Good,INT0637,75.18
3.46,40.0,96.6,67.56,2.55,7.57,7,2.08,2.02,Good,INT0638,79.73
3.66,46.4,41.8,93.39,9.5,4.22,9,2.98,4.8,Excellent,INT0639,85.73
2.52,80.9,39.4,54.66,2.15,6.06,10,3.42,1.86,Fair,INT0640,53.64
2.77,81.5,70.9,0.0,0.73,6.7,14,1.33,1.29,Excellent,INT0641,87.18
3.7,80.5,84.4,67.55,6.45,7.05,11,3.37,3.58,Good,INT0642,81.63
2.52,79.5,50.0,52.58,4.25,7.69,16,2.71,2.7,Good,INT0643,70.15
3.3,87.0,84.8,55.95,4.68,5.91,13,3.01,2.87,Excellent,INT0644,85.87
1.82,58.5,28.0,32.94,4.15,1.16,11,1.72,2.66,Average,INT0645,64.36
1.26,1.9,3.8,91.89,2.0,0.62,6,6.18,1.8,Fair,INT0646,41.05
2.82,54.4,82.1,17.04,8.43,2.03,6,4.78,4.37,Good,INT0647,71.12
0.94,26.5,55.5,64.94,10.0,1.28,11,5.11,5.0,Good,INT0648,72.34
2.1,46.9,26.3,50.51,4.68,1.7,19,6.17,2.87,Average,INT0649,67.11
0.85,72.0,39.2,20.94,4.3,8.02,11,3.73,2.72,Good,INT0650,73.43
2.85,71.8,86.0,81.02,10.0,8.08,15,1.33,5.0,Excellent,INT0651,95.09
3.39,38.4,26.5,82.25,3.28,6.97,12,4.04,2.31,Good,INT0652,82.4
3.04,66.3,88.7,45.86,5.95,9.23,11,4.83,3.38,Good,INT0653,75.79
0.64,24.2,42.9,60.41,3.2,3.9,10,5.07,2.28,Average,INT0654,56.51
2.89,73.6,45.3,86.02,7.82,4.75,20,3.55,4.13,Average,INT0655,66.31
3.89,97.7,86.9,90.56,6.85,8.64,4,1.7,3.74,Excellent,INT0656,97.79
1.8,28.8,39.4,56.93,6.32,3.92,8,2.27,3.53,Average,INT0657,64.99
3.52,74.4,61.8,74.34,4.9,9.13,6,3.09,2.96,Good,INT0658,70.03
2.48,67.8,19.0,62.44,3.95,6.1,15,4.89,2.58,Average,INT0659,59.11
1.49,45.4,47.1,58.41,7.65,4.86,10,3.99,4.06,Average,INT0660,59.26
2.07,46.0,19.6,86.72,4.2,8.94,11,3.15,2.68,Good,INT0661,78.6
0.09,5.6,19.4,46.51,4.47,1.05,10,7.0,2.79,Poor,INT0662,31.27
3.1,32.6,29.6,24.75,10.0,8.16,8,5.11,5.0,Good,INT0663,79.83
0.49,28.6,22.5,65.5,6.45,6.67,15,2.45,3.58,Good,INT0664,73.68
3.05,86.9,79.6,98.33,0.9,8.82,7,1.63,1.36,Excellent,INT0665,91.86
1.46,36.0,37.2,92.43,0.9,1.85,4,1.71,1.36,Good,INT0666,72.85
0.34,12.8,22.5,94.0,0.0,0.67,10,2.98,1.0,Average,INT0667,57.29
1.56,65.3,26.7,73.0,6.45,3.67,10,1.73,3.58,Average,INT0668,63.66
3.72,65.4,72.7,81.19,10.0,8.48,9,2.07,5.0,Good,INT0669,84.48
0.76,4.2,15.8,68.84,5.0,2.0,6,2.21,3.0,Fair,INT0670,53.55
3.0,78.4,93.6,30.91,4.1,9.47,11,1.89,2.64,Excellent,INT0671,85.48
0.46,34.4,24.6,70.05,2.0,1.86,3,5.95,1.8,Fair,INT0672,43.47
0.59,17.3,24.1,79.7,6.05,4.99,11,1.72,3.42,Average,INT0673,64.99
0.79,16.2,4.1,64.36,5.82,2.12,16,4.21,3.33,Fair,INT0674,49.68
1.24,35.8,10.4,92.4,4.15,3.47,11,3.53,2.66,Fair,INT0675,53.48
0.41,24.7,50.9,57.56,2.72,3.37,17,6.68,2.09,Average,INT0676,59.78
3.88,94.4,97.5,68.36,6.25,8.36,8,1.98,3.5,Excellent,INT0677,97.01
2.73,22.5,33.7,21.73,1.15,5.45,17,2.89,1.46,Average,INT0678,69.7
1.05,16.6,21.9,70.24,0.0,1.39,17,6.65,1.0,Poor,INT0679,38.73
0.4,3.6,12.6,51.98,0.35,3.1,5,6.35,1.14,Poor,INT0680,39.73
1.32,67.5,61.9,63.63,4.25,7.09,18,6.31,2.7,Average,INT0681,56.44
3.89,81.7,91.6,20.11,10.0,8.5,16,2.28,5.0,Excellent,INT0682,87.18
2.9,57.4,15.3,73.91,1.98,9.49,8,2.07,1.79,Good,INT0683,71.52
2.61,75.9,75.5,77.18,10.0,5.44,8,5.05,5.0,Good,INT0684,71.58
0.39,6.8,24.0,63.75,8.4,3.64,10,6.95,4.36,Fair,INT0685,46.96
1.99,21.1,25.0,76.15,0.0,3.38,11,3.89,1.0,Average,INT0686,62.79
1.19,19.5,45.4,75.45,8.55,3.25,24,4.35,4.42,Average,INT0687,68.04
1.53,77.8,49.6,65.81,2.0,3.81,10,2.36,1.8,Average,INT0688,55.56
1.02,86.8,36.7,91.51,9.98,8.15,14,5.14,4.99,Good,INT0689,71.44
1.38,14.7,24.9,77.28,4.42,4.14,11,1.77,2.77,Average,INT0690,69.77
3.53,49.7,48.7,66.61,6.75,5.84,7,3.42,3.7,Good,INT0691,77.64
0.79,33.2,13.8,2.74,4.68,3.16,23,3.26,2.87,Average,INT0692,58.04
3.72,77.6,95.5,37.12,10.0,7.97,12,4.49,5.0,Excellent,INT0693,87.22
2.31,27.2,31.1,99.13,5.93,5.6,8,2.16,3.37,Good,INT0694,70.42
3.45,82.8,98.2,84.61,10.0,9.73,12,2.12,5.0,Excellent,INT0695,99.68
2.76,58.1,58.3,68.91,7.6,4.81,11,4.81,4.04,Good,INT0696,72.5
2.98,39.7,75.7,64.04,7.5,7.47,10,2.34,4.0,Excellent,INT0697,93.65
1.3,36.1,13.5,83.17,6.78,5.52,6,4.57,3.71,Average,INT0698,63.55
3.42,46.9,65.8,78.72,9.28,7.51,14,1.75,4.71,Excellent,INT0699,89.82
3.23,35.0,47.4,81.34,7.7,2.53,6,3.77,4.08,Average,INT0700,66.2
1.7,18.4,38.3,94.08,5.85,4.6,22,4.14,3.34,Average,INT0701,63.12
1.93,57.9,53.5,41.71,0.0,7.57,9,1.23,1.0,Good,INT0702,80.62
0.46,17.0,39.0,70.35,1.15,3.5,15,3.18,1.46,Average,INT0703,60.28
3.84,95.4,91.4,95.31,4.82,5.75,10,2.08,2.93,Excellent,INT0704,100.0
3.51,69.2,33.4,87.84,2.0,6.06,12,1.21,1.8,Good,INT0705,73.03
1.06,41.0,46.8,99.07,3.4,2.27,10,7.0,2.36,Average,INT0706,67.82
0.65,56.0,69.9,88.74,5.78,7.59,5,3.37,3.31,Good,INT0707,78.7
1.16,8.3,29.1,72.43,4.88,2.76,4,5.4,2.95,Average,INT0708,59.52
3.23,24.1,50.1,76.55,6.12,5.96,18,2.04,3.45,Good,INT0709,82.37
1.2,26.3,46.1,95.03,5.15,2.3,5,5.02,3.06,Fair,INT0710,52.08
2.13,56.3,5.4,77.58,3.05,6.83,10,5.65,2.22,Average,INT0711,67.52
0.72,23.4,29.9,62.77,6.88,5.05,9,4.35,3.75,Fair,INT0712,48.08
3.37,45.9,91.9,71.78,10.0,7.67,15,3.59,5.0,Excellent,INT0713,86.26
2.95,60.4,9.5,75.82,10.0,8.54,6,3.65,5.0,Good,INT0714,77.95
3.37,67.1,86.3,54.84,7.5,9.07,11,3.19,4.0,Excellent,INT0715,85.18
0.35,18.3,19.1,87.19,0.0,0.17,9,6.25,1.0,Fair,INT0716,42.55
0.35,13.6,2.0,55.47,0.0,1.21,7,6.36,1.0,Fair,INT0717,40.61
0.85,10.7,30.2,70.25,0.0,1.26,6,6.97,1.0,Poor,INT0718,38.86
1.08,45.1,72.5,90.23,0.0,1.97,18,1.61,1.0,Average,INT0719,68.23
0.83,22.2,6.5,73.38,6.42,1.36,10,5.57,3.57,Fair,INT0720,52.38
2.61,58.7,30.1,92.1,8.8,6.58,8,6.24,4.52,Average,INT0721,67.41
3.06,85.5,53.5,32.78,0.0,8.29,13,3.92,1.0,Average,INT0722,61.1
2.5,52.4,76.7,97.88,7.1,2.28,17,1.07,3.84,Excellent,INT0723,87.02
0.9,69.8,29.0,60.47,10.0,5.71,6,4.99,5.0,Good,INT0724,74.13
0.98,17.9,40.8,51.91,6.45,8.33,13,4.29,3.58,Average,INT0725,69.33
1.57,33.6,31.7,93.62,5.95,8.57,12,5.7,3.38,Average,INT0726,56.08
3.01,21.7,68.9,87.61,7.72,0.69,13,1.97,4.09,Good,INT0727,78.6
1.02,32.8,59.1,61.6,4.05,7.87,12,5.94,2.62,Fair,INT0728,48.78
0.58,49.0,37.7,99.24,4.68,5.68,5,1.86,2.87,Average,INT0729,66.05
1.52,11.1,50.9,75.11,5.85,1.38,14,1.5,3.34,Good,INT0730,83.52
1.05,72.4,65.9,97.55,5.65,5.02,12,2.28,3.26,Good,INT0731,76.16
0.24,65.6,30.1,75.25,7.5,7.86,7,5.39,4.0,Average,INT0732,68.01
2.66,78.2,39.3,73.59,7.08,7.49,13,4.83,3.83,Good,INT0733,74.73
3.59,24.6,80.1,8.8,5.6,3.79,15,4.13,3.24,Good,INT0734,70.42
3.38,70.0,86.6,66.74,0.0,5.35,17,3.47,1.0,Average,INT0735,66.83
0.36,21.4,4.1,76.69,0.0,3.18,14,6.6,1.0,Fair,INT0736,46.75
3.38,88.1,87.1,72.63,7.25,6.97,10,3.57,3.9,Good,INT0737,83.34
0.38,27.2,54.2,51.84,0.0,2.71,16,5.65,1.0,Fair,INT0738,48.63
0.16,19.1,4.8,28.25,0.0,2.83,11,3.85,1.0,Fair,INT0739,52.39
0.16,30.7,9.6,60.66,5.95,0.68,12,3.01,3.38,Average,INT0740,55.71
1.62,40.9,31.4,93.37,0.0,1.79,12,3.92,1.0,Average,INT0741,57.71
3.54,90.8,98.0,79.94,9.78,7.97,19,2.86,4.91,Excellent,INT0742,89.19
0.81,44.8,62.4,6.61,0.0,0.87,3,5.67,1.0,Fair,INT0743,53.43
1.92,32.2,17.3,97.84,4.78,2.28,10,3.57,2.91,Good,INT0744,72.62
2.42,38.6,26.7,82.2,0.0,2.56,6,1.95,1.0,Good,INT0745,77.06
2.7,78.8,80.6,99.13,7.8,7.05,8,6.68,4.12,Good,INT0746,70.39
2.78,95.6,88.9,65.59,7.5,9.25,9,3.66,4.0,Good,INT0747,79.1
1.42,86.3,86.6,59.31,10.0,4.36,11,4.36,5.0,Good,INT0748,72.29
0.31,42.7,11.2,49.56,0.0,1.59,14,6.37,1.0,Average,INT0749,55.29
0.51,1.0,22.2,73.54,0.0,0.78,8,5.1,1.0,Fair,INT0750,40.01
2.39,50.1,44.3,94.77,6.28,4.32,12,1.93,3.51,Good,INT0751,77.42
0.28,20.0,49.0,78.0,3.55,5.45,11,6.72,2.42,Average,INT0752,57.88
1.08,30.7,30.7,64.61,5.07,1.49,8,4.59,3.03,Average,INT0753,62.5
3.0,97.6,98.0,87.13,10.0,8.16,20,2.71,5.0,Good,INT0754,82.88
3.62,40.2,75.2,75.29,0.0,4.8,11,1.76,1.0,Average,INT0755,64.66
1.8,92.7,48.0,58.11,8.48,7.86,10,5.55,4.39,Average,INT0756,63.66
1.22,15.7,26.5,78.84,4.68,1.78,7,4.56,2.87,Average,INT0757,55.04
3.79,72.3,80.9,95.57,7.0,9.76,18,4.22,3.8,Excellent,INT0758,87.51
0.73,56.7,14.3,92.13,5.4,4.44,9,6.03,3.16,Fair,INT0759,54.2
2.06,71.5,89.2,79.34,2.1,7.6,13,6.04,1.84,Average,INT0760,64.4
2.76,71.7,88.2,68.85,4.47,4.89,13,1.56,2.79,Average,INT0761,62.56
1.77,25.4,38.4,54.35,6.08,2.22,14,2.85,3.43,Average,INT0762,58.3
3.53,88.5,89.6,73.48,10.0,8.19,9,2.74,5.0,Excellent,INT0763,85.55
0.38,12.0,80.1,87.6,2.0,1.62,13,5.45,1.8,Fair,INT0764,48.39
3.72,74.8,95.5,1.0,2.95,4.72,9,1.06,2.18,Excellent,INT0765,93.82
0.94,31.5,27.9,61.77,8.3,5.82,10,4.39,4.32,Good,INT0766,71.01
2.41,32.5,49.6,96.57,7.88,5.3,11,5.92,4.15,Average,INT0767,68.51
1.43,44.2,4.5,66.83,1.02,1.21,13,6.75,1.41,Fair,INT0768,52.53
2.12,26.6,61.3,60.38,6.82,4.85,14,3.18,3.73,Good,INT0769,70.89
2.39,46.4,80.8,56.84,9.98,5.31,10,6.22,4.99,Average,INT0770,56.22
3.36,52.4,90.5,57.25,0.0,9.16,12,1.17,1.0,Average,INT0771,69.48
2.81,77.8,72.4,55.16,8.98,6.57,9,6.46,4.59,Average,INT0772,60.78
3.57,50.7,73.4,80.81,8.32,6.32,13,2.21,4.33,Good,INT0773,76.43
1.52,67.3,18.6,55.78,0.0,5.68,15,3.46,1.0,Fair,INT0774,51.17
1.08,50.7,35.8,92.13,0.0,2.54,9,6.03,1.0,Fair,INT0775,51.95
2.78,38.6,33.0,99.65,2.05,5.42,7,1.91,1.82,Average,INT0776,66.02
0.75,28.9,43.6,68.32,0.0,5.74,10,2.17,1.0,Average,INT0777,62.02
1.36,50.4,40.1,72.68,7.0,3.37,9,5.68,3.8,Good,INT0778,72.23
3.17,79.6,78.6,54.01,5.45,4.88,15,5.42,3.18,Good,INT0779,79.7
0.58,16.2,53.8,61.49,4.02,1.34,9,4.93,2.61,Average,INT0780,55.69
1.97,63.3,78.3,94.7,4.68,6.66,7,5.32,2.87,Good,INT0781,82.81
2.01,41.1,49.9,52.88,9.02,6.8,8,4.62,4.61,Average,INT0782,62.27
3.87,58.7,94.0,58.45,8.67,6.27,13,2.74,4.47,Good,INT0783,83.52
1.89,76.0,95.5,87.73,4.58,7.69,13,2.78,2.83,Good,INT0784,79.68
3.71,89.2,76.9,84.44,4.73,7.14,19,2.06,2.89,Excellent,INT0785,89.97
0.03,10.0,17.9,66.83,2.85,3.47,7,6.93,2.14,Poor,INT0786,30.55
0.68,45.9,65.9,75.1,0.0,4.42,10,4.55,1.0,Fair,INT0787,50.55
2.9,26.9,54.4,8.7,0.0,4.05,5,3.85,1.0,Average,INT0788,59.88
1.36,31.1,7.6,60.94,6.65,6.54,10,4.08,3.66,Good,INT0789,70.95
1.28,13.3,18.7,71.91,0.95,1.12,11,6.85,1.38,Average,INT0790,57.5
3.02,49.8,76.5,52.65,7.38,9.19,11,1.77,3.95,Good,INT0791,79.48
0.34,77.1,24.7,89.11,2.9,1.69,12,4.32,2.16,Average,INT0792,65.92
3.19,81.1,93.4,57.15,5.7,9.2,26,4.18,3.28,Good,INT0793,81.86
0.69,11.2,67.0,65.76,0.8,2.83,12,4.6,1.32,Fair,INT0794,42.36
3.06,18.9,25.8,9.22,5.72,4.53,10,1.41,3.29,Good,INT0795,74.5
0.53,9.1,14.6,89.12,2.9,6.26,7,6.49,2.16,Average,INT0796,58.11
1.24,22.4,31.7,96.69,4.68,6.42,8,6.4,2.87,Fair,INT0797,53.99
1.21,68.0,38.6,68.39,2.97,5.26,8,4.59,2.19,Average,INT0798,59.72
2.11,62.6,92.7,45.08,7.12,6.28,11,5.17,3.85,Good,INT0799,74.34
1.26,7.0,6.9,80.13,0.0,1.82,8,6.35,1.0,Fair,INT0800,42.83
0.95,12.7,46.1,76.26,3.0,2.34,3,5.15,2.2,Average,INT0801,57.82
2.67,85.0,92.4,94.52,3.38,8.09,13,2.32,2.35,Excellent,INT0802,92.52
0.31,12.7,31.9,50.16,0.0,3.05,10,4.32,1.0,Poor,INT0803,37.24
2.46,56.5,78.3,0.0,10.0,7.96,15,4.43,5.0,Good,INT0804,78.44
3.6,88.9,87.7,76.91,7.5,9.29,13,3.39,4.0,Excellent,INT0805,94.21
0.24,68.1,67.5,58.91,2.88,1.09,15,5.13,2.15,Poor,INT0806,37.49
0.83,55.3,23.6,95.39,6.92,3.36,10,6.65,3.77,Fair,INT0807,53.56
0.3,37.1,32.0,0.34,1.23,0.24,3,6.2,1.49,Fair,INT0808,46.98
2.16,27.1,62.6,73.89,9.78,4.92,13,4.03,4.91,Good,INT0809,81.83
3.42,79.1,33.4,90.74,4.68,8.9,11,1.41,2.87,Excellent,INT0810,88.65
1.56,22.3,30.1,72.54,1.45,5.7,10,7.0,1.58,Average,INT0811,60.17
1.54,63.9,46.3,77.93,9.57,5.01,8,5.66,4.83,Good,INT0812,72.58
1.0,54.4,27.8,50.14,5.18,3.35,8,2.23,3.07,Fair,INT0813,52.46
3.19,45.2,23.3,68.29,5.82,4.63,13,6.48,3.33,Average,INT0814,63.75
3.14,19.3,54.7,56.94,4.68,5.31,8,6.54,2.87,Average,INT0815,64.14
1.37,40.2,74.1,84.48,7.78,5.16,8,4.38,4.11,Average,INT0816,69.46
2.0,79.8,58.4,40.58,3.9,4.42,16,4.76,2.56,Good,INT0817,82.24
1.91,81.8,58.9,65.09,4.5,7.63,7,3.72,2.8,Good,INT0818,77.83
3.13,60.9,29.2,73.39,2.0,9.05,6,1.0,1.8,Good,INT0819,70.3
0.81,31.3,36.7,29.68,8.3,1.37,11,3.19,4.32,Average,INT0820,62.57
1.52,35.6,71.9,5.76,4.45,3.17,10,5.59,2.78,Average,INT0821,61.73
3.52,60.9,84.2,1.41,0.05,4.47,11,1.32,1.02,Average,INT0822,59.52
3.06,85.8,57.8,93.27,4.55,9.71,17,3.46,2.82,Excellent,INT0823,93.04
0.87,24.8,65.1,75.57,5.28,0.63,4,3.79,3.11,Average,INT0824,57.44
2.04,40.9,32.1,80.95,8.98,3.66,14,3.83,4.59,Good,INT0825,76.01
0.6,24.2,10.9,65.13,4.55,1.89,16,6.39,2.82,Fair,INT0826,51.01
2.26,32.9,11.3,98.33,0.0,1.33,13,2.94,1.0,Average,INT0827,58.1
2.76,65.6,52.4,64.09,7.5,5.29,10,2.7,4.0,Excellent,INT0828,90.3
3.68,58.5,80.1,79.44,8.02,8.46,14,5.03,4.21,Good,INT0829,75.86
0.88,46.9,29.2,99.67,4.75,5.1,14,3.59,2.9,Good,INT0830,77.96
2.32,49.2,48.0,64.81,0.0,5.31,11,2.84,1.0,Good,INT0831,75.16
1.09,69.2,28.2,42.66,0.0,8.03,8,3.78,1.0,Average,INT0832,55.93
1.77,62.2,33.2,66.83,7.62,1.54,18,1.97,4.05,Good,INT0833,84.68
1.34,63.2,22.6,62.08,4.55,1.77,7,2.03,2.82,Average,INT0834,66.48
0.26,55.1,67.4,22.51,4.68,2.21,13,4.15,2.87,Average,INT0835,66.95
2.57,82.7,93.3,70.28,10.0,6.72,11,3.97,5.0,Excellent,INT0836,85.59
0.86,22.4,79.6,66.72,0.75,2.29,10,6.58,1.3,Average,INT0837,58.67
3.81,92.3,93.2,35.37,8.4,8.67,14,2.74,4.36,Excellent,INT0838,88.47
3.41,87.9,64.0,88.02,1.5,8.49,13,4.47,1.6,Good,INT0839,72.72
0.94,11.5,23.6,79.21,2.25,7.24,12,5.28,1.9,Average,INT0840,62.9
3.66,98.6,95.7,66.83,4.68,9.65,18,1.0,2.87,Excellent,INT0841,91.63
1.48,87.8,37.0,3.39,2.22,4.42,8,5.07,1.89,Average,INT0842,63.15
3.93,96.7,93.3,64.84,10.0,9.13,8,1.68,5.0,Excellent,INT0843,91.36
0.41,38.1,72.3,99.85,2.42,4.52,12,6.41,1.97,Fair,INT0844,48.91
1.89,74.6,66.3,97.71,0.0,9.15,11,2.26,1.0,Good,INT0845,74.21
2.67,77.4,98.0,69.37,10.0,9.0,12,3.29,5.0,Excellent,INT0846,88.62
3.5,94.6,80.9,90.56,3.38,9.23,23,1.32,2.35,Excellent,INT0847,88.87
2.19,70.8,60.4,61.03,10.0,5.45,9,6.87,5.0,Average,INT0848,60.18
2.85,42.1,71.8,76.63,10.0,7.75,14,4.48,5.0,Good,INT0849,83.13
1.79,9.1,10.0,31.63,2.52,1.43,5,4.15,2.01,Fair,INT0850,41.66
3.2,50.3,77.7,62.98,0.0,7.82,13,1.72,1.0,Good,INT0851,76.76
2.69,34.2,62.4,80.55,3.25,2.6,9,5.34,2.3,Fair,INT0852,51.67
3.06,56.8,96.9,52.04,4.68,9.09,16,2.61,2.87,Good,INT0853,78.2
1.9,47.3,63.6,98.47,7.43,2.98,5,6.88,3.97,Average,INT0854,69.37
1.62,64.8,19.1,61.75,2.3,2.64,11,2.08,1.92,Good,INT0855,76.57
3.15,40.2,74.6,69.04,7.58,5.55,14,1.77,4.03,Good,INT0856,77.02
3.49,31.1,90.8,5.58,6.57,8.41,15,1.0,3.63,Excellent,INT0857,90.17
1.56,12.3,24.9,73.31,3.35,0.61,10,4.09,2.34,Fair,INT0858,50.33
1.2,60.4,59.4,94.11,10.0,3.9,11,4.03,5.0,Good,INT0859,84.96
3.58,89.5,72.4,51.06,5.55,9.5,12,1.15,3.22,Excellent,INT0860,87.95
1.85,54.6,39.5,4.48,4.5,5.56,4,5.35,2.8,Good,INT0861,70.57
0.86,33.5,48.8,48.99,2.9,2.39,12,3.58,2.16,Average,INT0862,59.08
0.38,10.8,54.7,71.45,3.08,0.73,12,3.72,2.23,Fair,INT0863,45.65
3.23,37.5,24.9,97.97,2.57,8.29,14,4.0,2.03,Good,INT0864,72.15
1.75,17.8,9.3,58.77,4.85,0.89,10,3.76,2.94,Fair,INT0865,44.17
2.02,67.1,28.6,30.12,7.2,7.35,16,4.27,3.88,Good,INT0866,75.55
1.84,54.3,79.6,94.03,4.38,4.19,10,2.04,2.75,Average,INT0867,66.86
0.99,84.9,89.7,94.83,5.02,8.2,19,2.23,3.01,Excellent,INT0868,91.26
1.83,64.2,5.6,93.59,9.25,6.89,9,6.42,4.7,Average,INT0869,61.65
0.14,12.2,19.3,75.55,0.0,2.82,7,6.7,1.0,Fair,INT0870,45.28
1.0,62.2,30.5,82.99,0.0,4.42,9,3.25,1.0,Average,INT0871,57.05
1.12,90.4,34.5,43.82,5.72,5.31,9,2.75,3.29,Good,INT0872,78.67
1.78,50.7,75.3,53.47,5.35,6.0,9,5.06,3.14,Average,INT0873,61.9
2.59,59.0,73.0,41.02,4.8,4.15,7,3.3,2.92,Average,INT0874,65.3
1.09,42.5,70.3,7.64,4.1,6.94,19,1.0,2.64,Excellent,INT0875,91.7
0.68,43.5,14.9,66.25,5.05,1.83,8,1.71,3.02,Average,INT0876,65.14
1.39,72.6,30.3,96.61,4.0,3.42,18,5.35,2.6,Average,INT0877,65.57
2.65,23.6,36.2,65.2,2.95,1.68,12,4.81,2.18,Average,INT0878,59.13
2.88,75.0,48.9,6.19,3.0,5.59,8,1.2,2.2,Good,INT0879,76.33
2.66,86.6,80.5,6.81,10.0,7.77,4,2.24,5.0,Excellent,INT0880,92.07
1.69,62.2,67.0,65.73,3.25,8.74,12,2.73,2.3,Average,INT0881,67.7
2.75,56.3,10.1,81.42,0.3,6.06,8,4.6,1.12,Fair,INT0882,52.13
2.96,70.8,37.6,2.32,1.38,5.58,5,1.19,1.55,Good,INT0883,81.79
1.55,54.8,56.5,41.9,5.5,4.77,12,1.7,3.2,Good,INT0884,81.71
0.82,45.4,69.2,94.11,0.13,4.01,7,5.68,1.05,Average,INT0885,60.69
2.69,87.7,84.5,52.01,6.45,9.42,18,1.99,3.58,Good,INT0886,78.49
1.3,31.6,45.0,75.05,2.55,6.4,11,5.22,2.02,Average,INT0887,55.04
0.51,41.4,53.3,59.82,0.35,1.13,12,2.21,1.14,Average,INT0888,65.86
2.28,27.8,65.0,94.21,10.0,8.42,7,1.97,5.0,Excellent,INT0889,99.11
1.46,25.8,42.8,48.13,4.8,3.54,5,2.86,2.92,Average,INT0890,55.85
2.19,84.7,71.4,91.64,7.5,9.36,10,3.92,4.0,Good,INT0891,81.54
0.48,12.0,46.2,83.58,2.92,1.21,13,6.4,2.17,Fair,INT0892,45.75
1.72,44.1,13.9,66.83,10.0,4.42,5,6.09,5.0,Average,INT0893,65.26
3.62,50.3,33.7,67.34,7.6,6.64,14,3.41,4.04,Good,INT0894,71.03
1.63,32.5,49.8,33.68,10.0,2.48,14,5.48,5.0,Average,INT0895,64.94
3.05,59.8,66.7,40.56,1.02,3.35,12,2.01,1.41,Average,INT0896,62.38
0.93,20.1,89.1,90.71,0.15,4.51,13,2.41,1.06,Average,INT0897,63.92
0.16,5.1,1.2,66.83,6.15,0.14,10,6.17,3.46,Poor,INT0898,33.51
1.66,22.7,41.9,0.01,0.0,1.62,6,1.19,1.0,Average,INT0899,59.27
1.12,59.0,42.8,75.18,0.0,6.43,12,1.2,1.0,Good,INT0900,76.03
3.14,82.9,81.2,91.52,2.65,8.62,19,2.66,2.06,Excellent,INT0901,85.14
3.36,58.7,93.2,0.0,5.4,8.84,13,1.07,3.16,Good,INT0902,78.9
2.78,80.8,90.3,7.01,7.4,8.66,14,2.44,3.96,Excellent,INT0903,90.21
3.35,78.1,39.7,85.56,8.55,8.18,18,4.25,4.42,Good,INT0904,78.43
3.24,86.8,91.3,0.28,8.1,8.84,11,3.34,4.24,Good,INT0905,83.77
1.94,54.4,90.1,96.78,3.63,5.49,11,5.92,2.45,Average,INT0906,61.56
2.18,47.5,40.8,89.23,2.25,2.56,20,5.66,1.9,Average,INT0907,58.36
1.77,27.4,11.7,82.64,3.65,4.18,22,3.04,2.46,Good,INT0908,73.44
2.94,86.7,68.8,71.68,7.5,8.2,9,3.01,4.0,Good,INT0909,83.41
0.18,47.0,37.2,55.61,1.8,2.27,6,3.17,1.72,Average,INT0910,58.42
0.32,30.6,35.1,66.83,4.05,0.33,6,4.68,2.62,Fair,INT0911,44.64
3.58,95.7,38.3,99.64,8.52,7.97,8,2.54,4.41,Excellent,INT0912,89.57
2.97,45.7,22.0,15.32,0.0,3.79,10,4.29,1.0,Average,INT0913,56.55
3.04,86.0,84.9,50.84,8.4,6.67,11,3.46,4.36,Good,INT0914,81.32
3.7,95.1,94.6,74.81,6.1,7.11,15,3.88,3.44,Good,INT0915,80.81
0.59,15.1,48.2,80.73,2.0,4.75,8,4.0,1.8,Fair,INT0916,49.81
2.31,44.7,83.4,84.48,3.08,2.28,10,3.02,2.23,Average,INT0917,62.85
2.52,11.8,50.9,85.99,6.95,4.75,6,6.57,3.78,Average,INT0918,55.98
1.61,80.7,80.1,77.91,10.0,8.97,8,5.72,5.0,Average,INT0919,63.08
2.0,9.1,36.5,61.17,4.75,1.98,12,1.45,2.9,Good,INT0920,70.07
2.79,16.6,66.3,76.71,2.18,5.55,16,6.41,1.87,Good,INT0921,72.69
2.41,28.1,23.1,84.83,5.45,4.77,12,4.24,3.18,Good,INT0922,76.76
0.53,4.0,37.6,61.84,7.25,1.58,4,6.69,3.9,Fair,INT0923,44.97
0.15,13.3,3.5,7.69,0.0,0.4,6,5.58,1.0,Poor,INT0924,39.54
3.81,55.1,87.6,96.1,9.5,9.64,10,3.31,4.8,Excellent,INT0925,88.6
3.65,47.8,72.3,9.85,6.15,8.79,16,1.15,3.46,Good,INT0926,77.83
3.49,80.7,85.0,70.26,3.35,6.9,13,3.08,2.34,Excellent,INT0927,91.41
1.06,36.1,17.1,51.92,0.0,2.02,3,4.67,1.0,Average,INT0928,55.72
1.49,8.5,26.7,12.97,7.78,3.91,11,4.66,4.11,Average,INT0929,61.89
3.41,67.8,84.8,64.2,6.22,3.3,19,2.83,3.49,Excellent,INT0930,89.39
3.61,83.5,91.3,81.46,10.0,9.4,16,2.26,5.0,Excellent,INT0931,93.5
1.85,25.0,63.1,79.21,5.72,2.22,14,5.77,3.29,Fair,INT0932,53.18
0.73,25.9,12.9,81.69,6.1,4.18,11,7.0,3.44,Fair,INT0933,48.05
2.2,92.9,40.0,85.86,2.75,8.61,16,3.92,2.1,Good,INT0934,76.33
2.1,89.7,25.9,50.95,8.32,7.29,11,1.87,4.33,Average,INT0935,65.79
0.43,31.1,16.7,55.25,3.92,5.02,7,2.33,2.57,Average,INT0936,55.99
2.73,41.0,93.0,8.1,10.0,8.46,12,1.12,5.0,Excellent,INT0937,91.06
0.33,12.0,47.2,57.74,1.48,3.23,9,6.83,1.59,Fair,INT0938,41.76
1.77,39.8,16.2,15.94,2.25,2.81,7,1.74,1.9,Fair,INT0939,51.44
2.63,25.4,72.3,82.05,2.2,7.55,5,4.08,1.88,Fair,INT0940,45.69
1.77,88.0,93.4,90.77,1.23,8.5,11,2.39,1.49,Excellent,INT0941,87.13
3.81,95.5,26.3,87.63,4.12,6.94,9,4.39,2.65,Good,INT0942,73.92
1.62,13.3,21.8,90.85,0.6,2.69,12,4.99,1.24,Average,INT0943,61.68
2.12,33.7,12.1,53.94,0.0,4.06,10,6.06,1.0,Average,INT0944,56.1
1.52,90.5,63.2,86.77,7.4,7.52,12,1.82,3.96,Good,INT0945,76.36
3.61,66.4,75.1,4.6,10.0,7.85,12,1.32,5.0,Excellent,INT0946,88.75
1.94,66.9,48.5,99.65,2.0,8.51,11,2.23,1.8,Average,INT0947,63.98
0.49,24.9,2.2,59.16,6.8,1.07,8,6.41,3.72,Average,INT0948,63.75
0.1,38.4,4.3,60.72,2.0,2.63,7,6.46,1.8,Poor,INT0949,38.98
0.86,66.4,30.5,66.83,5.0,0.86,2,4.99,3.0,Good,INT0950,76.79
1.19,24.2,34.5,65.48,1.23,6.71,7,4.74,1.49,Average,INT0951,58.54
2.84,32.4,21.2,99.41,2.72,4.54,12,5.16,2.09,Good,INT0952,79.72
3.31,44.0,27.0,89.74,6.22,9.26,15,2.27,3.49,Good,INT0953,71.14
0.58,41.4,23.9,81.45,2.8,0.65,7,6.25,2.12,Poor,INT0954,38.17
2.28,34.8,34.5,76.0,7.5,1.9,17,3.59,4.0,Excellent,INT0955,85.11
3.92,93.7,87.7,98.53,6.1,9.72,10,3.64,3.44,Excellent,INT0956,90.81
1.44,4.4,12.4,84.78,1.53,3.82,15,3.91,1.61,Average,INT0957,62.94
3.87,84.8,97.5,9.04,2.03,9.32,13,1.68,1.81,Excellent,INT0958,97.37
2.83,83.3,17.2,65.83,7.58,7.96,9,2.12,4.03,Good,INT0959,78.78
2.78,67.5,57.2,30.85,4.68,7.96,8,5.35,2.87,Good,INT0960,75.25
1.54,79.3,93.0,92.74,7.15,8.94,19,1.62,3.86,Good,INT0961,81.67
1.5,24.5,59.6,57.49,9.23,6.95,10,4.52,4.69,Average,INT0962,62.09
1.35,18.4,48.7,97.3,6.85,6.81,9,2.81,3.74,Good,INT0963,83.11
2.83,54.2,22.4,52.41,5.55,5.31,9,3.32,3.22,Average,INT0964,60.68
3.84,78.5,76.2,96.32,8.43,7.42,13,3.92,4.37,Excellent,INT0965,92.04
1.41,5.9,7.3,66.84,5.65,3.8,7,3.14,3.26,Average,INT0966,59.13
0.55,19.2,19.3,53.71,5.5,1.21,7,5.47,3.2,Fair,INT0967,47.52
1.25,66.5,50.0,74.14,5.28,2.65,10,3.28,3.11,Good,INT0968,75.0
2.09,60.2,52.4,81.34,10.0,6.01,8,4.05,5.0,Good,INT0969,70.15
2.67,30.1,55.9,4.94,2.0,2.26,9,4.1,1.8,Fair,INT0970,53.02
1.27,47.7,21.5,70.14,3.4,6.89,9,4.62,2.36,Average,INT0971,67.96
0.56,39.4,16.4,84.61,10.0,2.36,17,6.96,5.0,Good,INT0972,72.8
1.49,22.1,14.7,62.57,1.98,4.45,3,5.5,1.79,Fair,INT0973,46.16
3.8,90.1,81.1,67.52,6.18,7.0,12,2.73,3.47,Excellent,INT0974,85.41
3.71,87.9,67.7,4.1,2.4,1.81,13,1.56,1.96,Excellent,INT0975,89.84
2.7,64.7,41.8,68.58,0.0,1.99,20,2.14,1.0,Good,INT0976,72.91
3.6,58.4,41.9,55.11,10.0,6.69,13,4.21,5.0,Good,INT0977,74.8
3.57,92.5,64.6,95.0,4.88,9.1,22,1.41,2.95,Excellent,INT0978,99.3
0.16,32.0,16.3,5.57,4.07,2.06,7,4.0,2.63,Average,INT0979,60.09
2.12,34.8,36.6,36.43,5.2,2.45,16,4.25,3.08,Average,INT0980,65.7
3.65,75.9,93.5,96.01,1.92,6.97,13,2.64,1.77,Excellent,INT0981,88.75
1.38,55.3,46.7,2.98,9.92,1.6,6,5.69,4.97,Good,INT0982,72.32
3.15,93.8,65.0,27.68,8.27,8.31,18,1.19,4.31,Excellent,INT0983,86.34
2.02,26.9,87.4,88.47,0.0,6.73,10,1.82,1.0,Good,INT0984,74.53
0.72,74.7,49.7,95.65,5.0,5.14,7,5.68,3.0,Average,INT0985,56.48
2.43,51.3,7.6,53.93,1.65,0.53,13,4.26,1.66,Fair,INT0986,46.16
1.29,11.8,0.4,91.26,0.0,0.6,6,4.65,1.0,Fair,INT0987,44.92
1.0,22.5,8.7,77.37,0.0,7.38,3,3.16,1.0,Fair,INT0988,50.2
3.44,85.9,87.3,83.46,4.68,8.87,14,2.53,2.87,Excellent,INT0989,91.58
1.03,30.9,69.7,74.64,10.0,3.87,10,6.4,5.0,Average,INT0990,68.98
2.79,51.5,16.6,84.89,6.1,3.21,6,5.64,3.44,Average,INT0991,64.82
3.57,27.1,76.2,51.7,10.0,8.31,10,5.01,5.0,Average,INT0992,63.98
3.33,72.6,95.8,88.14,8.0,9.86,14,2.26,4.2,Excellent,INT0993,95.39
2.61,92.6,84.7,51.67,8.8,2.79,9,4.71,4.52,Average,INT0994,60.82
3.54,81.4,91.0,72.76,10.0,5.89,14,3.32,5.0,Excellent,INT0995,90.07
2.87,65.0,86.6,57.55,7.6,6.67,12,1.15,4.04,Good,INT0996,71.45
3.76,75.9,83.1,4.21,6.78,8.25,9,6.47,3.71,Good,INT0997,79.84
3.81,55.6,81.0,66.83,8.98,8.23,14,1.99,4.59,Good,INT0998,82.88
0.53,13.8,14.9,39.4,6.57,5.79,7,6.69,3.63,Fair,INT0999,43.71
3.32,72.6,84.5,71.44,5.15,4.78,11,3.85,3.06,Good,INT1000,74.96
2.93,65.7,33.1,88.63,9.33,7.08,10,2.43,4.73,Good,INT1001,81.12
0.31,7.6,15.2,35.61,5.38,2.65,11,4.44,3.15,Fair,INT1002,46.89
1.95,55.2,58.7,89.45,5.4,6.08,14,6.36,3.16,Average,INT1003,66.86
1.49,30.3,65.2,53.68,0.65,1.58,24,5.74,1.26,Fair,INT1004,47.49
0.52,18.1,9.6,59.58,2.52,0.75,14,6.24,2.01,Poor,INT1005,38.92
2.07,81.7,85.5,77.58,10.0,5.81,11,4.84,5.0,Good,INT1006,77.18
2.49,66.0,63.0,97.35,3.92,9.27,11,4.82,2.57,Good,INT1007,75.37
1.12,34.1,65.6,53.74,6.28,1.87,11,6.42,3.51,Average,INT1008,63.2
2.47,93.2,53.3,52.15,4.25,6.91,7,2.21,2.7,Good,INT1009,79.18
1.44,15.1,52.3,6.15,5.58,4.98,9,4.37,3.23,Fair,INT1010,53.05
2.69,17.3,54.4,82.06,4.62,3.15,8,1.85,2.85,Good,INT1011,81.9
2.66,59.4,18.8,69.95,1.75,5.21,16,7.0,1.7,Fair,INT1012,54.22
1.34,36.5,47.5,66.83,9.1,1.39,9,6.75,4.64,Good,INT1013,72.73
0.55,9.4,59.5,66.83,4.53,2.7,6,1.51,2.81,Average,INT1014,62.33
2.92,62.6,18.9,59.82,10.0,4.21,6,5.13,5.0,Good,INT1015,70.13
1.46,37.5,12.3,66.83,4.25,4.5,12,7.0,2.7,Good,INT1016,70.02
3.0,42.7,78.8,81.34,6.2,5.25,15,1.81,3.48,Good,INT1017,82.12
2.87,94.9,27.8,84.26,6.82,7.72,16,4.17,3.73,Good,INT1018,84.9
1.07,3.1,51.5,56.21,3.48,1.32,2,6.04,2.39,Fair,INT1019,42.36
3.91,91.3,98.0,4.77,10.0,9.77,17,1.64,5.0,Excellent,INT1020,100.0
2.78,11.4,73.0,67.05,4.53,6.17,10,5.14,2.81,Average,INT1021,62.76
1.43,43.1,37.6,85.66,2.42,1.19,12,2.95,1.97,Average,INT1022,57.06
1.8,47.2,90.9,76.21,4.07,4.25,13,6.74,2.63,Good,INT1023,72.73
2.91,53.3,70.3,61.14,4.35,2.14,10,7.0,2.74,Fair,INT1024,52.72
1.2,18.4,12.9,92.31,8.6,2.15,5,6.83,4.44,Average,INT1025,61.42
2.25,87.5,89.3,90.91,5.18,6.06,13,3.91,3.07,Good,INT1026,79.67
0.41,2.7,2.1,69.8,0.0,0.35,7,6.38,1.0,Poor,INT1027,36.72
1.09,11.3,34.9,79.43,6.7,9.14,15,6.32,3.68,Average,INT1028,60.69
3.71,80.1,28.2,62.89,7.8,6.55,11,2.6,4.12,Excellent,INT1029,85.32
2.26,22.7,32.9,84.49,2.15,6.03,8,5.58,1.86,Fair,INT1030,45.12
1.81,22.4,54.9,0.0,4.73,6.06,13,1.0,2.89,Average,INT1031,67.55
1.64,13.4,22.7,92.2,0.0,0.48,8,4.45,1.0,Fair,INT1032,53.98
2.37,26.1,38.8,34.47,6.15,4.72,7,2.38,3.46,Average,INT1033,66.99
3.9,93.9,60.5,14.06,4.78,9.09,15,1.84,2.91,Good,INT1034,82.06
2.49,85.5,73.2,63.43,10.0,8.45,10,1.92,5.0,Excellent,INT1035,87.97
3.4,51.6,85.6,59.55,10.0,6.61,5,5.01,5.0,Good,INT1036,74.04
3.1,83.0,45.8,75.41,10.0,7.57,14,3.3,5.0,Good,INT1037,77.19
0.18,2.2,34.3,60.19,2.05,0.93,6,5.38,1.82,Fair,INT1038,45.07
3.74,87.7,92.5,88.16,10.0,9.68,13,1.11,5.0,Excellent,INT1039,100.0
3.19,83.8,82.2,62.07,7.25,6.92,14,3.01,3.9,Good,INT1040,81.51
1.07,52.9,48.0,85.35,3.25,3.34,12,4.71,2.3,Good,INT1041,74.3
2.6,44.2,37.5,49.36,6.45,6.72,8,5.36,3.58,Average,INT1042,65.09
3.89,91.9,93.8,99.31,4.25,8.98,11,3.92,2.7,Excellent,INT1043,100.0
3.11,78.2,80.5,100.0,10.0,9.02,11,4.31,5.0,Good,INT1044,81.3
0.49,20.4,11.0,93.48,3.18,2.93,4,6.14,2.27,Fair,INT1045,53.12
2.2,76.2,23.1,88.0,10.0,3.83,15,4.82,5.0,Good,INT1046,78.9
0.77,27.2,25.4,7.1,0.0,0.8,14,2.74,1.0,Fair,INT1047,52.13
3.03,79.7,83.2,7.75,1.38,5.7,15,1.38,1.55,Good,INT1048,76.68
1.89,67.0,55.0,97.83,6.08,7.91,9,6.18,3.43,Average,INT1049,59.82
2.06,65.9,76.4,5.27,0.0,4.0,16,1.54,1.0,Average,INT1050,61.94
0.05,25.6,10.7,76.9,2.0,1.14,7,6.05,1.8,Poor,INT1051,34.61
0.4,10.0,15.9,60.9,5.32,0.56,9,4.42,3.13,Fair,INT1052,46.2
2.07,15.9,48.3,55.9,1.55,2.39,8,6.6,1.62,Average,INT1053,65.87
3.66,74.9,43.6,73.32,5.52,7.4,8,6.19,3.21,Average,INT1054,68.0
2.54,31.3,22.2,78.79,7.38,7.58,9,7.0,3.95,Average,INT1055,69.74
3.74,92.0,69.6,77.55,0.97,4.24,12,3.5,1.39,Good,INT1056,71.59
2.24,26.6,45.3,68.69,1.0,3.74,13,5.31,1.4,Average,INT1057,68.43
3.71,83.6,83.7,77.61,6.88,9.31,17,3.58,3.75,Excellent,INT1058,90.54
0.47,44.3,11.1,92.31,5.68,7.23,9,4.12,3.27,Average,INT1059,57.31
2.76,61.7,28.3,65.99,4.68,6.93,16,5.01,2.87,Good,INT1060,70.15
0.86,38.5,64.2,0.0,2.55,5.93,9,6.24,2.02,Average,INT1061,64.44
0.91,33.3,13.4,73.52,2.0,1.24,8,6.41,1.8,Fair,INT1062,40.77
3.73,72.8,30.4,63.94,10.0,1.95,11,5.37,5.0,Average,INT1063,69.86
3.47,95.3,80.6,0.0,7.5,5.8,13,3.33,4.0,Good,INT1064,81.49
0.52,27.0,12.4,79.93,0.0,1.3,6,3.88,1.0,Average,INT1065,57.08
1.11,11.7,53.4,79.01,2.9,2.74,9,5.77,2.16,Fair,INT1066,50.05
0.5,54.5,6.9,81.82,0.0,0.71,10,2.03,1.0,Average,INT1067,55.41
1.81,38.7,63.6,67.59,5.35,7.04,12,2.11,3.14,Good,INT1068,73.72
3.75,92.7,46.4,65.79,9.1,6.08,15,2.81,4.64,Average,INT1069,68.31
3.35,87.7,67.5,80.58,4.82,5.15,20,2.63,2.93,Good,INT1070,77.82
1.47,67.1,22.4,56.64,4.68,5.27,7,2.5,2.87,Average,INT1071,57.54
2.44,80.4,65.2,62.65,6.62,4.43,10,2.76,3.65,Excellent,INT1072,87.31
1.45,8.6,75.3,3.17,0.0,7.65,16,1.5,1.0,Average,INT1073,65.67
1.81,7.7,11.4,2.58,2.0,3.53,9,1.0,1.8,Average,INT1074,58.07
0.42,13.2,6.1,62.17,7.0,0.4,3,7.0,3.8,Fair,INT1075,41.47
0.16,26.1,33.7,50.98,2.8,6.98,6,3.25,2.12,Average,INT1076,60.54
3.73,52.1,87.9,62.27,6.08,3.3,8,3.19,3.43,Average,INT1077,63.85
3.04,82.0,67.1,56.74,2.25,9.0,18,4.96,1.9,Average,INT1078,60.16
1.23,23.4,60.9,53.06,3.32,3.35,7,2.05,2.33,Average,INT1079,56.81
3.33,34.5,58.0,71.84,7.7,2.68,10,7.0,4.08,Average,INT1080,65.66
3.56,91.7,93.6,95.66,9.45,5.57,9,5.9,4.78,Excellent,INT1081,89.06
3.17,75.4,72.9,89.56,4.68,5.5,12,1.32,2.87,Good,INT1082,78.12
1.24,34.7,56.5,65.27,4.68,6.18,10,3.92,2.87,Average,INT1083,58.68
1.01,67.6,17.4,96.24,5.68,4.63,15,5.79,3.27,Average,INT1084,67.7
1.54,36.5,8.9,66.48,4.68,3.0,9,6.52,2.87,Average,INT1085,57.1
2.52,65.5,63.6,53.63,3.42,3.43,5,3.83,2.37,Average,INT1086,60.46
2.42,74.5,88.0,99.7,8.55,2.55,27,4.46,4.42,Excellent,INT1087,92.38
1.68,83.5,94.9,66.83,7.6,7.55,9,2.2,4.04,Good,INT1088,84.06
2.14,6.0,8.2,73.3,2.0,6.14,7,6.86,1.8,Fair,INT1089,49.59
2.54,79.1,78.9,83.32,8.48,8.41,8,2.21,4.39,Good,INT1090,83.16
1.66,40.8,24.9,66.83,4.53,4.02,13,7.0,2.81,Good,INT1091,72.72
2.06,37.7,37.9,59.72,7.45,3.71,10,4.66,3.98,Good,INT1092,73.16
0.76,47.2,15.5,60.0,0.0,0.87,7,4.55,1.0,Fair,INT1093,42.53
0.4,54.3,44.4,73.48,2.82,1.36,8,3.96,2.13,Average,INT1094,55.58
2.32,21.9,48.3,95.58,4.2,9.53,11,2.12,2.68,Good,INT1095,83.96
2.26,68.3,52.1,50.5,7.15,4.94,12,1.78,3.86,Average,INT1096,59.32
3.79,95.4,95.8,89.13,10.0,9.66,13,2.12,5.0,Excellent,INT1097,92.93
3.65,61.5,91.0,66.83,7.5,8.85,20,2.48,4.0,Good,INT1098,82.13
3.63,43.7,78.3,73.91,4.82,6.73,12,5.95,2.93,Average,INT1099,69.24
3.9,61.2,91.2,81.89,10.0,7.53,19,3.28,5.0,Excellent,INT1100,89.45
3.44,63.7,65.8,84.34,6.72,8.05,14,1.31,3.69,Good,INT1101,72.9
1.99,48.4,37.2,52.92,6.25,2.75,10,6.82,3.5,Average,INT1102,64.85
1.59,71.7,67.0,66.83,9.68,6.75,14,6.07,4.87,Average,INT1103,65.25
1.36,41.3,15.3,79.19,1.12,1.6,6,6.14,1.45,Fair,INT1104,54.45
1.15,8.6,26.0,53.3,4.68,1.49,6,6.8,2.87,Average,INT1105,56.29
2.57,52.4,21.2,56.75,0.55,3.59,6,2.04,1.22,Average,INT1106,60.31
3.2,62.2,65.3,83.18,2.9,8.96,14,2.94,2.16,Excellent,INT1107,89.48
1.04,14.3,12.7,76.08,0.32,0.36,10,5.14,1.13,Average,INT1108,60.91
2.05,10.1,27.4,27.97,6.92,8.5,15,4.94,3.77,Fair,INT1109,48.88
3.82,91.5,69.7,76.76,6.05,7.2,12,1.79,3.42,Excellent,INT1110,87.98
3.31,75.9,43.9,95.63,1.43,6.4,11,5.78,1.57,Average,INT1111,67.15
1.32,48.5,34.3,50.78,1.6,4.49,12,3.92,1.64,Average,INT1112,60.5
0.5,14.0,2.5,82.13,4.3,3.19,14,2.07,2.72,Average,INT1113,60.06
0.73,37.9,7.0,14.55,3.82,5.45,14,3.98,2.53,Average,INT1114,59.56
0.78,10.8,55.6,14.84,7.7,4.69,7,4.13,4.08,Average,INT1115,55.89
2.91,42.5,68.6,57.53,7.5,9.38,10,4.31,4.0,Good,INT1116,77.62
3.81,91.0,77.8,71.15,10.0,9.53,10,1.12,5.0,Excellent,INT1117,93.8
0.63,47.4,67.7,56.93,7.3,3.81,13,6.46,3.92,Average,INT1118,64.99
2.71,36.7,56.8,64.09,5.05,6.3,14,2.48,3.02,Good,INT1119,81.57
2.26,26.4,35.3,81.28,6.4,3.67,14,1.61,3.56,Good,INT1120,75.83
1.52,48.2,35.5,70.56,9.45,8.3,4,5.96,4.78,Average,INT1121,68.85
0.69,30.5,62.0,61.72,1.55,4.93,7,6.46,1.62,Fair,INT1122,40.72
0.73,12.7,32.1,36.48,5.7,4.71,13,5.9,3.28,Average,INT1123,56.52
1.19,48.8,51.1,89.87,3.85,0.34,10,6.35,2.54,Average,INT1124,66.71
0.83,26.5,34.9,91.62,2.18,0.29,8,5.27,1.87,Fair,INT1125,50.03
3.05,62.1,20.3,92.33,6.72,6.76,12,3.83,3.69,Good,INT1126,81.16
3.53,94.3,83.5,42.77,10.0,9.14,23,1.64,5.0,Excellent,INT1127,92.75
1.6,18.1,58.7,89.67,6.0,4.63,7,3.21,3.4,Average,INT1128,66.03
1.92,24.8,39.9,60.61,1.98,6.9,8,2.84,1.79,Average,INT1129,62.8
2.24,90.7,96.0,86.92,6.02,8.85,8,2.77,3.41,Excellent,INT1130,96.47
0.88,84.7,40.1,97.42,2.75,5.95,9,4.97,2.1,Good,INT1131,77.76
0.35,49.0,56.0,50.69,2.38,0.83,13,3.92,1.95,Average,INT1132,56.41
1.38,70.2,66.1,72.02,7.25,1.86,11,1.62,3.9,Average,INT1133,69.29
3.08,58.6,89.2,82.39,6.3,9.04,13,2.37,3.52,Excellent,INT1134,90.29
1.72,28.5,59.5,85.09,0.62,6.1,9,5.58,1.25,Average,INT1135,69.5
3.51,53.0,51.8,2.58,1.12,3.13,13,3.92,1.45,Average,INT1136,64.6
0.43,83.6,5.3,29.52,7.1,4.68,11,6.38,3.84,Average,INT1137,55.4
3.17,75.6,84.4,80.76,10.0,4.24,10,3.83,5.0,Excellent,INT1138,89.45
3.56,71.3,65.1,58.22,1.88,0.76,11,3.39,1.75,Good,INT1139,71.02
3.05,75.1,78.5,66.83,10.0,4.62,6,4.78,5.0,Good,INT1140,78.77
2.65,78.1,70.9,89.16,9.68,9.08,19,6.45,4.87,Average,INT1141,68.65
1.81,48.4,73.7,53.99,10.0,8.15,8,3.0,5.0,Good,INT1142,84.76
0.45,3.1,4.9,17.72,1.65,0.21,7,5.56,1.66,Fair,INT1143,49.16
3.38,7.3,85.3,78.74,5.22,2.04,15,4.03,3.09,Good,INT1144,74.35
1.01,67.3,17.0,80.18,4.2,5.51,9,2.4,2.68,Average,INT1145,59.23
1.24,32.7,44.7,84.34,4.2,3.67,12,5.94,2.68,Average,INT1146,61.01
0.71,10.5,62.3,69.68,6.7,7.49,10,5.76,3.68,Average,INT1147,60.07
1.72,52.5,29.5,88.69,2.97,6.0,14,5.25,2.19,Average,INT1148,65.59
1.97,82.4,86.3,98.72,6.12,8.85,15,5.94,3.45,Good,INT1149,77.16
1.83,72.9,45.5,63.55,7.5,3.54,6,6.61,4.0,Average,INT1150,63.34
0.38,45.6,26.2,85.15,0.0,2.99,8,5.29,1.0,Fair,INT1151,46.78
3.06,32.7,49.5,96.42,3.6,9.02,7,5.99,2.44,Average,INT1152,63.52
1.11,21.0,26.1,84.31,3.18,4.24,13,5.47,2.27,Average,INT1153,58.92
1.44,23.7,84.7,84.06,3.65,2.9,11,4.68,2.46,Average,INT1154,59.14
1.33,81.8,42.3,61.19,10.0,5.61,13,4.98,5.0,Good,INT1155,72.84
0.89,3.4,2.6,36.98,0.0,0.55,8,5.26,1.0,Fair,INT1156,48.01
2.64,84.8,63.3,78.13,10.0,6.2,11,1.73,5.0,Excellent,INT1157,91.91
0.74,48.2,31.9,85.01,0.0,1.31,5,6.39,1.0,Fair,INT1158,41.41
2.85,47.7,21.4,99.84,10.0,0.67,14,6.63,5.0,Good,INT1159,71.49
3.0,71.9,79.1,0.38,6.22,2.12,15,1.26,3.49,Good,INT1160,82.1
0.21,19.0,23.5,53.26,0.0,0.07,12,6.1,1.0,Poor,INT1161,38.66
3.72,4.8,36.0,53.9,2.75,2.63,9,2.05,2.1,Average,INT1162,66.79
2.83,96.0,38.9,87.15,3.35,9.03,12,2.77,2.34,Excellent,INT1163,93.34
1.87,32.3,8.5,56.82,2.62,2.0,15,5.79,2.05,Average,INT1164,63.02
0.84,80.0,50.3,81.12,7.3,4.35,11,1.88,3.92,Good,INT1165,76.06
0.8,9.7,6.5,40.94,4.85,4.29,12,5.59,2.94,Average,INT1166,58.34
0.38,6.3,22.1,72.87,2.62,6.77,5,5.84,2.05,Poor,INT1167,34.75
1.94,82.0,79.0,60.78,4.07,8.81,11,3.79,2.63,Fair,INT1168,50.09
3.1,53.8,79.4,5.83,6.85,7.72,19,1.0,3.74,Excellent,INT1169,87.27
1.09,27.9,37.2,79.31,4.85,2.85,8,2.5,2.94,Average,INT1170,60.91
3.21,71.2,30.9,70.93,3.42,4.91,12,4.38,2.37,Good,INT1171,82.24
0.69,45.3,34.0,78.73,4.68,4.09,6,7.0,2.87,Average,INT1172,67.7
2.87,84.0,55.9,28.65,10.0,6.04,12,4.87,5.0,Good,INT1173,77.46
2.76,56.9,57.7,58.54,1.92,4.75,17,2.71,1.77,Good,INT1174,76.19
1.82,49.9,85.2,99.45,6.9,7.24,5,4.64,3.76,Good,INT1175,84.41
0.74,49.1,58.0,86.28,5.05,1.57,6,4.51,3.02,Average,INT1176,68.7
0.92,39.6,29.1,52.46,5.5,0.3,7,5.31,3.2,Average,INT1177,56.21
3.81,59.4,92.7,85.19,7.28,8.22,18,1.71,3.91,Excellent,INT1178,100.0
3.21,82.2,38.6,70.61,8.43,8.28,12,5.35,4.37,Average,INT1179,66.71
0.74,2.5,54.7,65.36,4.3,5.59,6,4.28,2.72,Fair,INT1180,46.82
0.48,37.6,8.6,57.7,6.75,3.54,7,6.6,3.7,Fair,INT1181,54.42
3.34,82.5,85.1,92.0,10.0,8.45,11,3.34,5.0,Excellent,INT1182,94.5
1.58,51.3,68.4,53.19,5.45,1.91,9,5.19,3.18,Average,INT1183,63.96
1.13,47.6,25.4,41.52,5.35,7.34,12,6.83,3.14,Fair,INT1184,53.78
2.98,76.1,40.2,8.32,10.0,5.28,17,1.3,5.0,Excellent,INT1185,86.04
1.21,44.3,25.6,36.75,7.4,3.45,9,6.39,3.96,Average,INT1186,67.91
1.04,18.4,56.7,75.41,0.0,5.71,8,5.55,1.0,Fair,INT1187,48.93
2.85,88.1,20.8,50.59,4.18,8.04,11,1.35,2.67,Good,INT1188,84.59
1.31,89.7,52.3,65.05,4.82,4.22,12,3.25,2.93,Average,INT1189,62.84
2.45,21.7,34.5,96.68,5.9,7.72,15,5.14,3.36,Average,INT1190,69.8
1.12,17.2,78.1,35.46,3.58,8.44,18,1.85,2.43,Good,INT1191,80.76
0.62,18.7,20.9,68.02,4.68,2.97,7,4.92,2.87,Fair,INT1192,44.15
0.63,25.7,63.2,73.66,4.07,7.19,10,3.24,2.63,Average,INT1193,61.03
3.46,58.2,66.8,78.08,8.22,1.38,9,4.24,4.29,Good,INT1194,72.89
2.91,58.1,90.4,2.3,0.0,8.34,9,1.17,1.0,Good,INT1195,72.18
1.02,58.9,72.1,59.52,4.65,2.18,6,6.64,2.86,Fair,INT1196,45.17
1.82,18.2,48.1,73.08,5.85,4.19,7,7.0,3.34,Good,INT1197,75.28
0.46,28.3,16.3,87.88,2.77,2.2,6,6.5,2.11,Fair,INT1198,53.92
1.93,71.1,65.7,86.13,0.0,3.98,13,5.4,1.0,Average,INT1199,60.51
3.2,81.7,84.4,54.34,4.4,8.03,14,2.12,2.76,Excellent,INT1200,93.71
0.21,14.2,3.5,51.08,2.0,1.3,8,5.63,1.8,Fair,INT1201,43.21
1.99,78.4,63.8,0.0,5.9,6.33,22,1.5,3.36,Good,INT1202,76.66
3.21,89.6,83.3,0.0,8.08,9.01,13,1.46,4.23,Excellent,INT1203,96.47
2.42,72.8,67.6,79.22,4.68,7.71,13,3.35,2.87,Excellent,INT1204,88.77
2.59,72.9,42.4,23.97,10.0,6.0,16,3.55,5.0,Good,INT1205,80.39
2.3,65.1,33.9,31.34,4.15,5.26,17,5.27,2.66,Good,INT1206,73.29
0.89,71.6,80.4,84.98,2.77,2.87,9,4.68,2.11,Good,INT1207,73.71
1.69,6.8,22.8,86.09,6.28,5.89,3,4.12,3.51,Average,INT1208,60.69
2.44,40.2,74.3,58.63,4.68,4.24,10,2.62,2.87,Fair,INT1209,47.23
1.16,6.4,21.3,51.41,3.35,1.18,9,6.54,2.34,Fair,INT1210,41.12
1.76,52.3,15.9,31.81,3.42,4.82,12,3.38,2.37,Fair,INT1211,53.98
2.83,73.2,61.3,48.45,4.68,5.4,11,3.56,2.87,Good,INT1212,75.72
3.87,73.5,46.4,85.3,8.6,9.27,12,2.29,4.44,Excellent,INT1213,88.82
0.28,5.5,22.7,90.5,0.0,2.3,6,6.01,1.0,Fair,INT1214,41.28
0.45,39.6,24.1,80.53,5.88,2.84,6,5.35,3.35,Good,INT1215,72.48
0.23,19.5,44.7,55.54,4.47,4.15,7,1.84,2.79,Average,INT1216,58.81
3.21,78.1,80.8,6.1,6.32,5.2,13,1.9,3.53,Good,INT1217,79.19
2.78,74.5,7.3,59.51,6.18,1.35,13,4.8,3.47,Good,INT1218,74.26
0.57,53.3,21.6,95.28,3.8,5.06,15,5.06,2.52,Average,INT1219,63.71
2.64,80.7,43.8,93.58,4.68,3.32,13,2.2,2.87,Good,INT1220,75.96
0.18,33.8,53.1,65.11,0.0,0.02,11,6.29,1.0,Poor,INT1221,30.22
3.69,81.5,65.3,7.75,1.53,8.74,4,3.92,1.61,Good,INT1222,76.85
2.62,76.0,50.6,92.56,9.65,8.89,10,3.66,4.86,Excellent,INT1223,89.46
0.98,47.7,95.2,66.83,4.15,7.23,8,6.79,2.66,Good,INT1224,70.72
3.09,20.2,19.8,62.53,0.0,6.73,13,3.07,1.0,Average,INT1225,64.5
2.25,49.2,14.1,97.69,1.72,4.88,9,4.62,1.69,Average,INT1226,63.47
3.23,80.2,39.3,72.54,6.52,6.35,12,3.74,3.61,Good,INT1227,76.45
2.69,35.5,71.0,24.02,10.0,8.34,12,2.25,5.0,Good,INT1228,84.61
0.98,13.5,22.9,55.49,0.18,1.07,13,3.92,1.07,Fair,INT1229,42.22
1.12,64.4,36.0,82.38,4.68,5.36,14,3.92,2.87,Average,INT1230,69.29
1.07,60.2,32.3,71.89,9.95,5.05,12,6.7,4.98,Average,INT1231,68.47
1.99,47.1,49.4,54.72,5.6,5.6,7,2.13,3.24,Good,INT1232,74.94
0.15,30.4,62.0,87.02,3.1,1.97,5,2.78,2.24,Average,INT1233,60.52
3.43,65.3,88.6,6.81,8.27,7.99,8,1.05,4.31,Excellent,INT1234,95.54
0.87,14.5,19.9,86.27,0.0,1.21,12,4.8,1.0,Fair,INT1235,52.29
1.02,31.3,28.8,60.11,0.1,1.81,14,2.83,1.04,Average,INT1236,62.83
0.96,47.9,57.7,54.96,4.8,7.73,5,6.37,2.92,Average,INT1237,58.6
1.89,72.0,92.4,50.54,3.75,6.1,9,3.58,2.5,Good,INT1238,74.32
0.2,11.4,9.2,65.26,8.62,2.67,7,6.94,4.45,Fair,INT1239,44.96
2.91,63.2,87.3,69.94,0.3,3.29,20,1.83,1.12,Average,INT1240,67.83
1.14,71.5,29.4,91.76,6.3,8.78,11,6.1,3.52,Fair,INT1241,49.15
0.82,60.9,13.3,69.52,6.25,2.76,1,6.02,3.5,Good,INT1242,73.85
0.74,17.4,3.7,50.56,2.0,0.71,6,5.87,1.8,Poor,INT1243,33.89
0.82,11.7,64.0,67.62,3.75,2.58,7,5.72,2.5,Average,INT1244,56.76
0.68,14.5,65.6,74.95,3.87,1.25,14,5.68,2.55,Fair,INT1245,43.84
1.23,73.8,57.5,97.45,10.0,8.02,12,4.89,5.0,Good,INT1246,82.93
3.4,78.4,66.4,62.88,6.75,3.78,6,1.38,3.7,Excellent,INT1247,86.32
0.42,41.0,5.8,7.52,0.0,5.52,7,1.17,1.0,Average,INT1248,67.43
0.47,18.4,29.9,59.26,5.6,2.82,10,6.29,3.24,Fair,INT1249,40.65
0.76,26.2,34.8,58.17,8.02,3.14,10,4.67,4.21,Average,INT1250,69.58
1.81,40.8,17.1,63.43,3.05,1.8,12,6.06,2.22,Average,INT1251,62.6
3.4,93.6,69.0,50.3,2.18,4.57,8,3.55,1.87,Average,INT1252,66.02
3.4,64.0,37.6,56.36,8.48,7.68,12,1.32,4.39,Excellent,INT1253,91.05
3.83,65.2,91.2,76.9,10.0,6.7,6,1.52,5.0,Excellent,INT1254,94.63
0.87,4.4,7.8,62.38,5.28,0.78,2,5.56,3.11,Fair,INT1255,51.64
2.66,48.6,65.4,66.83,7.5,7.93,12,3.83,4.0,Good,INT1256,77.06
0.56,67.9,29.1,67.99,2.0,4.91,11,1.72,1.8,Average,INT1257,59.01
0.96,20.4,3.5,63.71,7.78,3.4,4,3.85,4.11,Average,INT1258,56.17
3.76,98.4,97.1,44.0,7.5,9.61,12,1.15,4.0,Excellent,INT1259,95.12
2.19,30.3,60.2,73.21,4.75,2.71,9,4.63,2.9,Average,INT1260,58.96
1.28,69.8,30.6,56.22,0.0,4.18,10,2.57,1.0,Average,INT1261,56.08
1.1,13.5,33.5,30.6,7.02,3.45,9,6.25,3.81,Fair,INT1262,50.4
3.51,70.3,87.3,96.6,3.63,9.18,26,2.58,2.45,Excellent,INT1263,86.11
3.09,56.5,66.2,66.83,3.87,6.61,3,3.82,2.55,Good,INT1264,73.77
3.25,87.4,96.1,5.04,9.28,9.48,14,1.27,4.71,Excellent,INT1265,90.18
3.81,86.8,91.0,84.95,6.45,8.9,18,1.76,3.58,Excellent,INT1266,100.0
0.61,53.2,36.8,54.39,1.75,1.81,12,3.26,1.7,Good,INT1267,71.64
0.6,58.4,56.1,85.63,0.0,6.98,6,4.07,1.0,Average,INT1268,58.98
1.65,53.2,71.5,62.37,4.32,7.86,12,4.4,2.73,Excellent,INT1269,86.37
2.52,37.8,21.2,76.87,6.65,2.83,11,2.69,3.66,Average,INT1270,60.9
2.02,25.9,70.4,66.83,1.0,5.45,4,5.57,1.4,Fair,INT1271,48.11
1.19,12.0,31.4,59.37,0.0,2.41,6,6.61,1.0,Poor,INT1272,33.76
1.0,49.0,7.9,44.63,9.62,1.51,5,5.9,4.85,Average,INT1273,63.85
1.46,36.6,31.2,8.94,2.0,6.52,7,1.11,1.8,Average,INT1274,64.32
1.03,5.3,51.3,82.6,0.0,7.32,9,4.2,1.0,Average,INT1275,59.36
3.22,46.7,16.5,51.3,0.5,6.06,19,1.16,1.2,Average,INT1276,69.24
2.95,18.0,22.5,77.44,4.82,3.3,11,2.05,2.93,Average,INT1277,65.51
3.06,71.5,96.5,79.75,5.55,2.24,9,7.0,3.22,Average,INT1278,61.95
3.57,92.2,75.6,66.83,3.18,9.76,11,1.64,2.27,Excellent,INT1279,90.29
3.46,17.2,85.0,60.42,10.0,5.22,17,4.44,5.0,Good,INT1280,78.64
1.16,20.1,75.1,63.81,6.62,1.17,14,4.65,3.65,Fair,INT1281,49.52
0.35,19.1,6.8,64.65,2.0,1.56,6,5.14,1.8,Average,INT1282,56.99
1.89,19.7,57.4,4.77,10.0,7.34,9,4.54,5.0,Good,INT1283,83.18
1.64,77.8,93.6,9.36,2.0,8.47,9,1.33,1.8,Average,INT1284,68.93
3.12,91.2,84.1,66.83,8.3,6.49,19,2.94,4.32,Excellent,INT1285,86.88
0.94,42.1,92.1,55.98,0.0,4.37,9,3.82,1.0,Average,INT1286,63.54
3.67,64.2,62.8,87.19,4.47,7.96,11,1.8,2.79,Excellent,INT1287,98.48
2.45,8.8,87.6,69.75,0.0,7.21,17,2.92,1.0,Average,INT1288,67.61
3.75,89.2,76.5,8.07,3.9,8.68,18,1.0,2.56,Good,INT1289,72.24
2.01,96.6,70.1,62.85,9.07,8.34,9,1.6,4.63,Good,INT1290,81.97
3.77,94.1,83.0,97.84,0.88,8.69,14,2.97,1.35,Good,INT1291,81.38
0.82,46.5,48.2,65.52,0.68,2.13,11,2.27,1.27,Good,INT1292,71.99
0.96,23.9,46.2,66.5,9.55,5.87,9,4.54,4.82,Average,INT1293,69.77
0.64,46.0,41.0,59.48,2.3,3.15,4,5.63,1.92,Average,INT1294,68.83
1.32,13.7,2.8,66.83,0.0,1.46,13,5.64,1.0,Poor,INT1295,39.86
1.39,43.0,17.3,63.78,2.0,2.67,11,2.67,1.8,Fair,INT1296,49.88
1.08,40.0,53.9,66.51,4.07,3.6,13,1.65,2.63,Average,INT1297,69.02
0.62,31.1,57.3,45.96,0.0,1.89,17,1.17,1.0,Average,INT1298,59.38
0.53,61.1,46.9,2.29,1.65,8.96,14,4.35,1.66,Average,INT1299,67.84
1.06,31.2,20.3,70.57,0.0,3.78,9,5.2,1.0,Fair,INT1300,46.96
3.12,49.5,71.0,6.36,1.82,8.32,10,1.0,1.73,Good,INT1301,75.04
0.95,4.4,29.1,90.73,0.0,0.64,10,6.63,1.0,Fair,INT1302,50.84
3.61,30.8,48.8,61.29,4.98,6.75,13,1.14,2.99,Excellent,INT1303,88.79
0.26,35.5,31.3,89.92,0.65,3.86,6,4.09,1.26,Average,INT1304,58.29
0.1,3.3,10.4,55.06,2.22,1.01,18,5.39,1.89,Poor,INT1305,34.88
0.22,7.4,8.1,89.98,4.5,0.12,6,5.89,2.8,Fair,INT1306,41.95
1.42,36.1,7.4,56.01,7.5,5.61,14,5.55,4.0,Good,INT1307,71.78
0.48,17.1,6.9,56.24,2.0,4.32,6,5.89,1.8,Poor,INT1308,37.91
1.06,68.6,48.9,72.15,9.07,0.94,15,3.45,4.63,Excellent,INT1309,88.42
1.11,22.3,40.9,90.97,0.0,0.73,8,5.75,1.0,Fair,INT1310,45.47
1.82,34.2,28.0,77.62,3.08,6.66,14,1.96,2.23,Average,INT1311,68.57
2.71,87.5,37.8,93.75,9.1,6.54,7,6.45,4.64,Average,INT1312,65.68
1.36,65.8,62.4,99.47,4.15,2.79,10,4.76,2.66,Good,INT1313,71.69
2.86,56.7,56.4,54.77,7.02,8.06,11,5.43,3.81,Good,INT1314,75.16
2.86,82.7,93.8,80.64,6.95,7.93,21,3.94,3.78,Excellent,INT1315,92.89
3.44,92.7,79.2,87.72,7.3,8.21,14,5.18,3.92,Good,INT1316,80.57
0.35,53.1,21.5,61.61,1.02,2.29,9,3.71,1.41,Average,INT1317,68.18
0.46,15.5,74.0,58.36,6.55,3.64,5,5.47,3.62,Average,INT1318,56.21
1.36,63.5,74.2,87.98,5.55,6.63,9,1.79,3.22,Good,INT1319,73.9
3.96,96.9,71.4,36.33,8.98,8.47,14,1.42,4.59,Excellent,INT1320,91.95
0.54,72.4,55.9,56.75,5.52,6.05,14,2.04,3.21,Good,INT1321,70.26
1.13,84.7,44.8,65.74,7.8,5.29,6,2.15,4.12,Good,INT1322,74.6
0.65,60.0,30.7,67.93,4.32,3.58,15,5.79,2.73,Fair,INT1323,42.74
2.26,62.8,11.4,98.26,0.0,1.58,8,2.64,1.0,Average,INT1324,61.35
2.93,74.9,83.7,84.9,8.95,9.1,8,6.4,4.58,Good,INT1325,77.52
2.96,54.1,83.9,56.04,0.0,7.42,16,2.66,1.0,Average,INT1326,66.14
2.74,30.0,46.0,98.44,6.42,7.73,9,1.87,3.57,Good,INT1327,80.46
0.19,9.3,12.1,95.16,2.0,1.18,7,5.87,1.8,Fair,INT1328,45.14
2.67,74.8,86.4,75.6,10.0,5.25,9,5.43,5.0,Good,INT1329,77.34
0.78,33.2,14.5,95.28,4.28,2.19,17,3.61,2.71,Fair,INT1330,50.9
2.51,11.8,30.1,70.22,3.35,5.36,6,3.97,2.34,Good,INT1331,80.25
0.1,9.1,25.3,0.0,2.0,0.39,14,3.92,1.8,Fair,INT1332,45.48
3.75,91.6,80.1,40.55,6.38,7.58,18,3.92,3.55,Excellent,INT1333,87.58
1.67,20.5,11.6,83.12,9.3,2.19,13,6.95,4.72,Average,INT1334,60.73
0.57,21.7,16.0,75.05,5.65,2.94,9,6.67,3.26,Fair,INT1335,42.73
1.43,77.7,93.4,82.95,5.15,8.02,17,4.96,3.06,Average,INT1336,66.06
1.48,80.7,92.8,84.3,7.12,8.29,9,1.96,3.85,Average,INT1337,69.02
1.56,58.0,12.4,51.12,3.77,1.51,2,4.98,2.51,Fair,INT1338,41.74
3.82,93.0,84.1,52.7,8.1,8.97,16,1.26,4.24,Excellent,INT1339,92.29
2.71,65.2,47.4,0.0,1.53,2.64,8,3.92,1.61,Good,INT1340,76.16
1.02,49.1,85.3,66.83,3.48,5.05,12,2.97,2.39,Good,INT1341,70.07
1.18,47.1,55.9,81.63,0.0,6.52,4,4.04,1.0,Fair,INT1342,52.93
0.33,37.2,65.8,77.61,1.33,2.43,13,6.15,1.53,Fair,INT1343,48.37
2.58,86.9,82.0,79.29,7.5,6.21,6,5.36,4.0,Good,INT1344,78.87
0.66,1.6,4.5,65.12,3.12,1.44,12,5.09,2.25,Fair,INT1345,48.64
3.82,94.8,76.9,81.99,7.5,9.4,10,3.8,4.0,Excellent,INT1346,88.11
2.98,90.0,68.5,91.47,7.5,9.38,13,3.18,4.0,Excellent,INT1347,91.3
1.03,28.4,23.3,99.9,5.45,7.74,8,3.63,3.18,Average,INT1348,62.94
1.22,3.1,14.0,91.92,5.78,3.34,10,6.63,3.31,Fair,INT1349,42.83
3.53,87.5,76.6,9.83,10.0,9.29,14,1.5,5.0,Excellent,INT1350,99.02
0.61,11.5,38.0,59.67,1.43,1.73,5,6.38,1.57,Fair,INT1351,49.62
2.86,72.3,37.8,84.07,2.05,3.04,13,3.92,1.82,Fair,INT1352,52.62
0.75,45.5,69.9,96.88,2.25,3.37,10,3.8,1.9,Average,INT1353,69.16
2.73,27.2,52.7,60.59,3.48,3.65,10,5.77,2.39,Average,INT1354,62.28
2.73,39.8,67.5,62.8,7.5,8.54,16,4.34,4.0,Good,INT1355,78.18
0.96,26.9,22.7,57.45,2.0,2.76,10,6.46,1.8,Fair,INT1356,40.16
0.74,22.6,3.2,86.84,5.1,1.34,12,5.95,3.04,Fair,INT1357,41.41
2.38,63.5,13.6,37.33,6.72,6.2,15,3.9,3.69,Good,INT1358,83.35
1.57,76.9,77.7,53.13,2.5,6.74,11,2.82,2.0,Good,INT1359,80.05
0.64,43.8,77.0,68.69,3.4,2.97,6,4.36,2.36,Good,INT1360,71.26
1.48,74.7,52.4,77.88,7.2,6.94,4,6.16,3.88,Good,INT1361,70.93
3.09,84.2,54.6,66.55,8.3,5.67,15,1.88,4.32,Good,INT1362,71.21
0.58,8.5,10.5,67.2,2.57,1.31,6,4.29,2.03,Average,INT1363,69.76
1.85,16.7,74.9,66.83,1.23,5.62,13,5.04,1.49,Average,INT1364,58.06
0.19,62.7,30.6,3.81,1.95,2.69,5,5.14,1.78,Fair,INT1365,47.75
3.33,93.0,85.9,66.85,4.8,6.87,20,1.31,2.92,Excellent,INT1366,89.94
0.49,10.8,31.6,41.23,6.2,4.43,13,5.19,3.48,Average,INT1367,63.4
3.31,48.0,69.5,52.61,10.0,8.93,13,6.43,5.0,Good,INT1368,80.32
2.38,72.4,36.8,48.05,7.5,9.39,14,1.75,4.0,Average,INT1369,69.85
2.79,64.3,86.3,3.33,10.0,8.17,9,1.97,5.0,Excellent,INT1370,86.8
0.94,30.0,25.5,76.44,6.82,3.58,7,6.52,3.73,Good,INT1371,71.24
2.16,70.4,58.8,92.01,6.42,5.76,17,2.27,3.57,Good,INT1372,75.37
0.68,38.7,82.6,53.41,5.48,5.31,9,5.71,3.19,Average,INT1373,59.12
1.19,36.9,17.5,53.91,3.82,1.59,6,4.01,2.53,Fair,INT1374,54.77
3.04,96.0,18.4,77.81,8.67,9.12,11,2.13,4.47,Excellent,INT1375,88.39
0.28,26.2,25.1,81.96,8.5,2.7,15,5.92,4.4,Average,INT1376,56.56
2.51,46.3,44.6,60.57,10.0,8.1,11,3.56,5.0,Good,INT1377,78.47
2.68,57.0,43.8,87.26,0.0,4.15,7,3.69,1.0,Average,INT1378,64.85
1.01,78.1,13.1,82.31,6.28,0.99,5,2.83,3.51,Average,INT1379,60.12
3.36,47.1,67.6,2.12,4.0,7.14,12,4.41,2.6,Average,INT1380,60.98
2.27,85.8,62.9,66.83,1.75,3.1,11,1.81,1.7,Good,INT1381,72.89
2.32,27.8,34.8,87.57,5.05,4.31,12,3.6,3.02,Excellent,INT1382,87.79
1.77,26.2,31.3,26.3,5.55,2.32,12,6.39,3.22,Fair,INT1383,54.2
3.05,38.4,63.1,7.59,8.88,6.64,20,2.91,4.55,Good,INT1384,79.53
0.15,14.4,14.6,77.59,2.32,1.48,4,5.26,1.93,Fair,INT1385,53.85
1.74,60.3,55.9,5.88,4.68,6.39,7,3.22,2.87,Good,INT1386,75.22
2.52,53.4,39.0,0.86,0.0,4.73,6,5.45,1.0,Fair,INT1387,51.16
1.91,91.4,71.1,50.22,7.5,6.16,10,2.11,4.0,Good,INT1388,84.84
3.34,56.9,69.9,41.81,10.0,9.64,21,6.5,5.0,Good,INT1389,75.4
1.03,6.8,66.6,60.86,8.08,2.78,12,3.34,4.23,Average,INT1390,65.47
1.17,24.6,19.3,87.17,0.0,1.05,8,1.96,1.0,Average,INT1391,58.95
0.89,57.4,56.5,66.83,0.0,1.96,8,1.88,1.0,Average,INT1392,56.61
2.74,80.3,97.8,8.88,10.0,8.65,22,1.83,5.0,Excellent,INT1393,90.16
2.42,72.1,72.1,91.9,1.12,3.81,6,4.54,1.45,Good,INT1394,81.07
2.8,88.8,62.8,91.64,2.88,3.48,12,2.79,2.15,Excellent,INT1395,90.86
1.51,40.3,13.4,57.63,2.05,1.32,6,6.38,1.82,Fair,INT1396,45.67
3.39,74.7,57.0,81.52,2.62,8.38,16,3.99,2.05,Good,INT1397,81.23
1.71,34.4,50.1,66.83,4.38,8.12,17,2.91,2.75,Good,INT1398,71.23
0.95,11.4,57.7,64.94,2.72,2.23,11,4.7,2.09,Average,INT1399,58.81
1.64,46.3,57.1,86.15,7.45,4.86,7,5.61,3.98,Good,INT1400,71.27
1.45,63.9,65.8,76.56,0.0,0.9,9,2.45,1.0,Average,INT1401,63.8
3.11,30.9,75.3,86.53,4.02,3.8,17,1.83,2.61,Good,INT1402,74.13
3.41,83.9,60.5,2.74,10.0,9.09,10,1.14,5.0,Excellent,INT1403,95.07
0.85,25.7,42.8,76.43,1.7,2.26,8,5.64,1.68,Average,INT1404,57.61
2.69,41.4,56.6,64.56,5.9,7.81,14,4.78,3.36,Good,INT1405,76.43
3.04,57.9,75.7,98.63,3.4,2.46,7,4.1,2.36,Good,INT1406,79.42
0.21,29.1,17.3,92.86,0.0,1.16,3,5.64,1.0,Fair,INT1407,46.23
1.32,49.9,29.9,86.66,9.8,6.62,8,5.85,4.92,Average,INT1408,66.2
3.32,49.7,30.6,62.59,2.55,7.34,10,4.13,2.02,Good,INT1409,76.63
0.88,11.1,32.2,67.34,0.0,3.31,5,6.0,1.0,Fair,INT1410,45.4
0.7,46.0,62.7,66.83,0.7,5.44,3,2.0,1.28,Good,INT1411,70.53
3.4,90.2,73.6,66.26,3.68,5.38,15,2.01,2.47,Good,INT1412,70.58
0.5,24.8,23.1,86.64,2.72,1.1,8,2.31,2.09,Average,INT1413,59.73
1.85,58.5,43.3,86.82,0.0,9.48,21,3.92,1.0,Average,INT1414,67.07
1.2,61.6,66.8,50.92,3.65,2.5,9,4.48,2.46,Average,INT1415,59.91
0.89,35.6,15.5,35.59,2.55,0.33,7,6.62,2.02,Fair,INT1416,44.56
3.01,95.7,87.6,2.03,10.0,9.64,14,1.0,5.0,Excellent,INT1417,90.56
2.93,86.5,91.6,0.0,3.25,6.31,17,1.46,2.3,Good,INT1418,84.49
2.7,77.0,77.2,9.8,7.08,9.14,10,3.67,3.83,Average,INT1419,69.07
2.3,23.6,6.9,56.44,2.8,8.48,11,6.11,2.12,Fair,INT1420,52.21
3.16,71.7,67.4,89.53,9.05,6.24,16,2.93,4.62,Good,INT1421,80.78
0.57,19.3,13.0,39.53,0.1,3.47,8,4.49,1.04,Average,INT1422,55.1
3.92,66.8,89.8,0.0,10.0,6.05,17,1.0,5.0,Excellent,INT1423,98.98
2.73,89.6,13.7,80.37,9.3,9.45,9,1.96,4.72,Good,INT1424,84.62
1.85,49.9,47.5,58.01,3.32,0.7,4,7.0,2.33,Average,INT1425,61.09
0.8,12.5,33.0,88.93,7.65,0.47,11,7.0,4.06,Fair,INT1426,49.55
1.56,79.5,54.1,0.57,3.0,6.08,12,1.38,2.2,Average,INT1427,66.39
2.17,24.2,16.0,60.55,6.22,5.32,15,7.0,3.49,Fair,INT1428,54.46
0.74,6.3,79.0,77.91,0.0,0.83,6,4.64,1.0,Fair,INT1429,48.88
1.86,19.9,65.6,48.6,6.75,2.25,4,6.6,3.7,Fair,INT1430,51.61
0.33,9.8,23.2,96.01,4.68,0.88,12,4.17,2.87,Average,INT1431,59.53
2.5,63.0,47.2,94.0,5.78,4.69,11,4.09,3.31,Good,INT1432,77.78
2.2,44.3,15.3,74.17,7.5,4.31,15,3.78,4.0,Good,INT1433,82.31
1.21,32.7,26.6,67.96,8.65,0.88,7,4.91,4.46,Fair,INT1434,54.35
3.32,92.0,45.5,4.41,7.5,8.93,13,1.67,4.0,Excellent,INT1435,88.34
3.35,38.8,76.1,9.78,7.08,6.8,13,1.0,3.83,Good,INT1436,75.57
2.29,27.6,72.9,66.83,4.45,6.0,8,2.97,2.78,Average,INT1437,68.81
1.26,48.3,35.0,90.25,8.8,3.25,6,5.29,4.52,Good,INT1438,81.09
3.3,85.2,38.3,65.54,3.9,8.16,12,2.17,2.56,Excellent,INT1439,88.99
3.17,19.2,86.9,59.5,9.85,6.31,12,4.64,4.94,Average,INT1440,67.99
0.54,14.2,13.4,73.77,0.47,0.71,8,7.0,1.19,Fair,INT1441,41.29
0.87,18.4,67.7,53.45,2.95,7.82,16,1.23,2.18,Good,INT1442,75.83
0.31,12.0,8.9,85.06,4.25,1.34,8,4.65,2.7,Average,INT1443,56.42
3.57,86.9,71.8,75.92,3.95,6.15,9,3.78,2.58,Average,INT1444,69.03
0.41,88.9,25.7,74.82,0.0,5.33,9,6.11,1.0,Fair,INT1445,54.73
3.57,72.4,40.7,65.02,3.32,8.98,13,1.62,2.33,Good,INT1446,83.88
3.82,72.2,96.9,67.62,3.95,8.7,7,5.02,2.58,Good,INT1447,83.56
1.09,30.7,84.1,54.52,1.65,6.39,21,6.3,1.66,Fair,INT1448,51.71
0.07,12.8,34.0,93.49,0.0,0.37,7,6.79,1.0,Fair,INT1449,40.08
1.45,32.8,71.4,68.84,7.5,4.16,9,4.96,4.0,Good,INT1450,71.61
2.8,13.6,75.2,94.03,0.0,1.57,8,3.67,1.0,Average,INT1451,56.24
2.15,60.2,40.3,86.44,8.22,6.99,16,4.84,4.29,Good,INT1452,76.72
0.15,13.1,3.8,27.39,0.0,1.75,7,6.6,1.0,Poor,INT1453,33.94
0.82,35.8,30.4,91.58,3.5,5.35,5,4.57,2.4,Average,INT1454,64.5
3.94,87.8,94.8,5.88,10.0,9.64,16,1.49,5.0,Excellent,INT1455,100.0
0.27,5.4,9.2,51.62,4.68,1.14,7,6.61,2.87,Poor,INT1456,35.49
1.43,39.2,24.1,56.69,0.0,4.54,7,5.36,1.0,Fair,INT1457,49.98
2.52,15.8,35.4,58.37,0.57,6.29,16,5.46,1.23,Average,INT1458,56.88
3.89,89.1,91.8,51.39,10.0,7.79,7,2.56,5.0,Excellent,INT1459,96.82
2.27,83.8,86.1,87.33,7.5,5.82,11,5.36,4.0,Good,INT1460,80.21
0.91,41.7,48.8,86.01,6.38,5.76,15,3.29,3.55,Average,INT1461,58.9
1.12,2.8,2.4,82.98,4.8,4.3,5,5.31,2.92,Fair,INT1462,45.82
3.16,90.2,81.7,88.31,1.27,7.0,13,1.76,1.51,Excellent,INT1463,92.41
0.53,49.4,79.3,46.24,5.38,3.31,7,5.32,3.15,Average,INT1464,57.61
0.62,18.7,48.8,63.04,6.22,2.01,8,6.54,3.49,Average,INT1465,58.97
1.16,43.5,76.5,5.57,0.0,3.92,7,1.45,1.0,Average,INT1466,69.09
0.06,2.8,4.6,50.91,3.32,1.14,5,7.0,2.33,Poor,INT1467,35.71
0.61,68.9,67.4,68.33,6.38,8.45,12,3.11,3.55,Good,INT1468,79.89
0.16,8.5,6.7,86.44,0.0,0.91,6,6.38,1.0,Fair,INT1469,48.16
0.67,31.4,28.7,71.36,3.58,1.81,12,6.01,2.43,Good,INT1470,70.44
0.38,13.5,14.6,9.88,0.08,1.68,7,4.19,1.03,Fair,INT1471,41.69
2.42,7.8,40.8,32.04,0.0,0.69,15,5.34,1.0,Fair,INT1472,44.19
2.5,89.0,42.7,50.91,10.0,8.72,15,6.34,5.0,Good,INT1473,78.26
1.36,54.9,11.6,98.24,6.32,1.55,7,3.44,3.53,Good,INT1474,77.89
3.02,46.4,74.3,41.83,10.0,7.14,15,2.5,5.0,Good,INT1475,78.41
0.6,23.5,31.8,41.65,0.0,2.54,8,4.61,1.0,Fair,INT1476,48.2
2.98,83.6,67.0,65.92,5.6,7.82,13,5.45,3.24,Average,INT1477,61.79
1.13,26.4,51.3,62.83,9.25,3.05,4,5.33,4.7,Average,INT1478,62.47
0.53,43.8,13.6,51.05,5.15,1.41,14,5.54,3.06,Fair,INT1479,43.36
3.96,99.2,88.4,66.83,3.3,9.12,21,3.85,2.32,Good,INT1480,83.88
2.66,43.8,37.9,72.46,3.53,6.71,8,5.98,2.41,Average,INT1481,62.55
1.82,53.4,59.0,59.9,1.4,9.25,15,1.98,1.56,Good,INT1482,74.46
2.16,24.0,55.7,3.98,3.08,2.2,13,3.84,2.23,Average,INT1483,64.49
3.04,37.2,98.2,0.0,3.28,4.63,13,1.02,2.31,Excellent,INT1484,90.96
2.68,82.2,74.5,94.73,5.65,2.2,21,2.77,3.26,Average,INT1485,66.19
0.74,36.0,59.9,96.84,3.53,1.15,11,3.55,2.41,Good,INT1486,70.57
1.39,77.1,76.0,80.9,2.92,2.97,14,3.59,2.17,Average,INT1487,66.27
0.54,29.2,1.3,16.42,3.5,0.36,16,5.54,2.4,Fair,INT1488,48.47
3.74,63.1,85.9,87.04,5.1,7.69,16,2.88,3.04,Excellent,INT1489,89.85
2.0,20.7,65.2,55.5,6.82,6.08,7,3.91,3.73,Average,INT1490,60.17
3.62,95.6,78.6,57.26,10.0,8.77,13,2.47,5.0,Excellent,INT1491,92.8
2.36,49.0,49.5,88.97,0.42,3.56,9,3.57,1.17,Average,INT1492,68.43
2.39,39.1,30.2,66.83,1.65,4.21,19,2.37,1.66,Good,INT1493,75.8
2.79,53.3,64.2,72.32,7.38,9.6,9,1.48,3.95,Excellent,INT1494,93.79
2.41,39.3,23.5,86.91,4.95,5.75,10,4.17,2.98,Average,INT1495,66.07
2.49,75.5,68.0,84.66,4.98,4.47,4,5.18,2.99,Good,INT1496,70.36
0.6,30.2,57.0,63.09,0.0,1.98,10,4.49,1.0,Fair,INT1497,42.26
1.26,39.5,83.0,96.24,1.48,2.9,6,3.3,1.59,Average,INT1498,67.33
2.94,77.1,21.9,58.98,2.2,8.36,8,2.85,1.88,Average,INT1499,56.75
2.23,83.5,37.0,95.24,5.0,5.09,7,6.64,3.0,Good,INT1500,80.2
0.88,29.3,12.8,65.63,5.07,2.56,8,3.96,3.03,Fair,INT1501,53.67
3.05,96.9,37.1,9.88,10.0,2.71,11,4.25,5.0,Good,INT1502,82.53
3.67,88.4,72.0,4.97,4.25,8.37,14,1.61,2.7,Excellent,INT1503,92.27
0.69,58.5,22.3,50.12,5.4,2.13,16,3.49,3.16,Fair,INT1504,53.85
3.13,61.5,85.0,51.95,4.93,7.94,9,3.66,2.97,Good,INT1505,82.48
3.2,89.9,59.1,63.12,10.0,6.25,16,3.78,5.0,Good,INT1506,83.53
3.36,43.7,76.0,94.24,7.5,5.11,14,4.27,4.0,Good,INT1507,83.72
1.75,39.8,67.2,84.57,0.0,1.85,14,3.85,1.0,Fair,INT1508,54.86
2.28,95.8,72.8,83.31,4.68,4.12,15,4.79,2.87,Average,INT1509,63.97
1.42,45.3,58.1,34.68,5.35,0.93,12,5.58,3.14,Fair,INT1510,49.51
0.42,15.1,3.0,0.0,4.42,0.85,8,5.48,2.77,Poor,INT1511,33.87
3.36,41.4,44.3,66.83,3.48,6.3,12,5.49,2.39,Good,INT1512,70.15
1.61,56.5,56.8,58.55,8.05,4.7,11,6.79,4.22,Average,INT1513,62.13
1.72,19.5,46.9,0.32,7.82,2.24,7,1.47,4.13,Good,INT1514,76.73
2.41,79.3,87.9,80.02,9.4,5.79,19,2.28,4.76,Excellent,INT1515,87.49
3.09,87.2,46.4,6.12,5.78,6.76,16,1.12,3.31,Good,INT1516,82.3
0.48,22.0,17.2,59.93,1.25,1.06,13,4.82,1.5,Average,INT1517,56.72
0.81,48.8,16.3,57.03,2.0,1.64,8,6.35,1.8,Poor,INT1518,31.89
2.85,88.2,46.7,56.16,6.6,9.09,15,3.92,3.64,Good,INT1519,77.59
2.6,41.7,17.0,72.4,6.05,3.47,4,6.2,3.42,Good,INT1520,75.14
2.4,71.9,45.4,26.6,4.35,2.53,13,1.31,2.74,Good,INT1521,83.13
0.09,2.4,4.4,98.85,2.0,1.62,7,6.77,1.8,Fair,INT1522,41.41
1.9,26.7,71.7,66.83,0.0,6.27,14,3.04,1.0,Average,INT1523,58.38
0.51,10.3,10.9,55.52,0.0,5.85,11,1.39,1.0,Fair,INT1524,52.72
3.04,42.0,73.8,48.96,0.7,5.28,10,3.71,1.28,Good,INT1525,73.39
3.72,79.8,93.9,54.0,7.08,6.67,11,2.27,3.83,Good,INT1526,82.06
3.27,21.0,43.5,80.12,4.68,3.64,14,2.55,2.87,Average,INT1527,63.78
3.55,89.5,84.5,92.53,7.88,9.37,14,3.21,4.15,Excellent,INT1528,92.85
0.24,25.2,22.0,52.39,5.05,3.76,7,5.83,3.02,Fair,INT1529,51.95
2.9,68.6,76.2,89.99,10.0,4.67,4,3.97,5.0,Good,INT1530,75.08
3.59,26.3,83.1,69.72,10.0,2.99,18,2.75,5.0,Excellent,INT1531,88.92
0.42,14.8,11.0,22.66,4.82,1.81,5,4.27,2.93,Fair,INT1532,42.79
3.45,30.6,77.7,23.04,6.5,4.19,15,5.7,3.6,Average,INT1533,69.1
2.05,26.1,31.0,66.83,0.0,2.43,12,2.55,1.0,Good,INT1534,70.11
2.02,90.0,66.9,66.83,0.0,6.25,17,3.96,1.0,Average,INT1535,63.93
3.82,23.1,78.6,93.34,7.5,8.38,11,1.58,4.0,Excellent,INT1536,93.78
3.68,79.0,94.6,37.49,10.0,7.96,15,2.43,5.0,Excellent,INT1537,94.63
0.28,34.6,69.0,26.24,2.57,2.09,9,4.85,2.03,Average,INT1538,58.33
1.48,37.5,34.5,49.95,5.45,5.16,15,1.67,3.18,Good,INT1539,77.77
3.82,68.7,81.3,90.87,2.08,3.23,13,3.68,1.83,Good,INT1540,80.05
3.59,92.5,23.1,86.31,10.0,7.35,9,5.36,5.0,Good,INT1541,77.0
2.82,58.7,83.3,74.44,3.22,3.82,12,1.45,2.29,Average,INT1542,61.0
3.7,89.6,75.8,54.11,3.1,4.88,15,4.34,2.24,Good,INT1543,84.45
3.23,69.1,48.8,56.02,0.0,3.98,13,2.86,1.0,Good,INT1544,73.34
2.42,52.3,49.9,95.5,2.0,5.33,7,6.53,1.8,Average,INT1545,56.4
2.37,79.2,54.5,92.32,6.25,5.3,8,3.71,3.5,Good,INT1546,70.72
1.04,62.4,11.3,61.58,0.1,3.2,10,6.19,1.04,Average,INT1547,60.1
3.52,38.5,91.7,0.82,8.95,8.39,17,4.29,4.58,Excellent,INT1548,92.34
2.97,82.2,89.3,7.16,7.48,5.98,9,1.59,3.99,Excellent,INT1549,87.4
3.45,73.6,86.1,83.76,10.0,1.32,10,4.67,5.0,Good,INT1550,81.02
0.98,6.6,6.0,78.03,0.0,1.09,14,6.61,1.0,Fair,INT1551,46.06
1.43,65.0,24.3,67.77,10.0,5.67,11,4.28,5.0,Average,INT1552,67.8
1.39,48.5,39.9,78.44,5.62,3.73,12,6.34,3.25,Average,INT1553,67.39
1.74,78.5,57.8,62.87,6.3,5.08,18,6.71,3.52,Average,INT1554,61.04
1.41,74.6,63.0,72.01,5.58,2.64,15,2.85,3.23,Good,INT1555,77.91
1.11,82.9,33.9,64.04,7.65,4.66,9,2.17,4.06,Good,INT1556,75.77
3.01,24.5,69.0,56.14,8.1,3.0,12,4.99,4.24,Good,INT1557,74.42
2.59,52.8,44.0,66.09,10.0,8.34,15,3.38,5.0,Good,INT1558,75.91
0.95,14.2,15.5,92.6,0.0,1.21,7,5.99,1.0,Fair,INT1559,45.41
1.35,77.1,51.8,69.05,10.0,8.75,9,6.73,5.0,Average,INT1560,67.22
2.99,26.4,20.7,87.4,3.65,3.63,5,2.8,2.46,Average,INT1561,69.89
2.0,16.3,15.6,58.76,0.03,5.24,12,2.14,1.01,Average,INT1562,56.12
1.41,18.6,80.0,71.22,3.7,3.01,9,5.49,2.48,Average,INT1563,68.63
0.66,90.4,74.0,55.74,1.82,6.96,9,2.94,1.73,Average,INT1564,68.79
1.28,36.6,89.6,56.93,10.0,7.1,13,5.81,5.0,Average,INT1565,68.79
1.51,40.2,41.6,80.87,6.62,2.23,12,3.4,3.65,Average,INT1566,58.58
0.35,3.1,20.4,80.37,0.0,1.17,9,5.51,1.0,Fair,INT1567,41.75
2.79,83.5,60.5,60.67,8.95,8.74,16,1.45,4.58,Good,INT1568,76.67
1.46,7.9,26.9,73.72,0.0,4.07,13,4.49,1.0,Fair,INT1569,51.96
2.83,31.1,75.4,66.83,7.05,3.23,12,3.83,3.82,Good,INT1570,82.6
1.09,16.9,67.4,58.71,0.0,3.12,11,4.82,1.0,Fair,INT1571,54.57
2.3,53.0,68.5,50.96,3.92,3.0,9,1.58,2.57,Average,INT1572,68.0
0.5,14.8,14.4,82.6,0.0,3.09,13,5.54,1.0,Fair,INT1573,50.75
2.11,38.6,20.5,52.67,6.88,0.59,5,5.72,3.75,Poor,INT1574,37.76
3.09,86.4,59.0,99.0,2.82,8.48,17,2.33,2.13,Excellent,INT1575,99.24
1.43,20.0,27.2,80.48,0.0,0.77,10,1.33,1.0,Average,INT1576,66.8
3.62,93.0,96.2,4.17,3.97,6.16,10,1.0,2.59,Excellent,INT1577,91.79
2.9,69.5,44.5,44.85,7.5,6.05,14,4.82,4.0,Good,INT1578,78.49
1.2,20.4,84.4,66.83,8.8,2.83,14,5.07,4.52,Good,INT1579,72.9
2.71,82.8,77.0,54.53,10.0,3.02,21,4.49,5.0,Good,INT1580,75.41
1.89,14.1,51.8,74.4,5.1,4.42,10,2.83,3.04,Average,INT1581,68.63
2.02,59.8,44.3,81.28,6.5,6.08,8,3.51,3.6,Average,INT1582,63.83
1.35,50.7,47.8,59.2,4.68,8.37,21,4.08,2.87,Good,INT1583,74.88
3.56,43.6,45.2,78.13,6.65,1.11,10,3.75,3.66,Good,INT1584,80.06
1.9,77.1,35.7,56.66,5.9,2.09,16,7.0,3.36,Average,INT1585,57.43
2.05,26.7,31.2,50.88,4.68,6.89,5,1.96,2.87,Good,INT1586,72.86
0.14,34.1,7.7,81.53,6.15,2.26,9,5.65,3.46,Average,INT1587,61.09
1.15,52.7,40.2,82.42,2.0,5.58,11,3.09,1.8,Average,INT1588,58.04
3.47,72.1,28.1,79.18,9.85,7.56,9,3.37,4.94,Good,INT1589,83.84
3.87,36.0,15.5,59.17,6.28,2.17,19,5.17,3.51,Average,INT1590,66.31
2.19,24.9,10.6,0.43,6.72,3.57,16,4.98,3.69,Average,INT1591,66.15
1.93,64.8,73.4,52.83,6.5,3.91,11,6.7,3.6,Average,INT1592,64.61
2.89,79.8,70.0,80.46,2.85,6.34,13,1.71,2.14,Good,INT1593,75.86
1.49,43.0,70.1,77.7,4.95,4.56,17,1.76,2.98,Good,INT1594,76.66
3.57,51.3,73.1,62.0,8.22,7.41,8,5.16,4.29,Good,INT1595,81.61
2.57,70.0,86.4,94.77,9.98,5.73,16,4.05,4.99,Excellent,INT1596,86.13
1.69,84.3,87.3,92.52,0.15,7.88,5,2.85,1.06,Good,INT1597,76.02
1.19,80.8,66.4,99.03,5.3,2.35,7,1.44,3.12,Average,INT1598,69.9
3.65,87.0,95.3,98.81,0.0,6.29,17,1.57,1.0,Good,INT1599,76.26
1.4,10.6,37.6,61.53,4.68,5.41,13,6.33,2.87,Average,INT1600,68.03
2.7,79.2,76.5,97.82,0.0,7.05,11,2.54,1.0,Good,INT1601,77.03
3.55,96.0,92.2,93.36,7.88,8.02,13,3.0,4.15,Excellent,INT1602,87.74
3.37,93.2,76.3,0.0,4.5,6.74,13,2.78,2.8,Excellent,INT1603,95.22
1.54,89.1,53.8,53.77,10.0,5.18,6,3.14,5.0,Good,INT1604,80.39
1.62,23.7,13.2,52.45,7.78,3.83,11,1.21,4.11,Good,INT1605,72.51
2.86,93.5,83.8,91.88,10.0,9.22,13,3.97,5.0,Excellent,INT1606,87.64
2.21,39.8,56.0,45.9,3.02,5.23,20,1.43,2.21,Good,INT1607,73.18
0.38,47.3,19.4,90.73,0.0,0.51,6,5.83,1.0,Fair,INT1608,48.64
1.35,38.5,19.4,65.65,2.0,0.78,4,2.59,1.8,Fair,INT1609,53.06
1.74,73.6,46.6,69.88,0.0,2.31,22,3.96,1.0,Average,INT1610,58.92
1.65,77.6,42.4,85.01,10.0,7.0,7,6.44,5.0,Good,INT1611,76.86
0.95,22.8,78.8,95.77,0.0,1.21,8,5.19,1.0,Average,INT1612,57.36
1.91,11.0,30.6,54.39,0.0,0.86,15,3.92,1.0,Fair,INT1613,43.82
3.1,84.2,70.0,72.57,10.0,9.38,15,2.93,5.0,Excellent,INT1614,96.36
1.15,15.6,41.5,89.65,2.25,4.84,9,3.49,1.9,Average,INT1615,55.14
2.28,82.0,77.7,39.4,7.35,6.09,5,4.92,3.94,Average,INT1616,66.32
2.76,75.2,56.3,67.76,0.73,3.88,13,6.57,1.29,Fair,INT1617,43.14
0.17,1.0,2.0,52.32,4.38,0.24,4,5.29,2.75,Poor,INT1618,34.41
2.29,65.8,95.3,50.79,7.5,7.61,16,4.06,4.0,Good,INT1619,74.71
0.43,12.9,25.5,73.85,3.4,0.92,7,5.59,2.36,Fair,INT1620,43.63
2.23,34.6,22.4,54.78,5.02,7.44,12,3.47,3.01,Average,INT1621,65.62
2.25,67.7,62.3,5.85,6.75,7.81,13,1.0,3.7,Good,INT1622,72.02
0.58,71.6,32.7,92.34,0.0,4.69,5,4.03,1.0,Fair,INT1623,53.92
1.63,38.5,22.9,66.83,0.0,1.35,5,3.92,1.0,Poor,INT1624,38.28
2.99,81.1,22.9,58.25,3.15,4.24,9,1.66,2.26,Average,INT1625,68.05
0.33,11.2,24.0,59.37,2.72,0.48,4,4.84,2.09,Poor,INT1626,38.75
1.94,55.6,32.2,91.43,7.1,5.34,11,2.47,3.84,Excellent,INT1627,88.44
2.74,53.0,60.2,93.4,4.35,6.91,15,4.48,2.74,Average,INT1628,69.2
1.53,67.9,70.8,76.17,4.68,2.95,4,1.9,2.87,Good,INT1629,72.68
1.34,77.4,57.2,95.63,0.0,9.63,11,4.04,1.0,Good,INT1630,73.34
1.42,72.5,42.3,92.24,10.0,6.38,12,5.46,5.0,Good,INT1631,77.22
3.09,93.8,89.7,86.57,10.0,6.38,7,3.46,5.0,Excellent,INT1632,95.45
1.05,71.8,31.9,63.17,6.65,9.09,10,5.02,3.66,Good,INT1633,70.42
2.46,35.8,38.6,55.27,8.35,4.45,20,5.74,4.34,Good,INT1634,72.14
1.81,7.7,8.4,63.54,2.7,4.26,13,6.78,2.08,Fair,INT1635,48.56
3.24,75.8,41.5,53.34,3.3,6.71,18,2.12,2.32,Average,INT1636,69.05
1.18,69.2,38.2,66.83,8.12,2.4,9,3.69,4.25,Good,INT1637,70.72
1.36,70.7,82.0,57.92,5.72,6.38,12,1.84,3.29,Good,INT1638,74.14
2.07,11.4,20.5,94.02,6.82,7.14,11,6.58,3.73,Average,INT1639,59.82
0.61,59.9,30.1,61.99,8.0,3.09,6,6.18,4.2,Fair,INT1640,43.83
3.37,84.0,76.3,98.51,9.35,7.4,15,3.9,4.74,Excellent,INT1641,96.72
3.58,63.3,23.4,79.86,3.2,1.58,13,6.44,2.28,Average,INT1642,69.67
0.24,4.8,19.1,61.86,8.35,1.81,2,4.62,4.34,Average,INT1643,58.58
0.69,72.1,89.6,74.86,9.28,4.22,8,4.6,4.71,Good,INT1644,77.03
0.39,38.5,4.2,60.95,0.0,3.5,13,1.32,1.0,Average,INT1645,61.57
1.1,31.6,74.2,99.2,0.0,1.2,13,5.25,1.0,Fair,INT1646,48.05
2.62,47.0,45.8,0.81,3.02,4.87,16,2.09,2.21,Good,INT1647,77.18
0.55,32.5,8.2,51.31,6.02,2.12,10,5.67,3.41,Fair,INT1648,48.7
0.23,11.8,24.8,97.39,0.0,4.06,6,6.11,1.0,Fair,INT1649,47.94
2.1,88.6,77.9,66.83,7.65,2.0,13,5.42,4.06,Good,INT1650,78.86
1.08,73.2,44.8,7.57,3.1,7.0,10,1.62,2.24,Good,INT1651,73.34
3.39,64.8,79.6,83.53,4.68,8.14,13,2.87,2.87,Good,INT1652,75.37
1.38,19.6,89.2,82.35,0.0,4.21,16,2.77,1.0,Average,INT1653,60.03
0.68,34.4,35.3,60.94,4.68,2.03,14,3.28,2.87,Average,INT1654,56.74
3.28,81.9,99.4,87.92,4.68,9.23,16,1.86,2.87,Excellent,INT1655,100.0
0.58,9.6,43.7,54.35,1.07,0.94,8,6.96,1.43,Fair,INT1656,51.99
2.97,44.8,70.9,74.47,9.0,6.17,14,4.41,4.6,Good,INT1657,78.91
2.21,27.2,58.6,23.11,4.68,5.23,11,2.96,2.87,Good,INT1658,81.6
2.62,64.5,51.0,98.44,5.72,8.96,10,3.8,3.29,Average,INT1659,68.72
1.68,37.8,51.6,87.58,5.0,1.49,11,4.11,3.0,Average,INT1660,63.31
2.52,97.9,86.0,57.94,10.0,8.62,18,4.76,5.0,Average,INT1661,69.86
1.9,75.0,50.3,67.08,7.48,5.9,8,3.6,3.99,Good,INT1662,83.83
0.69,9.5,7.5,66.83,3.8,2.1,14,6.12,2.52,Fair,INT1663,51.8
3.94,64.0,96.6,88.33,10.0,6.42,10,4.34,5.0,Excellent,INT1664,86.19
1.04,63.5,77.1,52.94,10.0,1.68,10,6.53,5.0,Average,INT1665,61.15
0.63,17.1,6.8,92.02,5.55,3.01,12,5.82,3.22,Average,INT1666,55.15
3.29,93.4,79.7,97.11,9.75,5.1,21,1.98,4.9,Excellent,INT1667,86.0
2.25,68.2,82.7,62.07,5.82,8.17,11,6.68,3.33,Good,INT1668,75.08
3.6,29.5,88.3,60.65,6.38,5.24,14,1.78,3.55,Good,INT1669,82.55
0.29,4.3,6.7,68.0,0.0,1.79,12,5.69,1.0,Fair,INT1670,41.65
1.26,23.3,65.0,73.86,5.38,2.52,11,2.99,3.15,Average,INT1671,60.68
0.65,15.2,12.7,80.23,0.0,0.58,5,6.53,1.0,Fair,INT1672,47.14
2.28,9.3,33.8,66.83,2.0,1.06,9,6.65,1.8,Fair,INT1673,48.25
3.39,63.6,34.4,77.71,10.0,6.99,17,5.39,5.0,Good,INT1674,70.54
0.45,4.3,0.2,67.57,0.0,2.6,9,5.37,1.0,Fair,INT1675,42.79
1.44,38.2,21.5,43.17,4.2,3.09,7,2.97,2.68,Good,INT1676,72.67
2.38,66.4,70.4,54.07,0.6,7.11,20,1.79,1.24,Average,INT1677,65.0
3.04,91.6,64.8,73.31,3.68,7.19,17,3.71,2.47,Good,INT1678,79.13
1.67,65.4,74.4,66.83,4.85,2.8,7,2.26,2.94,Good,INT1679,79.24
1.14,8.1,44.3,31.86,2.0,2.26,9,5.56,1.8,Fair,INT1680,45.56
0.86,53.6,17.1,85.27,3.65,1.61,13,2.8,2.46,Average,INT1681,58.7
0.38,10.0,9.2,90.99,6.38,0.1,11,6.46,3.55,Fair,INT1682,45.01
0.8,63.5,6.9,83.04,4.53,3.52,11,4.97,2.81,Average,INT1683,68.56
0.87,13.9,5.8,50.65,0.2,0.52,12,6.25,1.08,Fair,INT1684,40.12
1.34,73.4,34.5,37.36,10.0,4.24,23,1.88,5.0,Excellent,INT1685,86.67
0.85,17.9,49.1,30.46,4.15,2.75,14,3.92,2.66,Fair,INT1686,52.03
0.12,8.3,5.7,61.68,0.0,0.57,5,6.84,1.0,Poor,INT1687,30.48
3.38,89.3,64.5,98.13,6.8,6.18,12,4.12,3.72,Excellent,INT1688,85.87
2.77,21.5,19.2,82.58,0.0,4.32,10,4.2,1.0,Average,INT1689,56.72
2.82,44.2,36.1,64.85,4.02,5.51,15,5.2,2.61,Average,INT1690,66.03
3.18,59.9,74.2,96.48,6.8,4.07,11,2.33,3.72,Good,INT1691,72.56
2.07,21.6,42.3,87.03,5.2,3.97,11,3.72,3.08,Good,INT1692,72.74
2.81,16.0,72.4,64.23,5.22,7.44,10,2.92,3.09,Good,INT1693,76.2
3.86,86.6,25.9,30.14,6.78,3.46,13,2.29,3.71,Excellent,INT1694,94.82
0.33,15.6,30.3,59.97,4.6,4.31,5,3.6,2.84,Fair,INT1695,53.35
2.44,71.6,60.3,98.55,0.0,6.08,12,1.13,1.0,Good,INT1696,80.7
3.04,73.5,53.5,2.27,2.15,4.31,10,1.43,1.86,Good,INT1697,78.95
3.9,98.1,98.9,94.8,4.28,9.48,18,1.36,2.71,Excellent,INT1698,100.0
1.0,20.8,18.4,67.32,4.02,1.13,8,6.57,2.61,Average,INT1699,63.13
1.24,16.2,51.7,93.04,0.0,1.73,21,4.42,1.0,Average,INT1700,58.31
0.07,2.2,1.9,52.69,0.0,0.92,7,7.0,1.0,Poor,INT1701,28.83
3.29,65.6,52.4,99.1,0.0,5.55,14,3.1,1.0,Good,INT1702,72.47
0.77,43.4,10.8,95.6,3.08,0.9,9,2.7,2.23,Average,INT1703,60.65
0.68,7.2,13.4,68.16,0.0,2.09,5,3.92,1.0,Average,INT1704,55.07
2.0,22.9,51.0,66.83,0.0,5.25,14,4.14,1.0,Average,INT1705,59.53
3.26,96.3,97.3,87.61,5.85,7.6,12,1.8,3.34,Excellent,INT1706,93.42
2.08,63.0,44.5,95.06,7.5,7.18,14,4.75,4.0,Good,INT1707,82.66
3.17,92.5,73.2,65.36,9.48,9.16,13,3.92,4.79,Excellent,INT1708,92.62
2.3,66.7,29.4,73.28,5.75,1.43,9,4.82,3.3,Average,INT1709,57.24
1.8,45.2,45.7,93.25,3.5,6.0,7,5.04,2.4,Good,INT1710,70.87
3.3,91.9,56.9,88.93,6.08,6.92,11,3.92,3.43,Excellent,INT1711,94.75
0.28,26.8,3.2,69.67,3.18,3.54,8,1.16,2.27,Average,INT1712,67.7
3.67,63.2,28.9,53.47,8.9,3.4,7,6.16,4.56,Average,INT1713,67.08
1.52,6.4,37.6,0.0,4.68,6.32,15,3.7,2.87,Average,INT1714,61.05
2.1,21.7,39.0,89.1,4.05,3.64,7,1.15,2.62,Good,INT1715,70.71
0.4,7.7,31.1,60.34,3.53,1.02,11,6.82,2.41,Fair,INT1716,43.18
0.73,24.2,54.6,64.31,4.75,1.76,8,1.37,2.9,Average,INT1717,59.74
3.21,45.6,31.9,66.83,10.0,6.42,11,5.61,5.0,Average,INT1718,67.4
0.11,18.4,3.8,72.49,4.68,0.86,10,7.0,2.87,Poor,INT1719,38.28
1.29,35.0,40.9,76.03,7.12,5.39,15,2.52,3.85,Average,INT1720,64.25
1.11,36.3,52.5,77.24,0.7,5.83,10,1.51,1.28,Average,INT1721,61.7
2.74,84.9,65.7,66.58,8.15,4.14,18,1.38,4.26,Excellent,INT1722,94.14
0.94,78.0,70.1,58.76,4.68,3.73,10,2.82,2.87,Average,INT1723,64.57
3.38,88.0,93.1,88.42,3.22,9.16,17,1.84,2.29,Excellent,INT1724,88.8
2.15,36.5,55.8,36.27,5.2,2.13,13,5.4,3.08,Average,INT1725,60.94
0.85,55.8,73.2,75.29,0.0,7.16,13,1.1,1.0,Good,INT1726,80.97
0.65,24.2,45.8,82.23,0.0,3.36,12,3.66,1.0,Average,INT1727,56.35
1.46,27.7,24.1,70.21,6.95,6.67,13,6.86,3.78,Average,INT1728,65.26
0.34,5.8,12.8,85.38,0.78,5.06,9,6.3,1.31,Fair,INT1729,51.17
1.27,3.3,11.9,13.22,5.05,6.12,7,4.74,3.02,Poor,INT1730,38.2
2.79,90.6,45.7,91.93,6.6,7.77,11,2.66,3.64,Excellent,INT1731,87.46
1.26,68.3,37.4,1.62,1.6,5.1,7,3.92,1.64,Average,INT1732,60.23
0.78,69.0,35.1,73.62,2.57,1.97,12,3.79,2.03,Average,INT1733,57.31
2.04,58.1,50.4,98.48,8.75,8.79,5,3.53,4.5,Good,INT1734,80.26
3.45,40.2,53.4,77.37,2.0,4.27,13,2.07,1.8,Good,INT1735,80.75
3.74,49.0,89.8,72.98,10.0,9.03,14,6.79,5.0,Average,INT1736,66.89
2.51,16.4,71.3,66.57,3.73,8.28,13,3.7,2.49,Good,INT1737,76.11
3.55,37.0,68.8,82.88,5.95,5.53,14,1.84,3.38,Good,INT1738,84.39
3.21,53.0,49.5,0.0,10.0,7.11,4,3.39,5.0,Good,INT1739,71.97
1.62,49.6,73.4,30.58,0.42,4.75,15,3.74,1.17,Average,INT1740,58.53
1.37,52.0,8.8,51.36,2.72,0.92,8,5.54,2.09,Fair,INT1741,42.27
2.36,40.1,20.6,30.4,1.88,3.89,8,5.75,1.75,Fair,INT1742,51.79
1.17,9.3,35.9,69.79,2.57,3.41,7,5.95,2.03,Fair,INT1743,49.97
3.49,79.3,85.5,2.21,7.35,8.61,17,1.04,3.94,Excellent,INT1744,100.0
1.36,64.7,79.2,64.64,7.65,9.16,11,3.56,4.06,Good,INT1745,76.21
1.67,26.2,60.3,99.2,2.0,5.06,8,4.1,1.8,Average,INT1746,65.4
0.33,35.9,16.3,1.61,0.0,1.55,3,1.3,1.0,Average,INT1747,58.16
0.32,10.8,8.7,35.16,2.42,4.63,14,2.08,1.97,Fair,INT1748,51.88
0.67,18.5,10.9,9.95,1.95,0.33,3,5.18,1.78,Fair,INT1749,47.03
1.26,70.1,69.5,63.03,0.0,4.54,14,1.48,1.0,Average,INT1750,64.11
1.01,60.9,13.1,7.98,4.82,2.2,10,4.47,2.93,Average,INT1751,58.89
3.17,80.5,24.4,77.98,7.5,8.54,17,2.23,4.0,Excellent,INT1752,89.28
3.4,92.1,80.8,3.72,6.88,9.6,17,1.12,3.75,Excellent,INT1753,94.32
0.72,25.3,23.2,59.79,0.0,3.97,4,2.72,1.0,Average,INT1754,62.43
1.57,19.2,5.1,0.0,1.5,1.84,6,6.7,1.6,Fair,INT1755,42.32
0.99,60.0,31.7,50.83,4.58,1.62,9,6.06,2.83,Fair,INT1756,48.74
3.4,46.1,66.1,91.98,3.1,8.86,20,6.7,2.24,Good,INT1757,73.25
3.21,86.4,98.0,89.0,5.9,8.86,8,3.81,3.36,Good,INT1758,84.71
2.66,87.0,68.9,53.16,4.1,5.67,12,1.49,2.64,Excellent,INT1759,87.35
2.96,46.2,66.7,68.24,4.6,7.33,16,4.75,2.84,Average,INT1760,68.14
3.36,60.7,65.2,97.76,6.45,8.69,10,4.0,3.58,Excellent,INT1761,87.65
0.22,10.1,8.4,69.6,0.0,0.53,9,5.59,1.0,Fair,INT1762,44.51
2.07,65.1,48.0,76.31,9.65,2.71,8,2.05,4.86,Good,INT1763,80.27
0.45,50.6,55.8,67.76,2.0,2.39,11,4.21,1.8,Average,INT1764,59.7
1.65,75.8,73.5,79.81,6.32,2.85,8,1.55,3.53,Good,INT1765,79.11
1.68,70.4,29.6,98.91,3.85,3.96,16,2.53,2.54,Good,INT1766,81.87
0.78,48.0,8.1,99.88,2.08,0.99,13,5.23,1.83,Average,INT1767,59.27
1.72,39.4,11.8,9.0,0.03,5.68,10,3.98,1.01,Fair,INT1768,49.69
0.35,34.9,45.8,70.22,0.0,3.03,8,3.38,1.0,Fair,INT1769,52.25
2.44,36.7,18.7,0.0,0.0,9.5,21,3.15,1.0,Fair,INT1770,53.8
0.59,58.0,39.9,39.25,0.0,1.13,8,3.71,1.0,Fair,INT1771,49.75
1.52,25.1,32.2,99.28,0.0,5.04,5,5.42,1.0,Fair,INT1772,47.36
0.28,1.0,18.4,85.39,4.68,2.07,8,5.9,2.87,Fair,INT1773,49.75
0.62,64.4,18.5,52.27,0.0,1.65,10,6.75,1.0,Poor,INT1774,38.67
2.41,74.6,90.6,50.61,9.38,7.16,14,5.57,4.75,Good,INT1775,75.55
1.16,43.0,55.7,76.02,7.05,3.9,10,2.93,3.82,Average,INT1776,67.31
0.7,8.0,3.8,71.91,3.28,1.71,5,5.58,2.31,Fair,INT1777,50.16
2.04,64.1,23.1,76.15,2.95,7.56,8,3.27,2.18,Average,INT1778,68.37
2.72,43.8,22.6,59.12,8.08,5.67,10,2.03,4.23,Excellent,INT1779,86.02
3.05,36.3,79.2,51.1,6.28,7.03,7,5.63,3.51,Average,INT1780,56.95
3.54,55.4,90.5,8.47,0.45,8.85,9,3.92,1.18,Good,INT1781,73.33
0.54,34.9,71.0,95.91,4.68,7.61,6,6.62,2.87,Average,INT1782,62.03
2.57,37.4,46.1,72.71,9.15,2.36,11,3.85,4.66,Excellent,INT1783,86.28
2.25,71.0,17.8,97.27,9.28,4.99,17,4.81,4.71,Good,INT1784,75.95
2.36,72.6,37.2,86.47,1.67,8.04,11,4.81,1.67,Good,INT1785,73.28
3.3,82.2,48.5,77.91,6.2,5.13,6,6.18,3.48,Good,INT1786,75.9
2.0,88.3,77.2,79.53,10.0,5.26,15,4.7,5.0,Good,INT1787,80.84
2.12,23.5,63.3,76.95,7.8,2.47,10,4.79,4.12,Average,INT1788,63.38
3.49,57.7,93.8,85.35,3.8,7.14,11,1.07,2.52,Excellent,INT1789,85.69
1.79,91.1,48.3,0.0,1.43,5.86,18,4.38,1.57,Average,INT1790,68.0
2.55,87.2,17.2,83.46,4.68,6.27,15,1.98,2.87,Excellent,INT1791,95.42
0.08,36.9,3.8,56.08,2.0,5.02,14,5.19,1.8,Poor,INT1792,35.25
2.8,88.7,90.3,63.28,7.5,6.37,6,4.07,4.0,Good,INT1793,81.28
0.57,15.4,29.6,91.8,2.0,3.41,3,5.54,1.8,Fair,INT1794,51.21
0.99,9.3,41.8,8.28,6.7,6.42,13,1.0,3.68,Good,INT1795,82.88
3.77,66.0,77.5,76.95,7.5,5.51,16,1.21,4.0,Excellent,INT1796,99.02
1.45,28.5,9.7,51.58,6.25,4.78,7,5.25,3.5,Fair,INT1797,46.7
3.06,72.9,41.6,61.25,4.28,8.48,10,1.57,2.71,Excellent,INT1798,85.51
1.23,28.8,86.3,85.1,3.32,4.19,6,1.14,2.33,Average,INT1799,64.72
2.98,13.2,92.0,3.83,5.95,8.42,7,1.5,3.38,Good,INT1800,80.5
0.52,15.2,8.0,79.92,0.0,1.48,13,6.88,1.0,Fair,INT1801,42.25
0.57,13.9,6.9,71.49,5.62,5.35,8,5.81,3.25,Fair,INT1802,53.18
1.13,26.1,47.6,33.99,0.0,1.01,13,2.95,1.0,Average,INT1803,65.35
3.37,93.2,80.7,94.34,9.42,9.3,7,3.11,4.77,Excellent,INT1804,97.75
3.36,57.0,86.6,58.05,10.0,8.17,15,2.98,5.0,Excellent,INT1805,86.98
0.17,2.2,16.3,55.18,3.15,0.65,8,5.4,2.26,Poor,INT1806,38.95
2.17,54.1,21.3,50.14,2.25,2.97,11,5.38,1.9,Average,INT1807,63.86
0.51,59.2,72.3,43.57,2.52,3.28,7,1.7,2.01,Average,INT1808,60.23
1.45,18.8,20.7,57.37,2.3,2.12,8,2.48,1.92,Fair,INT1809,51.39
1.99,81.1,65.9,61.0,2.0,2.4,4,1.55,1.8,Average,INT1810,60.33
3.29,12.1,28.5,50.56,10.0,4.15,11,5.45,5.0,Good,INT1811,71.97
1.18,12.7,64.3,61.36,7.5,7.5,7,5.63,4.0,Good,INT1812,75.59
1.58,10.1,4.0,66.64,5.95,1.12,5,2.85,3.38,Average,INT1813,55.86
3.45,9.2,56.0,5.89,5.62,4.64,8,1.0,3.25,Average,INT1814,58.21
2.71,70.0,38.8,80.4,4.4,5.23,15,1.49,2.76,Good,INT1815,74.28
0.75,9.5,25.5,78.44,4.65,1.4,12,7.0,2.86,Fair,INT1816,51.91
1.76,30.5,87.0,54.85,7.7,6.59,9,3.05,4.08,Good,INT1817,71.66
2.86,49.1,22.1,79.75,0.0,4.19,8,5.28,1.0,Fair,INT1818,54.43
2.23,87.9,49.7,99.93,7.08,7.94,8,4.67,3.83,Good,INT1819,81.76
2.18,70.4,36.0,97.22,0.0,2.12,8,3.21,1.0,Average,INT1820,66.99
1.59,70.9,38.5,50.13,7.5,7.51,9,1.83,4.0,Good,INT1821,84.0
3.55,75.3,66.3,89.77,10.0,8.92,11,1.67,5.0,Excellent,INT1822,92.82
0.84,55.8,51.9,0.0,6.38,6.34,16,5.0,3.55,Average,INT1823,57.87
3.25,67.6,59.6,66.83,9.9,8.11,14,5.45,4.96,Average,INT1824,66.54
1.83,40.1,64.0,64.8,7.68,1.36,7,4.79,4.07,Good,INT1825,75.61
0.66,42.4,21.0,66.09,0.4,5.4,16,4.64,1.16,Average,INT1826,55.54
3.65,46.3,48.9,7.21,7.4,7.19,9,1.0,3.96,Good,INT1827,78.03
2.64,59.6,68.7,83.05,8.85,8.85,11,3.92,4.54,Good,INT1828,71.43
0.71,21.4,14.5,87.45,2.0,0.78,10,6.03,1.8,Fair,INT1829,49.05
1.6,61.0,23.1,62.3,0.0,4.69,6,3.02,1.0,Fair,INT1830,53.46
1.25,51.1,14.5,32.05,0.0,1.03,10,7.0,1.0,Fair,INT1831,45.31
0.62,71.5,64.5,65.42,3.0,6.6,12,4.84,2.2,Good,INT1832,71.31
2.55,50.6,25.2,68.14,7.22,5.56,8,4.05,3.89,Good,INT1833,75.41
3.24,79.0,75.5,99.98,6.7,7.76,23,5.52,3.68,Excellent,INT1834,85.9
1.72,19.2,41.8,88.9,7.32,2.64,10,6.15,3.93,Average,INT1835,63.55
1.2,18.1,34.4,98.75,3.0,2.6,9,4.53,2.2,Average,INT1836,56.88
1.91,60.6,91.8,84.66,3.38,8.96,14,1.28,2.35,Good,INT1837,84.87
3.17,83.7,38.0,70.31,7.28,9.27,18,3.34,3.91,Excellent,INT1838,85.86
0.3,44.7,2.5,69.49,0.0,6.9,8,6.78,1.0,Poor,INT1839,39.06
0.87,45.3,18.5,74.43,3.73,4.02,9,2.26,2.49,Average,INT1840,60.63
0.73,42.2,6.8,70.84,0.0,2.23,7,3.67,1.0,Fair,INT1841,49.55
3.45,70.5,6.9,91.42,9.92,7.77,12,3.86,4.97,Good,INT1842,79.85
3.09,69.0,97.1,46.75,7.5,9.76,13,4.11,4.0,Excellent,INT1843,88.22
2.25,26.7,43.8,64.78,4.68,3.92,4,5.11,2.87,Average,INT1844,64.62
2.81,32.7,67.6,88.74,7.32,5.22,6,6.64,3.93,Good,INT1845,77.77
0.43,28.5,15.0,92.72,4.62,1.35,6,3.92,2.85,Average,INT1846,59.3
2.71,77.2,86.8,71.02,10.0,8.06,13,1.9,5.0,Excellent,INT1847,91.55
1.95,73.9,63.7,83.39,10.0,8.21,19,2.49,5.0,Excellent,INT1848,93.58
0.42,18.5,25.6,52.94,2.65,0.51,10,6.61,2.06,Poor,INT1849,37.66
2.83,66.0,81.3,76.47,9.23,6.85,16,4.52,4.69,Good,INT1850,84.11
2.34,57.4,34.5,17.86,4.88,3.25,11,2.45,2.95,Average,INT1851,62.58
1.76,26.8,58.7,51.46,8.4,4.72,6,5.67,4.36,Good,INT1852,71.23
1.27,58.6,83.9,80.65,10.0,6.54,12,6.49,5.0,Good,INT1853,70.71
2.51,54.7,60.7,65.17,7.08,7.22,10,6.39,3.83,Average,INT1854,66.94
1.48,71.2,25.6,87.13,5.12,5.84,4,6.51,3.05,Average,INT1855,65.35
1.22,10.6,42.3,94.8,2.0,4.34,11,2.59,1.8,Average,INT1856,61.6
1.86,7.8,42.4,8.61,9.33,3.06,6,5.86,4.73,Fair,INT1857,54.88
2.83,81.1,61.6,59.46,5.58,0.44,13,3.57,3.23,Good,INT1858,70.56
2.21,42.5,50.6,75.73,5.42,3.13,7,5.6,3.17,Average,INT1859,66.2
1.54,33.6,15.4,55.61,9.57,5.3,11,5.35,4.83,Average,INT1860,69.47
1.59,58.7,73.4,0.0,4.68,5.43,13,6.07,2.87,Good,INT1861,78.15
0.4,19.9,3.2,80.47,2.15,1.9,13,5.23,1.86,Fair,INT1862,41.04
3.69,91.9,83.7,75.78,10.0,9.54,13,1.93,5.0,Excellent,INT1863,89.33
3.78,89.1,71.9,96.32,10.0,8.32,15,3.83,5.0,Excellent,INT1864,88.31
2.33,20.4,71.3,76.05,9.9,3.14,12,7.0,4.96,Average,INT1865,62.69
0.68,31.7,63.7,99.53,0.8,2.21,13,6.95,1.32,Fair,INT1866,47.37
2.56,21.1,17.5,2.41,4.68,4.09,12,1.42,2.87,Average,INT1867,64.47
1.07,20.8,35.1,30.55,2.2,4.88,4,1.92,1.88,Fair,INT1868,52.41
2.79,30.9,54.0,73.52,3.77,1.44,13,1.41,2.51,Good,INT1869,79.09
1.59,43.1,59.9,59.12,5.8,2.98,15,5.77,3.32,Average,INT1870,64.16
3.37,90.2,75.9,79.86,10.0,5.36,13,5.69,5.0,Good,INT1871,78.72
2.1,65.1,48.3,84.66,1.48,1.07,6,2.0,1.59,Good,INT1872,78.11
2.78,26.1,39.2,9.6,0.83,2.51,2,4.36,1.33,Average,INT1873,63.37
2.19,20.3,17.3,54.89,5.75,0.48,11,6.52,3.3,Fair,INT1874,54.44
2.22,39.9,78.3,73.43,3.25,2.89,12,5.56,2.3,Average,INT1875,68.07
3.2,51.5,29.3,54.07,4.38,3.79,7,4.37,2.75,Good,INT1876,81.58
2.06,81.7,81.3,84.11,10.0,8.54,12,4.36,5.0,Good,INT1877,82.24
1.51,41.7,76.8,89.52,8.27,6.12,16,3.57,4.31,Average,INT1878,64.78
3.5,89.5,91.0,98.12,10.0,5.86,18,2.48,5.0,Excellent,INT1879,87.9
1.31,8.0,28.0,57.44,8.08,4.17,6,4.47,4.23,Average,INT1880,69.78
1.47,56.0,76.9,76.62,2.4,8.89,8,4.78,1.96,Average,INT1881,57.21
0.38,14.0,5.0,78.38,0.0,5.91,8,6.62,1.0,Fair,INT1882,46.27
1.68,48.5,9.0,8.65,0.0,3.64,9,4.51,1.0,Fair,INT1883,52.5
2.42,2.1,37.6,81.36,2.0,1.72,4,5.59,1.8,Fair,INT1884,46.2
3.14,85.9,29.9,57.28,6.68,4.11,11,1.97,3.67,Excellent,INT1885,85.02
2.09,8.0,14.7,71.82,3.1,2.04,5,3.87,2.24,Fair,INT1886,53.59
1.78,16.9,29.6,1.68,0.0,4.63,9,1.0,1.0,Average,INT1887,69.96
1.4,60.5,32.1,85.01,0.47,2.68,21,2.85,1.19,Average,INT1888,68.25
1.21,45.1,49.1,93.15,3.1,3.55,9,5.3,2.24,Average,INT1889,67.26
2.44,16.8,45.2,25.84,1.48,1.21,16,7.0,1.59,Fair,INT1890,43.67
3.46,94.6,86.7,97.58,4.25,5.64,12,1.74,2.7,Excellent,INT1891,89.96
0.34,7.1,39.2,52.96,0.0,0.79,8,3.03,1.0,Fair,INT1892,46.81
1.15,10.6,4.4,99.19,3.25,3.81,12,5.92,2.3,Fair,INT1893,50.11
3.08,45.9,55.2,92.89,4.5,5.68,15,2.27,2.8,Excellent,INT1894,86.24
1.05,31.4,77.9,83.01,7.38,0.22,10,4.73,3.95,Average,INT1895,66.11
0.81,4.9,53.5,86.75,4.95,1.53,10,5.78,2.98,Average,INT1896,56.48
0.16,7.5,34.0,53.63,4.68,1.69,9,4.35,2.87,Fair,INT1897,41.73
3.18,74.2,60.0,52.07,6.45,7.05,16,1.71,3.58,Good,INT1898,82.15
2.9,74.1,72.8,55.09,6.42,6.22,8,2.92,3.57,Good,INT1899,70.81
0.16,2.8,7.6,54.37,2.0,0.66,8,6.19,1.8,Fair,INT1900,41.72
1.48,11.8,35.8,46.92,4.65,2.33,3,3.85,2.86,Fair,INT1901,51.15
3.72,97.0,97.0,9.72,7.5,9.09,13,1.2,4.0,Excellent,INT1902,93.98
3.77,71.8,42.6,93.01,6.3,4.99,14,5.68,3.52,Good,INT1903,72.96
3.09,80.2,21.8,6.18,0.0,8.05,8,1.36,1.0,Good,INT1904,81.68
2.38,70.8,91.8,61.99,4.53,8.77,15,5.19,2.81,Average,INT1905,69.64
3.07,74.5,74.8,82.64,7.08,7.3,18,1.94,3.83,Excellent,INT1906,85.9
1.64,85.3,45.7,65.99,7.3,5.11,15,6.68,3.92,Average,INT1907,66.67
0.65,51.7,45.0,62.16,4.28,2.96,5,2.81,2.71,Average,INT1908,66.31
1.46,21.1,7.0,67.12,6.3,6.53,13,2.53,3.52,Average,INT1909,66.71
1.5,59.4,49.9,89.83,0.0,3.16,17,1.48,1.0,Average,INT1910,60.57
2.16,70.7,67.2,79.31,6.78,8.81,6,2.9,3.71,Excellent,INT1911,95.66
1.66,41.0,45.7,0.0,5.52,6.24,7,6.16,3.21,Average,INT1912,60.06
0.15,29.1,25.0,90.89,1.53,4.32,14,6.77,1.61,Fair,INT1913,44.5
0.88,15.7,1.1,66.83,10.0,5.36,12,3.03,5.0,Good,INT1914,76.88
3.65,80.6,90.7,84.96,6.65,9.48,14,3.4,3.66,Excellent,INT1915,88.1
1.1,38.1,34.1,71.96,7.5,0.98,11,5.24,4.0,Good,INT1916,76.35
1.52,34.1,56.4,86.56,8.25,2.75,9,6.02,4.3,Good,INT1917,70.8
3.56,95.0,82.8,96.37,4.98,6.45,12,4.76,2.99,Excellent,INT1918,89.94
0.78,16.2,36.9,87.5,0.0,1.1,8,2.97,1.0,Average,INT1919,60.29
2.61,39.5,66.8,39.22,5.93,8.9,19,3.93,3.37,Excellent,INT1920,87.5
1.27,76.1,40.9,57.55,10.0,1.5,16,4.76,5.0,Average,INT1921,64.79
2.29,37.1,80.6,0.0,0.0,4.69,16,1.46,1.0,Good,INT1922,75.21
0.29,7.1,12.2,66.83,2.0,0.69,11,5.05,1.8,Fair,INT1923,43.84
3.61,97.5,97.5,53.77,10.0,7.42,12,3.92,5.0,Excellent,INT1924,86.57
0.73,22.1,12.9,6.32,4.95,7.37,11,6.18,2.98,Fair,INT1925,49.52
3.85,91.2,61.7,64.59,6.2,6.72,7,1.2,3.48,Excellent,INT1926,91.85
0.34,19.7,50.3,52.44,2.0,1.66,7,4.21,1.8,Fair,INT1927,41.01
0.78,25.5,24.5,95.14,2.2,1.37,16,3.64,1.88,Average,INT1928,59.39
1.79,50.6,76.2,74.16,8.65,1.81,7,3.92,4.46,Average,INT1929,63.58
1.21,11.0,54.5,24.11,1.88,3.33,9,1.2,1.75,Average,INT1930,62.76
1.96,28.6,31.3,85.82,10.0,2.12,20,4.56,5.0,Good,INT1931,71.83
1.78,64.4,80.4,94.3,5.15,4.1,7,3.9,3.06,Good,INT1932,76.36
0.17,10.6,17.4,50.02,0.28,0.19,11,4.24,1.11,Poor,INT1933,38.46
1.21,89.6,12.2,84.39,3.63,4.55,12,4.37,2.45,Fair,INT1934,53.19
0.6,38.2,37.8,88.35,0.0,2.5,10,5.17,1.0,Average,INT1935,66.47
0.34,47.6,14.8,60.5,5.85,0.94,5,6.32,3.34,Fair,INT1936,44.6
3.02,92.9,93.5,74.48,2.92,8.2,15,2.64,2.17,Excellent,INT1937,89.41
1.06,25.1,61.2,8.33,8.15,2.94,10,5.88,4.26,Fair,INT1938,51.8
1.04,23.3,74.4,87.34,4.68,5.23,7,3.86,2.87,Average,INT1939,56.15
3.66,69.0,76.6,92.37,0.0,1.77,5,1.74,1.0,Excellent,INT1940,87.25
1.24,15.5,15.2,15.97,2.0,1.11,9,3.92,1.8,Average,INT1941,57.06
2.48,61.4,59.2,90.82,2.0,2.06,7,3.47,1.8,Average,INT1942,67.38
1.76,12.7,6.8,88.58,4.68,0.82,13,5.63,2.87,Fair,INT1943,50.42
1.22,49.0,87.9,67.35,7.5,6.73,7,5.06,4.0,Good,INT1944,74.26
2.47,34.9,84.0,84.51,8.75,4.15,7,6.2,4.5,Good,INT1945,76.52
1.13,33.3,39.6,50.0,7.78,2.11,4,4.54,4.11,Average,INT1946,68.72
3.02,78.8,70.7,96.59,2.85,2.55,11,3.78,2.14,Average,INT1947,69.85
1.55,34.4,28.5,66.83,4.73,7.69,15,1.4,2.89,Average,INT1948,68.29
1.63,88.4,26.0,81.02,5.0,1.08,17,3.22,3.0,Good,INT1949,77.29
3.73,88.7,32.6,83.23,10.0,7.93,15,3.44,5.0,Good,INT1950,81.46
3.34,89.0,88.4,78.07,7.43,7.83,14,1.42,3.97,Excellent,INT1951,100.0
2.25,47.7,39.7,57.68,0.0,1.27,12,1.98,1.0,Average,INT1952,62.79
0.45,7.4,19.4,52.55,2.5,2.46,3,4.61,2.0,Fair,INT1953,47.6
2.17,15.9,57.3,95.39,8.95,1.84,10,5.65,4.58,Good,INT1954,77.49
2.43,69.4,61.4,55.97,10.0,3.73,11,6.76,5.0,Average,INT1955,65.24
0.38,79.5,53.5,58.56,3.48,2.86,10,7.0,2.39,Average,INT1956,62.91
3.12,81.8,33.5,95.68,4.28,5.68,14,4.55,2.71,Good,INT1957,76.44
2.8,84.5,88.0,84.08,7.05,3.58,11,3.1,3.82,Excellent,INT1958,94.4
3.68,42.8,36.7,84.96,7.1,4.31,11,4.96,3.84,Average,INT1959,68.34
2.6,83.1,72.3,99.27,10.0,4.19,12,6.06,5.0,Good,INT1960,78.83
3.28,86.2,94.3,24.14,9.18,9.36,9,2.16,4.67,Excellent,INT1961,94.93
1.75,76.3,87.5,48.59,10.0,8.05,14,3.73,5.0,Excellent,INT1962,86.35
1.62,4.8,24.3,61.95,5.1,6.28,7,5.74,3.04,Fair,INT1963,48.32
1.09,24.3,41.4,81.52,4.68,3.79,14,3.78,2.87,Average,INT1964,60.42
1.38,60.7,74.0,90.34,2.97,6.59,17,4.85,2.19,Good,INT1965,74.43
2.68,78.2,21.1,63.15,2.03,5.03,9,4.19,1.81,Average,INT1966,69.73
3.72,94.1,64.5,42.72,8.27,9.72,11,2.17,4.31,Excellent,INT1967,93.74
2.23,13.1,35.7,89.31,2.0,4.25,9,3.23,1.8,Average,INT1968,63.74
2.15,20.5,20.5,69.27,0.08,5.05,16,2.95,1.03,Good,INT1969,72.91
3.69,93.8,83.5,3.38,7.02,9.35,9,3.92,3.81,Excellent,INT1970,94.1
1.9,26.3,35.1,7.03,4.68,2.83,11,1.0,2.87,Average,INT1971,65.29
0.85,36.2,22.8,80.39,2.7,1.23,10,6.12,2.08,Fair,INT1972,47.98
2.77,22.4,57.1,65.73,3.38,7.16,7,2.35,2.35,Good,INT1973,72.87
3.77,82.2,93.4,68.71,5.72,9.14,15,4.14,3.29,Good,INT1974,79.65
1.08,27.1,44.3,82.12,0.0,4.12,13,3.07,1.0,Average,INT1975,63.5
1.92,74.6,61.3,94.35,3.6,6.26,16,6.39,2.44,Good,INT1976,71.03
0.95,12.2,22.8,60.02,3.97,3.37,11,2.45,2.59,Average,INT1977,67.83
3.31,23.9,66.3,62.3,10.0,8.54,9,4.03,5.0,Good,INT1978,78.43
1.0,65.2,59.4,97.64,8.67,3.46,12,6.5,4.47,Average,INT1979,62.81
0.21,34.4,84.8,56.76,0.25,2.37,10,6.12,1.1,Fair,INT1980,46.33
2.37,64.6,12.2,59.56,2.0,0.35,13,1.84,1.8,Average,INT1981,60.34
0.9,6.1,4.1,71.03,0.0,1.64,6,3.92,1.0,Poor,INT1982,36.09
1.51,79.5,34.1,79.48,4.82,4.49,11,4.02,2.93,Good,INT1983,76.33
1.12,38.9,36.6,42.61,0.57,1.55,9,4.22,1.23,Average,INT1984,55.49
1.68,79.5,57.0,64.6,1.43,4.77,11,1.54,1.57,Good,INT1985,74.23
3.17,79.8,65.9,96.03,3.4,8.86,10,1.64,2.36,Excellent,INT1986,91.71
2.02,12.3,68.5,95.75,0.0,8.96,7,4.97,1.0,Average,INT1987,62.77
0.32,22.8,34.8,69.6,4.68,0.63,13,3.5,2.87,Average,INT1988,56.19
1.43,61.4,79.7,71.71,10.0,3.84,19,3.67,5.0,Good,INT1989,79.61
1.88,65.8,81.0,54.79,10.0,5.9,8,5.1,5.0,Good,INT1990,80.2
0.81,6.6,3.4,83.15,2.0,1.36,9,5.17,1.8,Fair,INT1991,47.82
1.03,41.3,67.3,69.11,5.55,6.89,11,2.18,3.22,Average,INT1992,63.09
3.48,87.6,39.3,33.83,9.1,7.16,12,4.66,4.64,Good,INT1993,82.61
1.33,40.3,50.4,67.4,4.38,6.45,12,3.92,2.75,Average,INT1994,56.1
2.14,54.3,58.6,61.77,9.28,5.57,9,5.67,4.71,Good,INT1995,74.37
0.84,61.4,20.9,72.91,2.0,2.9,5,5.17,1.8,Fair,INT1996,42.95
2.55,38.9,31.7,48.26,3.73,4.16,14,6.55,2.49,Good,INT1997,74.89
3.28,87.3,85.3,87.1,0.0,9.33,3,1.17,1.0,Good,INT1998,79.01
3.01,94.2,54.3,88.94,7.5,5.17,7,1.44,4.0,Excellent,INT1999,98.67
1.57,62.7,81.7,68.74,0.68,5.1,7,2.39,1.27,Average,INT2000,62.33
2.36,63.4,25.9,88.23,10.0,3.02,13,2.89,5.0,Good,INT2001,80.09
0.52,14.1,16.6,50.33,2.8,2.75,6,2.5,2.12,Fair,INT2002,45.98
0.24,21.3,65.5,73.85,4.42,2.79,6,6.17,2.77,Fair,INT2003,41.9
2.71,77.1,98.6,89.7,9.72,6.43,14,2.63,4.89,Excellent,INT2004,93.3
2.38,44.2,16.8,81.5,2.77,7.67,16,3.08,2.11,Good,INT2005,81.45
2.47,66.9,54.4,73.7,8.77,5.89,6,5.14,4.51,Good,INT2006,75.33
0.88,42.8,36.7,82.23,3.8,6.03,12,3.31,2.52,Average,INT2007,69.0
3.14,52.0,94.4,56.47,8.2,7.34,12,6.0,4.28,Good,INT2008,82.17
3.12,36.0,80.6,78.32,4.0,8.06,12,1.0,2.6,Good,INT2009,84.08
3.87,90.4,95.8,54.41,7.3,9.55,12,3.92,3.92,Excellent,INT2010,95.68
3.36,72.4,84.2,2.23,10.0,7.93,20,1.05,5.0,Excellent,INT2011,100.0
3.39,36.7,46.8,66.83,2.8,8.4,5,1.35,2.12,Good,INT2012,74.37
2.13,48.6,14.4,78.67,6.35,5.05,13,6.51,3.54,Average,INT2013,67.29
1.04,69.9,60.5,20.36,7.98,3.44,21,1.85,4.19,Excellent,INT2014,86.43
1.03,77.5,92.5,68.72,0.0,4.6,11,4.6,1.0,Average,INT2015,55.17
2.43,49.1,67.6,78.27,10.0,4.08,12,3.74,5.0,Good,INT2016,74.21
1.96,58.3,70.3,89.86,2.72,7.43,13,3.56,2.09,Average,INT2017,63.0
0.48,73.9,13.4,36.7,10.0,1.53,11,6.38,5.0,Average,INT2018,67.6
3.08,62.6,66.2,2.61,5.75,9.14,13,1.0,3.3,Good,INT2019,80.73
0.19,13.7,31.9,37.4,2.0,1.22,9,5.44,1.8,Poor,INT2020,36.98
0.99,62.7,9.2,87.23,3.5,3.09,7,6.28,2.4,Fair,INT2021,49.36
1.41,42.3,36.4,70.95,5.28,1.28,6,4.64,3.11,Average,INT2022,65.6
2.43,54.1,23.9,46.67,10.0,3.73,11,6.15,5.0,Average,INT2023,63.65
3.85,84.3,94.2,90.13,10.0,8.06,17,1.57,5.0,Excellent,INT2024,100.0
1.17,37.9,34.9,64.81,0.0,7.16,10,3.95,1.0,Average,INT2025,60.02
1.02,15.2,31.9,54.84,0.0,0.86,5,2.45,1.0,Fair,INT2026,53.54
1.9,16.2,75.6,76.01,9.5,7.93,6,5.12,4.8,Average,INT2027,66.43
2.08,7.0,9.4,40.13,7.65,2.56,8,6.62,4.06,Fair,INT2028,53.61
1.94,44.0,87.6,89.86,0.0,8.89,16,2.53,1.0,Good,INT2029,80.57
1.23,45.2,28.4,98.42,2.6,2.89,16,4.6,2.04,Average,INT2030,66.79
3.34,45.6,79.5,52.77,4.53,9.27,11,2.36,2.81,Average,INT2031,69.13
2.21,51.4,7.2,79.58,5.38,8.3,8,4.26,3.15,Average,INT2032,65.12
3.48,79.7,59.2,84.06,4.68,8.44,15,3.6,2.87,Good,INT2033,82.89
1.94,13.5,88.1,66.12,7.45,2.55,7,6.79,3.98,Average,INT2034,61.6
1.73,72.4,87.9,97.13,6.28,6.44,11,4.69,3.51,Excellent,INT2035,89.02
3.65,81.0,80.6,65.03,9.42,7.86,12,2.74,4.77,Good,INT2036,74.84
1.48,69.8,23.4,76.09,6.38,4.38,10,1.89,3.55,Average,INT2037,66.58
3.84,72.2,61.5,0.0,10.0,8.85,13,2.29,5.0,Excellent,INT2038,88.44
0.55,24.9,42.6,41.62,3.08,2.05,16,2.13,2.23,Good,INT2039,75.22
1.89,83.8,41.3,79.26,0.0,4.31,8,2.19,1.0,Average,INT2040,60.89
1.51,50.0,89.2,86.26,1.23,7.6,15,3.92,1.49,Average,INT2041,60.95
2.64,55.7,77.6,59.51,0.0,7.21,11,3.92,1.0,Average,INT2042,64.86
3.73,80.1,88.5,85.71,10.0,8.47,16,3.68,5.0,Excellent,INT2043,85.57
2.44,58.0,54.2,66.83,2.03,4.99,11,1.81,1.81,Good,INT2044,75.21
0.84,79.9,63.0,63.68,6.78,1.41,11,5.9,3.71,Good,INT2045,73.18
0.24,10.1,2.5,57.19,2.0,0.43,6,5.01,1.8,Poor,INT2046,38.37
2.58,85.3,18.4,58.13,5.95,5.87,8,1.89,3.38,Good,INT2047,73.29
3.31,74.2,85.1,58.14,7.5,8.4,17,5.04,4.0,Good,INT2048,79.58
3.67,58.4,78.7,94.54,10.0,6.59,8,4.66,5.0,Excellent,INT2049,87.77
1.05,14.9,8.3,53.8,0.0,1.09,10,1.17,1.0,Average,INT2050,60.2
1.2,30.1,11.3,90.08,4.78,7.38,14,4.07,2.91,Average,INT2051,66.18
0.78,24.0,43.8,61.68,4.68,1.43,12,3.91,2.87,Average,INT2052,56.29
3.94,94.8,71.9,73.42,6.0,6.99,13,1.57,3.4,Good,INT2053,84.55
3.83,83.5,85.2,95.8,9.57,9.06,10,3.92,4.83,Average,INT2054,68.27
0.31,46.6,46.6,79.3,5.0,6.53,8,6.49,3.0,Average,INT2055,67.64
1.5,21.4,37.8,60.51,2.6,3.27,9,4.67,2.04,Average,INT2056,55.6
2.89,61.4,36.5,64.2,10.0,4.4,10,4.0,5.0,Good,INT2057,73.19
1.37,15.7,38.2,96.02,1.88,4.84,5,3.42,1.75,Good,INT2058,74.84
0.48,7.1,34.0,71.36,0.0,2.88,5,5.16,1.0,Fair,INT2059,50.5
1.06,54.7,28.0,79.35,5.15,3.77,8,4.48,3.06,Average,INT2060,65.31
3.37,69.0,64.6,73.0,10.0,7.68,12,1.0,5.0,Excellent,INT2061,95.11
2.54,75.8,87.7,68.92,2.92,6.97,13,3.76,2.17,Good,INT2062,76.58
2.56,35.0,58.3,61.16,5.28,2.7,15,5.81,3.11,Average,INT2063,58.91
2.6,79.1,33.0,84.31,10.0,6.07,13,4.19,5.0,Good,INT2064,74.11
3.0,87.4,82.6,85.91,4.3,6.92,12,1.15,2.72,Excellent,INT2065,96.99
1.83,14.0,17.6,63.74,6.28,1.04,8,5.85,3.51,Fair,INT2066,52.81
1.83,59.8,73.3,89.45,5.32,7.34,13,1.72,3.13,Good,INT2067,77.27
3.22,82.5,95.9,92.73,9.28,9.39,8,2.76,4.71,Excellent,INT2068,94.52
3.47,92.3,91.3,66.83,6.12,5.27,13,2.09,3.45,Excellent,INT2069,96.85
3.21,37.4,87.6,26.75,2.72,2.95,10,3.2,2.09,Average,INT2070,62.05
0.49,20.5,29.7,65.2,8.65,2.78,5,5.94,4.46,Fair,INT2071,51.77
0.22,31.9,28.8,66.83,0.0,5.66,9,3.77,1.0,Average,INT2072,66.27
0.36,16.0,18.5,59.93,2.0,5.44,14,1.99,1.8,Average,INT2073,58.18
2.52,33.9,56.5,50.17,7.5,4.64,6,6.77,4.0,Good,INT2074,71.53
1.86,58.4,41.7,93.54,1.55,7.69,7,5.94,1.62,Average,INT2075,55.74
3.21,25.6,16.5,29.82,8.25,4.67,3,6.44,4.3,Average,INT2076,68.67
2.7,41.1,33.3,70.72,2.0,5.81,10,2.66,1.8,Average,INT2077,60.67
2.63,16.5,40.0,44.56,9.48,3.48,9,3.89,4.79,Good,INT2078,74.02
0.05,3.0,14.3,92.41,0.0,0.58,5,6.64,1.0,Poor,INT2079,34.89
2.91,17.8,7.5,1.62,9.65,6.15,8,5.35,4.86,Average,INT2080,68.18
3.44,72.5,87.3,5.12,5.3,7.78,4,1.33,3.12,Excellent,INT2081,94.24
3.2,98.6,48.8,80.85,3.75,3.09,17,1.08,2.5,Excellent,INT2082,92.19
0.45,21.5,28.6,76.36,2.0,1.98,4,3.94,1.8,Fair,INT2083,53.1
0.18,36.8,11.6,45.29,0.0,1.21,7,6.45,1.0,Poor,INT2084,39.78
0.71,46.0,5.1,62.19,2.0,5.81,9,4.12,1.8,Fair,INT2085,44.63
1.62,69.6,71.0,81.2,4.9,3.33,10,3.79,2.96,Average,INT2086,59.53
3.45,70.4,14.1,72.34,1.27,5.89,19,2.08,1.51,Good,INT2087,84.69
1.84,85.5,53.0,65.84,9.65,2.69,15,4.95,4.86,Good,INT2088,73.95
0.64,59.3,58.3,36.35,3.63,2.49,12,5.99,2.45,Average,INT2089,65.42
1.2,64.1,88.1,75.59,3.0,9.61,20,3.73,2.2,Good,INT2090,72.44
1.14,32.2,6.4,70.84,6.72,0.7,14,5.8,3.69,Fair,INT2091,51.07
1.29,29.4,22.6,89.46,4.45,1.12,13,7.0,2.78,Fair,INT2092,51.85
1.39,48.3,74.7,71.24,3.38,4.56,12,1.83,2.35,Average,INT2093,64.98
2.82,75.6,91.1,63.47,3.5,9.59,12,4.49,2.4,Good,INT2094,79.38
3.37,83.0,92.4,93.1,4.68,8.75,8,2.56,2.87,Excellent,INT2095,85.4
2.24,69.5,88.0,79.84,2.0,6.54,10,6.07,1.8,Fair,INT2096,47.97
0.74,12.9,23.2,79.58,5.78,2.51,10,4.83,3.31,Fair,INT2097,50.46
2.25,78.5,63.4,66.83,10.0,2.25,22,4.58,5.0,Good,INT2098,76.25
2.13,26.2,27.3,85.94,10.0,2.47,10,5.7,5.0,Good,INT2099,71.39
2.36,90.4,21.4,65.65,6.1,6.99,16,3.61,3.44,Good,INT2100,70.79
0.72,15.4,20.9,51.69,1.57,2.05,13,6.09,1.63,Fair,INT2101,45.13
0.85,32.0,3.8,90.53,2.12,2.01,19,4.46,1.85,Average,INT2102,63.12
2.15,74.2,62.7,56.45,7.3,8.59,10,1.56,3.92,Excellent,INT2103,91.64
2.84,25.8,26.7,46.84,9.98,4.91,12,5.59,4.99,Good,INT2104,72.19
0.42,44.4,21.6,6.49,0.52,0.53,7,5.54,1.21,Fair,INT2105,40.11
3.06,42.1,42.7,68.77,5.98,3.59,13,2.98,3.39,Good,INT2106,81.16
1.02,52.1,12.3,26.83,2.6,5.51,10,5.76,2.04,Average,INT2107,57.18
0.63,7.0,39.4,37.57,2.48,1.93,11,6.21,1.99,Fair,INT2108,52.43
3.01,18.9,31.6,82.66,0.0,7.25,19,2.56,1.0,Good,INT2109,72.04
1.5,8.6,8.2,58.57,0.0,3.51,16,6.89,1.0,Poor,INT2110,33.39
2.52,23.9,17.0,68.58,0.0,1.45,8,1.34,1.0,Average,INT2111,56.3
2.96,67.9,95.2,96.51,6.72,8.75,15,2.6,3.69,Excellent,INT2112,93.16
2.88,61.1,67.6,72.12,4.68,5.7,14,1.62,2.87,Average,INT2113,68.31
1.82,22.2,38.5,90.13,10.0,2.13,4,6.63,5.0,Average,INT2114,69.79
3.66,88.6,40.7,96.36,10.0,8.01,17,4.9,5.0,Excellent,INT2115,93.25
1.42,49.1,94.5,59.16,4.78,8.4,13,1.93,2.91,Good,INT2116,71.17
0.9,9.9,91.9,68.42,8.73,4.11,10,3.35,4.49,Good,INT2117,71.48
2.14,47.3,87.7,65.87,5.52,4.05,5,4.8,3.21,Good,INT2118,73.27
3.8,92.9,75.4,98.13,5.4,8.86,17,1.54,3.16,Excellent,INT2119,98.12
2.77,36.4,47.6,66.83,2.6,8.05,9,5.95,2.04,Average,INT2120,69.62
2.15,57.8,56.6,91.86,3.0,3.77,19,5.56,2.2,Average,INT2121,60.63
1.28,39.4,14.7,50.76,8.55,3.24,4,3.6,4.42,Fair,INT2122,54.37
1.6,15.2,15.2,97.71,7.95,0.48,18,6.37,4.18,Average,INT2123,63.27
3.63,83.8,95.7,0.0,4.75,9.03,13,3.02,2.9,Excellent,INT2124,92.4
0.69,40.7,24.2,88.4,2.77,2.73,12,6.62,2.11,Fair,INT2125,49.81
2.78,45.2,35.0,54.08,10.0,8.27,15,5.19,5.0,Good,INT2126,76.69
3.15,39.0,69.7,8.69,4.7,1.08,16,4.63,2.88,Fair,INT2127,47.42
3.59,95.3,73.9,98.11,4.68,8.26,17,1.84,2.87,Excellent,INT2128,100.0
2.0,29.0,9.9,75.03,6.2,7.16,8,5.92,3.48,Average,INT2129,64.04
2.36,66.9,26.3,42.53,6.62,4.22,9,3.64,3.65,Average,INT2130,63.41
2.89,49.3,59.3,92.0,10.0,7.51,7,1.81,5.0,Good,INT2131,83.0
2.73,71.0,76.7,0.0,2.22,6.56,10,1.26,1.89,Average,INT2132,66.08
0.98,32.3,29.3,44.72,2.25,1.72,10,4.6,1.9,Fair,INT2133,52.65
0.61,2.8,57.9,68.79,0.62,5.05,8,4.24,1.25,Fair,INT2134,47.95
0.3,6.2,9.8,67.49,5.15,0.27,16,5.1,3.06,Fair,INT2135,40.84
0.25,19.8,10.4,65.38,0.97,1.33,6,6.35,1.39,Fair,INT2136,42.74
3.34,83.3,93.2,66.83,10.0,8.36,14,1.23,5.0,Excellent,INT2137,86.85
2.08,28.3,67.1,58.65,3.58,6.3,13,5.79,2.43,Average,INT2138,55.22
1.98,27.9,47.7,82.02,0.0,5.09,9,2.39,1.0,Average,INT2139,67.77
1.46,85.4,79.4,95.97,8.02,8.92,16,6.14,4.21,Good,INT2140,75.55
2.21,35.2,31.4,40.58,8.02,4.15,8,6.38,4.21,Average,INT2141,64.13
3.04,81.7,39.6,64.9,10.0,7.45,12,3.92,5.0,Good,INT2142,84.77
2.08,77.9,96.1,57.96,10.0,7.24,10,5.09,5.0,Average,INT2143,60.68
2.84,43.3,39.2,56.96,0.0,6.97,5,2.49,1.0,Average,INT2144,67.49
1.13,79.7,64.3,98.57,4.25,6.98,7,3.87,2.7,Good,INT2145,77.75
1.91,17.8,7.5,67.46,8.48,1.14,6,6.29,4.39,Average,INT2146,58.9
0.59,41.3,36.0,64.55,0.0,2.1,4,4.13,1.0,Fair,INT2147,51.59
0.21,63.5,11.8,66.83,0.0,4.44,12,3.25,1.0,Fair,INT2148,49.08
1.05,49.2,70.5,66.83,5.3,5.94,7,3.86,3.12,Fair,INT2149,54.15
0.67,21.4,72.5,42.95,0.03,1.07,14,6.12,1.01,Fair,INT2150,49.88
1.53,92.8,65.4,81.5,6.3,6.35,17,3.27,3.52,Average,INT2151,68.54
2.73,81.1,78.6,85.83,4.38,7.22,10,1.95,2.75,Good,INT2152,82.03
0.82,29.2,22.8,0.0,3.38,2.82,4,5.25,2.35,Average,INT2153,57.11
0.86,31.0,32.0,58.25,4.68,1.36,9,6.14,2.87,Average,INT2154,64.17
2.1,61.7,87.0,66.83,5.45,8.31,21,1.98,3.18,Excellent,INT2155,90.5
3.35,85.2,62.5,42.81,0.45,6.85,13,2.73,1.18,Good,INT2156,70.19
1.5,30.1,69.8,86.16,0.0,2.25,17,1.37,1.0,Average,INT2157,61.21
0.42,39.3,9.7,78.62,0.0,5.24,5,2.71,1.0,Fair,INT2158,53.42
1.18,78.4,85.8,74.33,3.42,1.96,8,4.05,2.37,Average,INT2159,64.64
1.11,29.0,14.0,84.9,3.55,2.77,8,5.82,2.42,Fair,INT2160,50.72
0.36,15.1,14.8,69.79,3.28,0.3,7,4.8,2.31,Average,INT2161,56.07
1.35,25.7,43.8,56.31,5.78,2.73,11,4.81,3.31,Average,INT2162,64.01
2.54,15.5,79.5,74.44,2.97,8.12,14,3.52,2.19,Good,INT2163,72.85
0.65,23.7,5.4,42.25,4.3,4.16,5,6.46,2.72,Fair,INT2164,47.03
1.02,67.6,35.7,60.1,0.95,4.57,15,4.11,1.38,Average,INT2165,62.21
1.87,53.8,11.5,96.78,8.15,5.37,13,6.58,4.26,Average,INT2166,64.28
3.44,74.1,67.5,28.22,10.0,9.01,13,5.03,5.0,Good,INT2167,71.34
2.83,57.7,46.3,70.46,10.0,8.26,18,1.36,5.0,Excellent,INT2168,90.03
0.54,54.2,35.1,57.75,5.02,5.82,9,5.45,3.01,Average,INT2169,57.5
1.81,46.1,27.7,53.46,5.62,1.99,10,2.6,3.25,Good,INT2170,70.95
1.06,55.1,11.0,9.87,1.15,1.35,1,5.28,1.46,Fair,INT2171,49.18
1.79,64.6,92.3,38.26,6.3,2.65,13,1.53,3.52,Excellent,INT2172,93.76
0.78,25.7,75.4,61.23,0.0,0.66,6,2.33,1.0,Fair,INT2173,50.66
0.62,23.3,15.5,52.69,10.0,1.88,3,6.18,5.0,Average,INT2174,65.51
2.68,97.3,92.2,20.79,8.65,9.14,11,1.92,4.46,Excellent,INT2175,88.07
2.1,51.5,57.9,82.05,4.68,3.54,15,6.23,2.87,Average,INT2176,65.57
1.06,83.9,8.8,0.0,0.0,3.17,10,2.56,1.0,Average,INT2177,56.93
0.84,34.8,25.8,52.37,10.0,5.23,12,4.68,5.0,Average,INT2178,60.78
3.13,83.4,3.7,66.83,0.0,3.58,6,5.65,1.0,Average,INT2179,64.54
1.26,20.8,27.8,58.49,0.0,0.31,6,4.17,1.0,Fair,INT2180,48.56
1.74,89.9,50.7,96.54,0.28,6.46,19,3.04,1.11,Good,INT2181,72.15
2.7,65.7,86.2,36.24,7.5,8.52,8,2.31,4.0,Excellent,INT2182,94.37
2.56,59.6,94.6,1.68,5.0,6.24,10,1.47,3.0,Good,INT2183,82.54
1.39,19.6,80.9,52.07,6.12,3.66,9,3.92,3.45,Good,INT2184,70.2
1.35,17.1,7.6,93.84,2.72,2.0,6,5.08,2.09,Fair,INT2185,53.16
1.99,11.6,17.2,68.54,6.65,6.02,12,7.0,3.66,Average,INT2186,59.93
1.83,37.9,74.3,70.37,2.03,6.73,10,3.92,1.81,Average,INT2187,62.69
0.92,69.6,20.7,0.0,1.15,4.76,15,5.81,1.46,Average,INT2188,67.31
3.13,78.8,85.6,96.12,0.1,4.08,10,6.03,1.04,Average,INT2189,64.19
0.98,22.9,95.4,84.63,1.85,2.27,11,4.87,1.74,Average,INT2190,63.96
3.51,23.6,80.1,62.38,5.42,3.94,9,2.52,3.17,Good,INT2191,73.25
0.32,11.1,26.6,59.25,4.32,0.25,7,6.91,2.73,Poor,INT2192,35.82
1.3,83.1,76.6,61.52,10.0,5.28,13,4.55,5.0,Good,INT2193,75.59
2.64,26.6,34.1,63.18,0.9,8.62,11,4.2,1.36,Average,INT2194,66.72
3.53,89.1,58.0,61.51,0.0,5.54,9,1.66,1.0,Average,INT2195,66.58
0.94,29.0,13.6,59.36,8.5,2.74,12,3.18,4.4,Average,INT2196,68.39
3.05,20.5,87.7,55.8,3.05,8.27,16,4.16,2.22,Good,INT2197,78.34
0.27,2.6,4.6,9.36,0.0,0.53,8,5.98,1.0,Poor,INT2198,36.66
1.26,49.8,51.8,81.25,0.42,5.66,10,3.92,1.17,Average,INT2199,57.63
1.04,60.2,81.8,64.54,8.8,7.78,12,3.6,4.52,Good,INT2200,78.28
0.45,40.3,9.7,53.26,0.65,1.4,6,6.64,1.26,Fair,INT2201,43.48
3.0,44.1,51.8,54.09,9.92,9.55,13,1.82,4.97,Good,INT2202,83.75
2.6,31.1,26.7,56.3,3.3,5.51,4,3.86,2.32,Fair,INT2203,53.28
2.58,88.3,69.7,2.63,9.62,8.87,19,1.54,4.85,Excellent,INT2204,93.78
0.74,22.0,30.2,82.89,0.0,2.2,6,5.72,1.0,Fair,INT2205,42.58
0.69,5.4,3.8,53.23,0.0,0.51,8,6.1,1.0,Poor,INT2206,32.38
3.15,73.7,58.0,38.51,3.97,7.79,14,2.26,2.59,Excellent,INT2207,92.4
1.14,37.3,49.4,63.93,0.83,3.11,2,5.96,1.33,Fair,INT2208,53.96
1.38,59.8,68.2,78.9,3.02,4.44,8,2.29,2.21,Average,INT2209,64.61
0.18,14.8,10.7,41.23,0.0,0.98,10,6.46,1.0,Fair,INT2210,40.75
0.65,77.1,14.1,74.06,3.68,2.34,2,5.41,2.47,Average,INT2211,61.93
1.33,21.1,76.5,65.73,2.6,3.35,8,5.89,2.04,Average,INT2212,58.58
3.47,67.1,85.6,0.36,7.43,7.17,9,1.0,3.97,Excellent,INT2213,96.32
3.37,92.1,97.2,87.12,10.0,8.64,14,6.77,5.0,Good,INT2214,76.09
1.21,25.8,43.8,93.99,8.35,4.91,8,5.19,4.34,Good,INT2215,72.64
2.56,63.1,72.6,69.55,6.42,6.89,7,2.53,3.57,Good,INT2216,81.62
0.5,11.8,15.0,52.93,6.9,3.74,6,6.13,3.76,Fair,INT2217,46.48
3.13,64.0,79.5,87.0,4.68,5.86,10,2.86,2.87,Excellent,INT2218,86.9
0.38,4.4,91.4,54.85,5.02,0.88,3,6.57,3.01,Fair,INT2219,48.07
0.94,31.7,36.3,97.36,0.78,1.57,16,2.05,1.31,Good,INT2220,76.04
0.68,29.5,50.9,62.65,0.0,3.79,9,5.42,1.0,Fair,INT2221,44.07
1.6,22.4,26.6,87.11,2.72,3.46,6,3.92,2.09,Fair,INT2222,54.81
1.32,44.0,65.0,52.73,5.95,6.42,10,1.14,3.38,Average,INT2223,55.86
1.47,38.0,10.7,54.17,6.85,8.3,10,2.06,3.74,Good,INT2224,73.93
2.97,87.8,95.7,7.04,7.35,6.56,8,1.38,3.94,Excellent,INT2225,92.37
0.78,47.0,67.3,88.45,6.85,4.2,13,3.54,3.74,Good,INT2226,71.91
2.3,15.2,51.4,62.11,7.35,1.97,11,2.67,3.94,Good,INT2227,72.58
0.55,26.5,44.8,68.24,0.0,0.81,6,4.24,1.0,Fair,INT2228,43.14
2.99,92.5,84.9,76.28,9.5,8.06,15,2.48,4.8,Good,INT2229,77.73
0.82,23.6,14.0,21.86,0.23,0.64,6,3.08,1.09,Average,INT2230,56.33
1.52,74.8,5.9,41.84,8.15,2.34,21,5.22,4.26,Average,INT2231,62.45
3.67,62.7,96.2,4.92,4.78,7.83,14,1.24,2.91,Excellent,INT2232,96.75
0.49,11.8,6.5,59.16,0.0,1.43,6,6.07,1.0,Poor,INT2233,36.87
0.76,76.5,23.5,68.42,0.0,2.18,11,6.29,1.0,Fair,INT2234,47.27
0.46,19.9,13.3,57.4,4.22,2.14,8,5.24,2.69,Fair,INT2235,53.13
2.04,55.4,88.2,81.79,7.5,9.09,25,4.42,4.0,Good,INT2236,82.44
2.73,48.2,37.5,59.41,9.72,1.45,8,6.63,4.89,Average,INT2237,68.59
3.58,96.9,91.3,95.6,3.97,9.48,12,1.85,2.59,Excellent,INT2238,96.11
2.39,66.5,47.1,89.66,2.82,6.6,16,1.66,2.13,Good,INT2239,78.92
3.56,97.4,48.6,58.81,7.43,9.39,6,2.67,3.97,Excellent,INT2240,92.46
0.91,41.6,60.7,90.87,3.02,5.86,7,6.24,2.21,Fair,INT2241,49.11
2.21,17.2,59.5,0.94,0.03,1.7,8,1.0,1.01,Average,INT2242,59.95
2.19,40.0,35.7,96.12,6.05,5.45,8,4.09,3.42,Good,INT2243,81.06
2.44,76.3,72.2,66.83,10.0,4.13,19,6.73,5.0,Good,INT2244,77.48
0.54,2.8,22.5,89.26,0.4,1.17,8,5.75,1.16,Fair,INT2245,41.41
1.28,10.3,26.2,54.25,0.0,1.59,8,3.8,1.0,Fair,INT2246,46.81
0.86,21.8,80.6,79.14,4.32,3.72,10,1.21,2.73,Average,INT2247,67.27
1.11,19.8,13.8,91.06,0.0,2.99,2,5.9,1.0,Fair,INT2248,48.55
0.74,75.1,24.7,93.08,2.0,6.79,13,4.99,1.8,Average,INT2249,55.55
3.26,88.4,83.0,51.43,10.0,8.23,11,1.39,5.0,Excellent,INT2250,88.94
3.28,25.1,42.9,96.96,6.18,8.78,14,2.03,3.47,Excellent,INT2251,88.29
0.82,19.3,8.6,52.17,5.28,4.37,10,6.77,3.11,Average,INT2252,60.58
3.39,76.1,72.1,80.73,2.75,3.98,13,3.92,2.1,Good,INT2253,76.25
0.89,20.8,33.0,84.67,9.35,1.71,14,6.41,4.74,Average,INT2254,64.16
1.09,80.9,46.1,55.37,2.97,4.85,9,6.52,2.19,Average,INT2255,57.27
1.17,55.5,32.4,66.83,3.45,1.71,13,4.72,2.38,Average,INT2256,65.55
1.58,73.0,28.3,58.84,7.15,2.74,17,4.04,3.86,Average,INT2257,66.26
2.36,45.8,58.0,69.23,5.1,2.64,13,3.59,3.04,Average,INT2258,66.68
3.61,82.9,65.0,55.36,4.82,4.84,11,3.33,2.93,Average,INT2259,66.88
3.21,66.6,87.5,56.65,10.0,6.73,13,3.49,5.0,Excellent,INT2260,87.67
2.33,69.7,55.8,92.46,9.33,7.49,16,5.18,4.73,Good,INT2261,83.8
1.0,21.4,38.1,79.37,6.1,0.3,12,4.87,3.44,Average,INT2262,58.31
1.34,11.0,70.5,58.06,2.62,3.7,14,6.43,2.05,Average,INT2263,56.99
0.65,31.8,35.7,50.76,0.0,3.04,8,3.97,1.0,Fair,INT2264,48.74
2.01,89.2,76.3,85.04,10.0,4.37,7,4.22,5.0,Good,INT2265,74.97
1.87,31.1,9.4,77.51,1.23,3.5,4,4.91,1.49,Average,INT2266,55.92
1.02,69.4,62.0,48.5,0.0,2.53,6,4.3,1.0,Fair,INT2267,51.92
0.81,10.3,31.3,90.66,0.0,3.58,5,5.62,1.0,Average,INT2268,61.72
2.74,21.0,49.3,71.71,4.68,6.3,15,2.03,2.87,Good,INT2269,79.86
0.6,14.1,5.3,66.83,3.2,2.53,9,4.41,2.28,Fair,INT2270,46.11
3.65,87.6,98.8,97.0,10.0,8.49,15,1.22,5.0,Excellent,INT2271,100.0
1.73,11.8,1.9,77.26,2.77,0.55,5,2.84,2.11,Average,INT2272,55.75
2.4,88.2,96.5,80.76,7.5,8.85,15,3.67,4.0,Excellent,INT2273,91.46
3.59,59.8,78.6,96.67,6.57,5.67,15,4.74,3.63,Good,INT2274,74.98
0.5,19.5,4.5,96.58,7.3,1.7,3,6.83,3.92,Fair,INT2275,50.82
0.37,12.1,55.1,78.6,5.9,1.15,7,4.23,3.36,Average,INT2276,56.75
0.93,21.9,50.6,39.5,4.9,2.61,19,5.4,2.96,Average,INT2277,68.35
2.96,83.2,25.7,99.86,1.02,8.82,17,3.74,1.41,Good,INT2278,79.35
2.91,30.5,34.8,84.04,8.73,9.12,9,5.16,4.49,Average,INT2279,69.22
2.9,13.7,50.4,70.42,4.68,5.13,5,1.0,2.87,Good,INT2280,73.22
2.75,84.0,93.6,77.99,6.88,9.04,15,2.39,3.75,Good,INT2281,72.03
3.43,95.5,68.4,70.79,10.0,8.66,9,3.3,5.0,Excellent,INT2282,88.3
2.6,83.0,8.0,94.42,0.0,6.45,11,4.24,1.0,Average,INT2283,67.29
3.71,77.5,91.8,0.0,1.67,8.07,10,1.64,1.67,Good,INT2284,79.42
0.73,43.2,70.7,91.18,0.42,7.0,12,2.24,1.17,Average,INT2285,69.93
3.51,76.6,24.4,92.01,10.0,9.12,17,2.22,5.0,Excellent,INT2286,87.43
1.46,75.9,61.3,91.22,10.0,5.38,17,7.0,5.0,Average,INT2287,63.92
1.3,26.6,83.6,86.11,2.42,4.89,18,3.27,1.97,Average,INT2288,69.73
1.4,34.7,35.5,92.74,0.0,1.5,8,4.29,1.0,Average,INT2289,56.37
2.25,36.6,11.3,69.36,4.12,3.06,13,1.99,2.65,Average,INT2290,60.35
1.02,17.2,25.7,0.0,6.28,1.74,12,5.07,3.51,Average,INT2291,57.85
3.49,82.1,65.3,92.12,3.6,8.56,14,2.58,2.44,Good,INT2292,75.82
3.93,95.4,94.1,40.3,7.5,9.82,13,2.37,4.0,Excellent,INT2293,98.82
1.37,11.6,58.6,56.37,4.2,3.1,14,4.02,2.68,Average,INT2294,62.26
2.49,60.8,11.5,1.03,2.08,8.27,16,1.0,1.83,Average,INT2295,64.32
2.76,81.9,90.0,6.13,10.0,9.16,18,1.1,5.0,Excellent,INT2296,93.04
3.35,92.4,91.8,87.55,0.0,8.92,20,2.17,1.0,Good,INT2297,79.87
3.47,83.6,74.1,0.94,3.5,7.38,15,1.51,2.4,Excellent,INT2298,88.07
0.98,33.8,19.6,60.19,0.45,1.3,11,1.78,1.18,Average,INT2299,55.4
2.32,51.7,82.6,59.99,5.82,2.77,19,3.22,3.33,Good,INT2300,70.09
2.06,55.9,80.7,64.06,8.95,1.55,15,5.55,4.58,Good,INT2301,70.73
3.29,17.1,31.8,89.65,3.4,2.43,5,4.9,2.36,Average,INT2302,68.45
0.43,16.7,18.1,74.44,5.45,6.38,7,4.24,3.18,Average,INT2303,64.9
3.66,51.4,83.4,86.58,3.75,3.45,16,2.46,2.5,Good,INT2304,84.03
2.55,80.7,85.5,39.83,6.6,3.15,10,6.84,3.64,Good,INT2305,71.07
2.66,48.1,17.1,67.36,6.75,1.73,11,3.05,3.7,Average,INT2306,60.03
3.18,94.9,70.4,92.07,7.05,8.15,12,1.08,3.82,Excellent,INT2307,87.11
2.98,92.6,73.9,51.77,10.0,7.48,10,4.73,5.0,Good,INT2308,80.15
2.63,64.3,39.9,98.74,1.23,5.76,11,1.73,1.49,Good,INT2309,71.97
3.29,67.6,27.2,82.41,10.0,7.47,14,2.76,5.0,Excellent,INT2310,85.3
3.37,54.2,39.4,71.62,5.65,4.19,5,3.89,3.26,Average,INT2311,69.48
2.56,19.9,65.7,81.4,10.0,4.35,22,6.7,5.0,Average,INT2312,68.91
3.11,20.1,86.3,56.14,7.5,5.21,7,3.75,4.0,Average,INT2313,59.62
0.88,50.5,21.1,75.7,2.65,3.24,17,4.87,2.06,Average,INT2314,58.28
1.19,18.2,44.2,99.25,6.35,8.67,15,7.0,3.54,Average,INT2315,62.43
1.74,20.9,48.5,61.76,4.15,4.3,11,1.59,2.66,Average,INT2316,61.16
2.02,48.7,33.8,86.11,4.68,4.6,21,2.83,2.87,Good,INT2317,70.72
1.28,28.1,21.8,71.75,0.0,0.46,16,3.1,1.0,Average,INT2318,56.71
1.28,72.8,61.3,53.35,4.07,5.84,6,3.58,2.63,Fair,INT2319,52.39
3.51,70.4,35.6,60.24,9.2,2.37,15,3.36,4.68,Good,INT2320,82.08
1.02,18.6,18.9,73.52,8.32,4.68,8,6.91,4.33,Fair,INT2321,54.34
3.84,93.8,79.4,99.0,4.7,8.69,14,5.21,2.88,Good,INT2322,84.8
1.29,51.2,43.6,59.76,5.4,5.29,5,4.73,3.16,Fair,INT2323,48.82
3.04,29.0,23.1,45.71,9.88,4.7,13,3.3,4.95,Good,INT2324,75.52
0.33,8.3,7.4,78.78,2.0,0.67,9,6.43,1.8,Fair,INT2325,45.61
1.54,38.5,23.2,78.25,9.9,7.16,11,6.33,4.96,Average,INT2326,67.65
1.43,17.1,18.1,80.76,7.32,1.46,14,6.26,3.93,Good,INT2327,71.93
3.59,90.7,77.4,0.0,2.0,7.33,7,1.0,1.8,Average,INT2328,62.76
2.86,68.1,62.0,17.12,6.62,7.68,15,4.91,3.65,Good,INT2329,76.12
3.5,69.1,94.0,95.0,0.0,7.08,6,1.19,1.0,Good,INT2330,75.73
3.32,72.2,66.9,91.35,1.12,9.2,16,2.45,1.45,Excellent,INT2331,87.85
3.37,89.5,90.1,30.12,4.85,8.57,16,1.02,2.94,Excellent,INT2332,98.89
3.01,53.9,83.9,70.66,7.5,3.07,17,4.69,4.0,Good,INT2333,78.86
3.51,69.2,76.7,88.53,4.58,9.11,16,5.17,2.83,Excellent,INT2334,88.37
3.3,80.9,32.3,99.0,0.0,5.31,14,1.38,1.0,Good,INT2335,83.43
0.88,17.4,46.2,0.0,0.0,6.81,6,3.34,1.0,Average,INT2336,66.55
3.33,90.4,63.2,94.97,3.87,8.24,3,4.21,2.55,Average,INT2337,65.8
2.41,25.5,46.2,57.92,4.5,1.08,8,3.42,2.8,Average,INT2338,69.54
3.64,89.7,91.2,95.72,7.43,9.53,9,1.71,3.97,Excellent,INT2339,96.46
2.9,14.5,14.8,67.33,4.68,4.02,14,3.92,2.87,Average,INT2340,58.75
2.21,43.4,43.8,68.85,8.6,5.83,12,5.59,4.44,Average,INT2341,68.61
1.14,83.3,30.2,66.83,7.22,4.71,9,1.07,3.89,Good,INT2342,73.89
1.81,55.5,26.5,46.5,5.4,4.92,10,1.53,3.16,Good,INT2343,70.92
1.45,85.8,43.5,60.47,6.12,4.33,21,2.81,3.45,Good,INT2344,79.1
0.31,10.6,19.9,63.04,0.0,6.05,17,6.92,1.0,Fair,INT2345,51.22
2.27,17.5,42.5,28.52,5.62,1.17,15,5.48,3.25,Average,INT2346,67.57
0.45,16.0,9.2,57.06,3.55,1.54,5,4.93,2.42,Poor,INT2347,38.78
2.79,74.9,58.5,72.01,7.4,7.59,18,3.1,3.96,Good,INT2348,78.77
0.99,18.9,14.0,64.1,2.65,5.23,10,4.48,2.06,Fair,INT2349,46.49
1.5,52.2,42.3,0.21,3.95,7.01,12,1.0,2.58,Good,INT2350,72.25
1.08,25.5,90.9,24.95,6.05,4.63,14,5.11,3.42,Average,INT2351,63.78
2.8,93.4,53.3,95.87,3.55,6.1,16,6.6,2.42,Good,INT2352,78.23
0.71,30.3,6.7,73.33,6.52,1.71,15,3.92,3.61,Average,INT2353,62.64
1.29,28.9,38.7,26.42,0.78,1.66,14,6.58,1.31,Fair,INT2354,52.2
0.73,28.9,15.9,86.98,0.37,1.25,6,5.03,1.15,Average,INT2355,61.88
0.77,41.5,26.2,55.35,4.12,0.71,5,2.2,2.65,Average,INT2356,62.42
2.33,31.5,51.5,71.91,7.5,8.79,17,3.92,4.0,Average,INT2357,69.34
3.32,90.8,83.4,56.57,10.0,3.55,15,1.52,5.0,Good,INT2358,82.36
2.42,21.4,46.8,99.38,0.0,7.51,3,3.78,1.0,Average,INT2359,58.33
3.14,93.3,74.4,40.8,6.65,5.56,15,1.69,3.66,Good,INT2360,78.05
3.86,75.3,97.8,2.49,7.25,8.59,11,1.37,3.9,Excellent,INT2361,98.87
1.62,34.3,5.1,36.32,7.38,1.7,12,3.51,3.95,Average,INT2362,67.08
0.78,91.1,30.3,73.49,5.82,3.98,7,3.17,3.33,Good,INT2363,81.05
1.65,46.3,15.8,53.01,0.0,5.19,11,4.0,1.0,Fair,INT2364,51.31
3.35,85.8,34.9,3.17,1.07,8.77,13,4.89,1.43,Average,INT2365,69.45
2.97,36.6,48.1,8.91,3.53,5.67,8,1.74,2.41,Average,INT2366,64.18
3.16,82.1,80.1,80.27,10.0,9.93,11,1.69,5.0,Excellent,INT2367,93.52
0.76,57.1,53.0,54.71,0.0,2.55,16,4.42,1.0,Fair,INT2368,54.7
0.65,47.0,34.7,94.2,6.82,3.69,9,3.39,3.73,Average,INT2369,65.49
3.48,88.1,68.3,77.19,5.9,6.06,12,5.1,3.36,Good,INT2370,78.75
0.08,8.6,6.9,52.01,0.0,0.38,7,5.27,1.0,Poor,INT2371,39.25
0.72,29.0,15.3,96.0,5.98,2.41,13,6.16,3.39,Average,INT2372,60.32
1.94,56.9,63.2,66.83,0.0,5.9,10,5.38,1.0,Average,INT2373,61.26
2.31,74.2,88.6,93.43,4.68,7.97,8,3.16,2.87,Average,INT2374,67.81
2.46,73.4,43.3,92.84,4.12,9.22,14,5.31,2.65,Excellent,INT2375,88.44
2.81,20.1,86.0,0.0,7.0,3.36,14,2.46,3.8,Excellent,INT2376,86.85
1.61,45.4,14.7,66.83,2.65,3.66,9,3.15,2.06,Fair,INT2377,46.72
1.98,45.7,20.1,62.35,6.65,4.24,14,5.74,3.66,Average,INT2378,63.82
3.19,48.7,73.5,93.78,2.77,7.29,11,3.45,2.11,Good,INT2379,75.92
2.46,85.7,76.4,7.0,8.5,4.38,13,6.24,4.4,Good,INT2380,77.8
0.73,27.8,23.9,66.83,2.62,0.97,9,6.2,2.05,Fair,INT2381,51.72
0.97,44.0,30.2,72.0,5.25,5.09,7,6.64,3.1,Fair,INT2382,54.15
0.55,28.4,41.7,58.76,7.0,2.82,15,6.36,3.8,Fair,INT2383,52.03
1.82,71.8,39.0,98.42,6.9,4.13,12,3.74,3.76,Good,INT2384,75.75
2.05,66.8,57.1,37.9,2.05,7.34,13,3.02,1.82,Average,INT2385,68.74
0.92,14.5,60.7,59.55,2.0,4.04,4,4.68,1.8,Fair,INT2386,48.39
3.38,92.8,27.8,50.46,5.05,5.53,9,2.77,3.02,Excellent,INT2387,88.74
1.95,24.8,30.1,62.14,4.02,1.4,17,4.4,2.61,Average,INT2388,57.04
3.92,94.5,95.3,96.94,10.0,6.86,12,5.64,5.0,Excellent,INT2389,91.06
0.27,13.0,25.8,50.55,4.6,0.76,7,5.05,2.84,Fair,INT2390,40.56
0.35,45.4,60.0,21.72,6.32,2.52,6,3.71,3.53,Good,INT2391,72.97
3.81,96.6,61.3,75.24,8.9,8.9,11,1.71,4.56,Excellent,INT2392,94.71
1.25,40.3,56.9,74.4,4.12,4.75,11,4.08,2.65,Good,INT2393,79.14
3.33,90.7,76.8,58.17,10.0,8.03,13,2.06,5.0,Excellent,INT2394,90.95
0.57,52.2,91.2,74.73,7.5,6.22,12,6.62,4.0,Good,INT2395,71.82
0.51,15.9,49.3,70.58,1.1,1.44,10,2.98,1.44,Average,INT2396,61.12
2.08,92.8,75.9,94.52,3.5,9.29,7,2.34,2.4,Excellent,INT2397,90.93
0.92,49.0,41.1,7.19,1.07,5.48,7,1.2,1.43,Average,INT2398,57.83
1.26,30.7,43.0,62.88,4.85,6.2,13,5.05,2.94,Average,INT2399,66.95
1.27,58.2,51.9,81.22,0.0,1.93,12,4.41,1.0,Fair,INT2400,51.64
3.27,38.3,34.9,57.59,2.42,5.59,9,3.17,1.97,Good,INT2401,76.57
3.44,74.5,92.4,66.83,4.68,8.61,11,1.81,2.87,Good,INT2402,77.07
0.7,37.4,17.7,76.91,8.1,4.29,10,3.14,4.24,Average,INT2403,64.36
1.34,40.9,31.4,61.74,4.7,1.39,14,3.11,2.88,Average,INT2404,56.1
2.54,48.2,36.8,65.06,7.48,4.18,14,4.59,3.99,Good,INT2405,80.58
0.33,20.5,13.5,62.26,4.73,0.57,3,5.06,2.89,Fair,INT2406,48.27
1.35,49.9,63.4,82.51,0.0,1.47,10,3.67,1.0,Average,INT2407,56.51
1.96,35.8,11.2,77.68,4.18,9.35,10,2.16,2.67,Average,INT2408,67.36
0.45,62.7,20.3,26.28,7.5,0.37,7,6.54,4.0,Average,INT2409,65.93
3.11,63.1,39.4,53.38,7.3,5.75,9,3.88,3.92,Excellent,INT2410,91.32
3.11,22.4,46.1,56.7,4.05,6.82,14,4.66,2.62,Good,INT2411,77.18
3.37,95.0,57.4,54.06,10.0,8.05,14,1.82,5.0,Excellent,INT2412,87.66
0.36,3.2,27.7,94.49,0.0,1.66,5,3.68,1.0,Average,INT2413,61.56
3.26,94.8,68.8,0.73,7.5,8.58,14,1.14,4.0,Excellent,INT2414,100.0
1.38,60.8,75.5,97.53,5.42,7.97,14,3.55,3.17,Average,INT2415,64.51
0.1,3.4,41.0,57.41,2.0,1.02,13,6.33,1.8,Poor,INT2416,28.61
1.06,16.9,36.1,99.68,0.0,5.68,5,2.83,1.0,Average,INT2417,63.64
3.7,37.0,87.8,8.21,3.22,3.56,11,1.35,2.29,Excellent,INT2418,89.34
3.6,91.9,96.6,4.93,2.8,8.08,16,1.25,2.12,Excellent,INT2419,94.09
0.84,6.4,9.7,75.76,0.0,2.97,6,3.06,1.0,Average,INT2420,64.87
0.89,75.3,89.4,28.23,4.68,9.3,12,2.11,2.87,Excellent,INT2421,91.21
3.19,64.3,68.2,8.47,1.85,4.82,8,1.52,1.74,Good,INT2422,83.5
1.41,24.8,16.2,82.2,1.0,1.45,16,5.32,1.4,Fair,INT2423,46.45
1.11,54.5,50.8,54.58,6.65,5.04,16,4.08,3.66,Average,INT2424,66.15
2.72,76.1,60.0,11.56,6.3,6.43,11,2.9,3.52,Good,INT2425,75.18
2.61,82.9,23.9,29.13,7.82,4.29,15,5.93,4.13,Average,INT2426,65.79
3.1,79.6,64.2,48.55,4.1,6.86,9,1.58,2.64,Good,INT2427,82.12
1.48,31.3,75.4,80.7,3.42,2.19,10,6.75,2.37,Average,INT2428,60.73
2.94,33.5,56.5,74.98,2.18,6.16,9,3.11,1.87,Average,INT2429,67.2
1.99,58.3,85.6,40.85,3.95,4.6,14,6.12,2.58,Average,INT2430,56.62
1.68,41.0,47.9,76.59,10.0,8.3,9,3.92,5.0,Excellent,INT2431,85.65
0.7,15.6,11.7,75.82,0.0,1.98,9,6.14,1.0,Fair,INT2432,40.85
1.83,21.8,6.8,50.97,3.87,4.36,6,3.92,2.55,Average,INT2433,62.52
1.15,61.6,77.3,64.12,7.62,6.13,10,2.33,4.05,Average,INT2434,69.77
0.47,9.2,16.6,52.66,0.03,0.63,5,6.45,1.01,Poor,INT2435,34.82
2.66,84.3,64.7,95.01,7.5,8.81,7,3.33,4.0,Excellent,INT2436,92.87
2.17,46.3,28.7,86.26,2.32,2.21,12,3.3,1.93,Good,INT2437,74.65
2.36,55.4,87.6,99.81,2.82,5.6,11,3.31,2.13,Good,INT2438,77.77
1.17,46.3,37.8,41.58,2.0,3.2,8,4.48,1.8,Average,INT2439,55.12
3.27,31.1,48.2,93.92,0.0,6.23,23,1.62,1.0,Good,INT2440,70.65
1.57,79.1,50.6,0.0,5.82,8.01,10,4.41,3.33,Good,INT2441,78.79
2.57,46.2,41.9,72.66,5.65,3.36,11,3.77,3.26,Average,INT2442,65.51
3.11,48.2,58.8,61.13,7.5,2.26,9,5.47,4.0,Good,INT2443,70.98
2.0,41.6,11.3,86.92,6.32,3.82,14,6.26,3.53,Fair,INT2444,53.72
1.08,85.6,56.2,95.21,0.0,2.05,12,3.54,1.0,Average,INT2445,64.32
0.91,57.8,72.9,61.77,2.0,7.19,12,3.15,1.8,Fair,INT2446,47.05
1.17,47.1,43.4,58.77,4.58,3.98,16,3.04,2.83,Average,INT2447,67.79
3.52,72.8,93.5,84.81,10.0,6.24,15,2.28,5.0,Excellent,INT2448,96.7
3.71,94.9,96.7,98.85,4.68,7.18,11,1.0,2.87,Excellent,INT2449,94.21
1.57,59.2,82.8,87.5,2.57,7.22,16,2.93,2.03,Good,INT2450,71.35
2.36,38.2,58.7,64.23,10.0,7.91,11,2.13,5.0,Excellent,INT2451,87.74
1.04,38.1,42.5,71.0,10.0,2.58,11,6.9,5.0,Average,INT2452,66.46
0.74,26.7,33.1,1.03,2.0,2.11,8,4.67,1.8,Fair,INT2453,45.45
3.76,51.9,57.2,53.38,5.68,4.42,17,3.21,3.27,Excellent,INT2454,87.66
0.6,28.1,21.5,88.57,0.0,2.53,16,4.77,1.0,Average,INT2455,58.45
0.83,37.9,26.9,46.29,0.0,7.41,14,2.14,1.0,Average,INT2456,60.73
0.92,44.5,93.4,63.75,4.28,8.77,6,4.01,2.71,Average,INT2457,57.73
2.56,77.5,42.7,96.9,6.68,4.48,5,4.53,3.67,Good,INT2458,72.44
1.15,10.9,61.5,82.67,0.0,4.12,10,4.3,1.0,Average,INT2459,69.83
0.45,70.7,12.0,98.52,4.68,3.18,13,3.56,2.87,Average,INT2460,64.85
0.23,9.4,46.5,79.01,5.72,0.19,10,6.75,3.29,Fair,INT2461,43.43
0.73,46.6,25.7,91.06,9.62,1.34,18,6.77,4.85,Average,INT2462,66.88
3.19,75.5,72.3,0.0,9.4,2.12,17,5.19,4.76,Good,INT2463,84.15
3.59,12.5,9.8,66.87,7.28,5.57,10,4.49,3.91,Good,INT2464,73.47
1.72,14.6,64.4,98.2,2.45,7.75,8,5.06,1.98,Average,INT2465,62.42
1.15,21.8,68.7,51.1,4.45,5.77,8,1.97,2.78,Average,INT2466,62.24
1.05,64.6,16.0,88.44,4.18,4.14,12,3.29,2.67,Average,INT2467,65.18
1.7,36.4,88.5,6.01,0.88,6.75,16,1.0,1.35,Good,INT2468,70.32
2.79,33.3,21.0,12.73,0.52,4.52,11,3.87,1.21,Average,INT2469,65.2
2.77,58.6,70.3,44.28,5.55,7.76,6,4.26,3.22,Good,INT2470,70.48
2.28,75.3,56.5,78.11,6.55,7.02,11,2.08,3.62,Good,INT2471,81.02
2.47,47.1,72.4,5.09,8.8,3.78,6,6.95,4.52,Average,INT2472,62.6
1.28,15.6,41.2,93.31,0.42,1.41,8,6.08,1.17,Fair,INT2473,54.68
1.95,9.3,60.1,43.19,0.8,4.79,13,4.89,1.32,Fair,INT2474,53.01
2.75,73.4,85.7,52.77,6.32,5.8,12,4.08,3.53,Good,INT2475,81.89
0.66,52.5,17.9,65.61,1.0,2.81,11,6.13,1.4,Fair,INT2476,47.28
0.32,14.3,20.8,0.0,4.12,3.9,9,1.6,2.65,Average,INT2477,61.26
0.95,11.0,11.2,71.53,1.25,0.71,9,5.5,1.5,Fair,INT2478,51.88
3.36,59.5,60.0,83.89,4.73,6.27,23,1.59,2.89,Good,INT2479,74.41
0.23,15.0,55.1,66.83,2.0,0.71,11,5.43,1.8,Poor,INT2480,37.63
3.74,86.1,93.6,84.02,4.68,8.22,18,2.55,2.87,Excellent,INT2481,85.23
1.01,78.7,22.4,69.7,10.0,2.28,9,6.66,5.0,Good,INT2482,72.93
1.1,35.5,60.5,89.78,0.0,0.96,15,6.38,1.0,Fair,INT2483,43.09
1.56,38.4,45.9,51.84,0.15,1.47,12,2.07,1.06,Average,INT2484,58.09
1.47,18.8,79.5,58.99,4.9,7.88,12,3.42,2.96,Good,INT2485,76.0
0.56,10.4,31.5,82.49,2.0,2.53,6,6.74,1.8,Fair,INT2486,46.51
3.0,42.4,66.4,97.05,0.0,6.34,8,3.72,1.0,Good,INT2487,70.66
0.3,12.0,3.5,85.67,0.15,0.4,16,6.62,1.06,Fair,INT2488,42.46
0.93,49.4,73.6,89.82,0.0,8.5,10,4.46,1.0,Fair,INT2489,54.12
3.13,80.8,20.1,55.94,7.43,6.93,13,3.44,3.97,Excellent,INT2490,86.41
3.93,57.4,94.7,83.75,3.05,9.76,20,2.81,2.22,Excellent,INT2491,91.55
0.95,57.4,41.5,64.51,0.0,5.61,10,1.86,1.0,Average,INT2492,65.47
2.22,45.3,67.6,93.49,0.85,3.93,11,3.92,1.34,Average,INT2493,58.89
1.19,34.7,32.8,87.38,3.35,7.41,16,3.17,2.34,Average,INT2494,58.55
0.67,44.1,56.5,71.22,0.25,3.98,7,3.61,1.1,Fair,INT2495,44.62
3.84,87.7,92.2,85.53,7.43,9.24,13,3.75,3.97,Excellent,INT2496,92.43
2.03,83.9,66.0,65.44,1.55,5.01,7,4.3,1.62,Good,INT2497,74.7
0.47,15.6,27.9,4.11,9.42,3.73,14,5.78,4.77,Average,INT2498,60.93
0.74,82.1,88.9,97.62,10.0,3.72,12,7.0,5.0,Good,INT2499,72.14
3.34,64.5,88.1,66.27,5.9,7.53,14,3.3,3.36,Good,INT2500,81.09
2.78,81.1,19.3,39.07,7.58,3.59,16,6.1,4.03,Average,INT2501,63.89
0.3,3.8,6.2,23.33,0.0,0.44,9,5.1,1.0,Poor,INT2502,30.5
2.32,87.5,52.9,62.38,5.88,2.15,3,4.92,3.35,Fair,INT2503,51.01
2.32,24.3,77.2,94.12,10.0,8.31,13,6.41,5.0,Average,INT2504,61.37
2.92,88.2,51.6,68.04,5.75,8.77,13,2.36,3.3,Good,INT2505,73.07
3.59,89.2,99.1,53.12,10.0,9.38,15,3.92,5.0,Excellent,INT2506,98.42
1.97,74.7,62.9,83.3,6.15,4.56,13,5.79,3.46,Average,INT2507,61.88
2.77,86.9,90.1,89.09,4.58,8.0,9,3.24,2.83,Excellent,INT2508,94.47
0.61,8.1,7.0,35.93,1.53,1.54,15,5.73,1.61,Fair,INT2509,40.69
1.79,4.3,72.1,2.97,10.0,8.14,16,6.11,5.0,Average,INT2510,65.44
3.27,92.2,37.2,72.42,2.72,5.64,6,1.04,2.09,Good,INT2511,71.84
3.26,72.9,50.1,68.24,4.9,8.41,12,6.47,2.96,Average,INT2512,68.79
1.14,4.4,38.6,99.15,2.0,5.18,12,3.61,1.8,Average,INT2513,64.22
1.44,72.2,89.2,91.75,0.18,4.42,7,4.1,1.07,Good,INT2514,71.58
2.55,79.8,75.5,73.98,2.92,6.87,8,4.31,2.17,Good,INT2515,77.23
1.77,16.9,14.6,93.96,8.32,1.24,8,6.92,4.33,Average,INT2516,58.97
2.66,52.3,53.4,0.0,0.0,8.8,12,1.0,1.0,Good,INT2517,79.88
3.85,92.3,97.8,5.61,10.0,8.53,14,3.72,5.0,Excellent,INT2518,94.92
1.32,66.9,33.0,66.83,1.75,2.55,14,4.7,1.7,Average,INT2519,56.02
1.74,32.6,46.8,88.62,5.55,4.97,10,4.98,3.22,Average,INT2520,68.27
0.13,41.7,32.4,72.82,2.0,0.76,8,5.33,1.8,Fair,INT2521,42.15
3.88,95.2,11.0,55.37,5.93,8.37,7,2.0,3.37,Good,INT2522,82.46
1.68,59.6,87.5,63.66,3.97,1.17,13,2.98,2.59,Good,INT2523,78.79
1.82,8.4,15.8,70.11,3.55,2.43,9,3.2,2.42,Average,INT2524,69.09
0.92,24.9,23.4,87.46,0.0,4.3,11,6.28,1.0,Fair,INT2525,40.15
2.76,79.4,91.9,53.65,0.93,5.48,14,2.68,1.37,Good,INT2526,75.07
1.22,38.0,74.9,82.98,2.12,5.02,4,2.21,1.85,Average,INT2527,59.98
0.39,16.9,18.8,85.8,0.0,0.96,6,6.49,1.0,Poor,INT2528,36.83
3.6,92.4,90.6,9.94,10.0,9.38,14,1.0,5.0,Good,INT2529,84.33
0.96,20.1,34.4,88.03,2.0,0.66,10,7.0,1.8,Fair,INT2530,42.89
2.35,24.8,69.5,58.91,1.43,2.55,7,4.87,1.57,Fair,INT2531,46.48
2.1,58.4,82.5,79.36,8.52,1.61,11,5.99,4.41,Average,INT2532,60.96
3.11,87.8,47.0,97.06,4.68,4.12,17,2.48,2.87,Average,INT2533,61.96
3.02,36.9,51.1,2.32,5.12,6.3,10,3.92,3.05,Good,INT2534,81.15
1.6,31.8,19.7,53.21,1.0,4.28,13,5.93,1.4,Fair,INT2535,50.19
2.7,89.6,60.5,86.82,9.8,4.24,10,5.82,4.92,Average,INT2536,64.71
0.93,14.0,34.6,66.66,10.0,2.56,4,5.78,5.0,Average,INT2537,64.63
2.54,79.5,31.1,57.32,2.2,4.2,16,2.23,1.88,Excellent,INT2538,85.44
2.29,72.9,58.6,95.81,2.05,4.7,9,6.02,1.82,Average,INT2539,60.92
0.62,4.8,4.3,50.54,0.4,6.15,14,5.45,1.16,Poor,INT2540,39.99
1.58,49.8,36.5,93.51,4.68,0.15,16,5.21,2.87,Fair,INT2541,53.23
1.59,20.5,30.8,60.93,6.25,2.44,6,5.33,3.5,Fair,INT2542,48.27
2.06,50.3,54.8,72.8,6.95,7.77,12,6.2,3.78,Good,INT2543,71.32
0.16,31.4,62.9,92.62,0.0,2.75,21,4.88,1.0,Fair,INT2544,54.93
3.53,85.5,77.0,91.2,0.08,7.3,14,1.77,1.03,Good,INT2545,75.21
0.74,22.9,81.1,94.6,0.0,5.19,6,3.64,1.0,Fair,INT2546,54.81
2.85,73.8,68.6,97.02,5.55,7.73,11,1.82,3.22,Excellent,INT2547,92.91
2.74,76.4,85.4,45.09,6.3,7.25,17,3.37,3.52,Good,INT2548,77.11
1.2,30.3,44.9,82.82,5.93,6.09,20,3.16,3.37,Good,INT2549,73.52
3.43,73.3,88.7,69.52,10.0,9.3,7,1.44,5.0,Excellent,INT2550,95.7
0.62,19.5,9.6,66.83,8.88,2.67,14,3.45,4.55,Average,INT2551,66.2
1.28,49.9,19.6,71.58,2.0,6.2,10,2.14,1.8,Average,INT2552,66.77
1.15,29.9,24.5,87.15,2.4,4.27,8,6.1,1.96,Fair,INT2553,52.05
2.04,39.6,3.9,75.07,8.62,1.57,11,6.2,4.45,Average,INT2554,58.96
3.59,82.5,69.2,52.4,1.12,8.34,12,1.06,1.45,Good,INT2555,84.68
2.49,28.1,24.4,87.26,4.8,5.14,15,3.92,2.92,Average,INT2556,63.61
0.74,11.4,22.1,51.02,6.32,1.83,7,3.74,3.53,Average,INT2557,68.03
3.24,82.2,91.4,46.69,10.0,9.19,20,2.68,5.0,Good,INT2558,80.18
3.77,89.1,69.1,71.83,8.32,7.66,12,1.3,4.33,Excellent,INT2559,90.52
2.53,72.2,86.9,40.11,9.85,7.12,13,3.61,4.94,Good,INT2560,72.24
2.14,67.7,45.1,90.92,9.78,7.77,11,6.15,4.91,Good,INT2561,72.35
2.0,45.4,24.5,8.83,0.0,1.47,10,5.36,1.0,Average,INT2562,56.8
3.92,95.0,94.9,94.28,8.77,9.72,13,1.6,4.51,Excellent,INT2563,98.39
3.86,94.2,91.4,85.64,7.5,9.59,14,1.31,4.0,Excellent,INT2564,100.0
1.8,49.9,43.4,56.74,5.85,8.93,17,3.33,3.34,Good,INT2565,71.3
2.44,50.8,54.3,87.73,7.3,7.79,7,2.59,3.92,Good,INT2566,84.73
1.39,81.0,19.6,51.92,6.75,6.08,13,2.33,3.7,Good,INT2567,75.43
0.92,17.0,34.9,51.35,0.0,2.83,13,2.8,1.0,Fair,INT2568,46.89
0.49,3.4,0.5,54.17,7.82,1.5,15,5.81,4.13,Fair,INT2569,51.17
0.6,45.0,43.8,71.88,5.3,6.6,12,6.92,3.12,Fair,INT2570,43.59
3.67,73.9,92.2,61.77,10.0,8.88,8,3.83,5.0,Good,INT2571,80.68
3.28,74.4,93.7,99.21,5.62,7.1,13,6.41,3.25,Good,INT2572,78.63
2.5,67.9,93.3,77.11,3.1,5.16,9,2.67,2.24,Average,INT2573,60.56
0.49,31.1,57.7,66.83,0.0,3.52,8,4.31,1.0,Fair,INT2574,54.29
1.99,9.3,37.5,63.94,3.45,2.82,10,2.6,2.38,Good,INT2575,71.37
1.28,34.8,81.4,66.83,4.68,1.98,10,4.98,2.87,Fair,INT2576,49.49
0.55,16.4,1.8,66.77,0.0,0.19,5,7.0,1.0,Poor,INT2577,29.12
1.34,59.5,7.9,84.94,2.92,2.17,9,4.2,2.17,Average,INT2578,69.02
3.0,17.1,92.6,73.69,3.38,7.94,22,2.72,2.35,Average,INT2579,66.44
2.12,82.0,52.9,48.82,0.0,3.58,8,4.54,1.0,Fair,INT2580,48.17
3.11,49.3,29.0,79.6,10.0,6.35,13,1.39,5.0,Excellent,INT2581,95.0
3.57,47.4,35.1,88.44,8.65,6.95,9,6.25,4.46,Good,INT2582,75.26
2.97,68.2,64.3,54.52,4.68,4.34,12,3.68,2.87,Average,INT2583,68.16
3.8,88.3,61.2,88.84,10.0,8.35,7,4.05,5.0,Excellent,INT2584,89.05
1.59,33.8,18.6,78.16,2.0,0.94,13,4.6,1.8,Fair,INT2585,52.87
3.39,28.1,86.2,83.45,0.13,1.88,8,4.62,1.05,Fair,INT2586,54.65
1.56,80.7,92.1,66.38,0.0,2.07,15,1.0,1.0,Average,INT2587,68.71
3.85,76.5,77.9,70.47,7.15,5.79,13,5.19,3.86,Good,INT2588,75.58
3.75,56.6,81.5,22.62,6.98,7.52,3,2.07,3.79,Excellent,INT2589,93.27
3.5,87.1,83.2,98.96,10.0,4.12,11,5.52,5.0,Good,INT2590,73.36
1.64,53.8,33.6,74.85,7.5,6.67,11,6.24,4.0,Good,INT2591,73.09
3.48,89.6,18.0,61.59,1.38,9.47,6,5.86,1.55,Average,INT2592,67.27
3.21,66.4,5.0,66.83,1.38,7.17,5,3.97,1.55,Average,INT2593,65.86
0.8,88.3,39.9,60.99,8.25,2.83,16,4.41,4.3,Average,INT2594,56.85
0.61,14.9,42.1,75.37,4.68,2.28,15,1.67,2.87,Average,INT2595,58.29
0.04,8.4,10.4,51.98,0.0,0.78,11,5.37,1.0,Poor,INT2596,37.53
3.65,95.2,95.0,95.24,6.45,8.41,11,2.6,3.58,Excellent,INT2597,92.9
1.72,52.7,79.7,90.93,3.87,8.5,16,4.4,2.55,Good,INT2598,71.86
1.35,59.0,75.6,86.29,9.52,8.27,7,2.51,4.81,Good,INT2599,75.65
3.94,18.7,82.2,80.49,0.57,5.01,8,2.21,1.23,Good,INT2600,82.31
2.59,28.5,38.7,78.99,0.28,6.44,12,4.33,1.11,Average,INT2601,59.06
2.88,87.4,85.7,99.84,4.25,8.1,17,1.0,2.7,Excellent,INT2602,88.03
1.32,22.5,21.9,35.42,8.7,2.05,10,5.69,4.48,Fair,INT2603,51.85
2.88,33.8,17.6,55.18,3.38,6.19,15,2.6,2.35,Average,INT2604,69.36
3.74,97.4,97.7,6.24,10.0,9.86,16,1.0,5.0,Excellent,INT2605,100.0
2.01,34.5,36.7,71.06,2.0,5.36,10,3.71,1.8,Good,INT2606,72.56
3.25,78.8,62.6,4.6,3.53,8.21,22,1.11,2.41,Excellent,INT2607,92.18
2.71,85.0,73.1,99.93,10.0,9.33,9,2.44,5.0,Excellent,INT2608,96.21
2.23,82.6,37.2,79.42,8.15,8.88,16,5.48,4.26,Good,INT2609,77.55
3.27,93.5,73.3,60.23,7.5,8.51,14,1.58,4.0,Excellent,INT2610,96.54
0.34,11.4,19.0,75.18,0.2,2.27,14,6.49,1.08,Fair,INT2611,46.45
1.88,78.8,41.3,0.39,0.0,4.69,16,1.24,1.0,Average,INT2612,68.72
0.96,43.7,68.6,88.72,2.1,1.06,7,2.67,1.84,Average,INT2613,66.34
0.36,7.4,9.7,50.03,2.28,4.5,2,5.64,1.91,Fair,INT2614,40.08
3.3,63.3,25.6,75.25,4.1,4.13,12,3.28,2.64,Excellent,INT2615,92.31
2.76,62.4,90.2,61.76,4.68,5.63,21,1.41,2.87,Good,INT2616,84.92
2.97,55.0,47.2,1.61,2.0,3.32,8,2.96,1.8,Average,INT2617,62.31
0.84,37.2,59.4,57.65,0.0,2.43,12,2.86,1.0,Fair,INT2618,51.18
0.47,5.8,30.5,83.32,0.0,0.61,5,5.79,1.0,Fair,INT2619,43.3
3.21,79.2,59.0,7.06,10.0,8.83,10,3.29,5.0,Good,INT2620,78.9
1.88,10.7,24.8,67.83,10.0,4.7,7,5.76,5.0,Average,INT2621,63.99
1.8,56.8,82.5,97.03,8.1,7.46,12,6.15,4.24,Good,INT2622,79.95
3.89,83.8,97.1,62.02,4.4,9.0,9,3.88,2.76,Good,INT2623,81.07
0.14,54.7,20.0,23.04,6.02,1.15,10,3.92,3.41,Fair,INT2624,41.62
2.73,65.5,21.0,53.46,2.6,2.45,14,3.72,2.04,Average,INT2625,61.28
0.43,4.6,51.3,75.23,2.0,2.94,7,7.0,1.8,Poor,INT2626,38.7
3.55,83.5,64.2,2.15,5.6,7.1,11,1.71,3.24,Good,INT2627,79.03
3.65,78.0,78.7,66.36,6.65,6.24,12,4.73,3.66,Good,INT2628,72.6
2.52,39.0,33.9,84.51,5.25,6.71,11,3.72,3.1,Good,INT2629,70.71
1.72,54.4,64.7,53.05,10.0,5.81,12,3.35,5.0,Good,INT2630,73.36
2.67,44.6,28.6,92.87,6.9,4.09,13,5.15,3.76,Average,INT2631,69.22
1.54,47.9,10.2,6.71,0.0,0.79,11,4.9,1.0,Fair,INT2632,45.61
1.55,47.4,39.9,0.14,4.68,8.08,15,1.0,2.87,Good,INT2633,72.98
3.8,78.5,83.0,96.83,4.88,8.24,17,1.57,2.95,Good,INT2634,82.26
2.6,9.3,60.0,67.81,9.2,6.2,10,5.29,4.68,Average,INT2635,62.97
1.08,56.8,61.6,69.96,1.65,1.52,9,5.38,1.66,Fair,INT2636,50.3
1.0,71.5,24.1,87.3,4.73,4.94,14,6.34,2.89,Average,INT2637,66.26
1.73,24.7,42.9,56.7,10.0,4.31,7,5.28,5.0,Average,INT2638,68.46
0.24,19.7,47.1,65.7,6.12,1.41,5,6.89,3.45,Fair,INT2639,49.21
1.45,56.8,68.7,55.93,6.98,3.14,14,5.55,3.79,Average,INT2640,69.55
2.15,59.2,21.9,72.74,1.55,7.4,10,3.1,1.62,Average,INT2641,68.67
2.04,79.9,76.3,77.6,1.78,8.96,7,1.92,1.71,Good,INT2642,82.31
2.05,29.9,19.8,60.56,7.15,1.65,14,3.92,3.86,Average,INT2643,66.62
1.98,88.4,75.9,51.33,10.0,3.17,17,4.76,5.0,Good,INT2644,77.55
2.92,67.9,96.5,1.19,7.45,8.92,17,1.77,3.98,Good,INT2645,78.36
1.29,90.7,3.8,23.6,1.6,3.06,14,3.65,1.64,Average,INT2646,62.79
1.63,64.7,21.5,98.67,1.15,4.8,6,6.84,1.46,Fair,INT2647,45.74
0.64,32.5,24.7,25.12,6.05,1.21,7,4.21,3.42,Fair,INT2648,48.01
2.5,49.9,71.7,45.67,1.92,8.34,7,4.05,1.77,Good,INT2649,81.31
3.68,95.4,95.0,71.74,10.0,6.8,13,3.7,5.0,Good,INT2650,81.92
1.21,47.3,36.5,52.98,3.45,4.59,9,1.89,2.38,Average,INT2651,65.01
0.24,2.4,11.8,38.06,0.0,0.24,6,3.38,1.0,Average,INT2652,58.15
2.09,25.2,30.2,75.84,4.85,7.76,9,3.68,2.94,Average,INT2653,62.82
3.17,75.2,34.7,92.73,6.55,6.72,16,1.51,3.62,Excellent,INT2654,85.45
1.24,20.9,13.1,0.56,2.4,3.2,8,5.91,1.96,Fair,INT2655,49.83
0.89,18.8,18.6,53.97,4.32,3.3,5,3.42,2.73,Average,INT2656,57.89
2.54,73.7,59.4,60.46,6.85,1.48,7,5.53,3.74,Average,INT2657,65.05
0.08,2.6,6.8,66.83,2.08,2.05,7,5.77,1.83,Poor,INT2658,33.73
1.18,38.4,32.5,6.74,7.4,5.79,16,2.75,3.96,Average,INT2659,68.91
2.16,42.7,31.2,72.84,10.0,7.52,15,4.93,5.0,Average,INT2660,69.75
2.76,50.4,22.8,99.22,4.68,2.15,10,3.34,2.87,Average,INT2661,67.94
1.15,6.4,18.5,75.73,5.52,3.28,8,3.92,3.21,Average,INT2662,58.59
2.69,59.4,49.2,87.09,10.0,3.94,12,2.29,5.0,Good,INT2663,83.77
2.72,9.1,55.5,84.15,1.55,3.95,6,5.41,1.62,Average,INT2664,69.89
1.55,37.8,79.2,92.5,6.45,2.45,12,4.7,3.58,Average,INT2665,68.23
3.47,64.5,19.7,60.79,0.97,9.92,7,2.37,1.39,Average,INT2666,65.0
3.23,92.2,94.2,50.4,10.0,9.12,14,1.94,5.0,Excellent,INT2667,97.06
2.01,52.8,82.0,94.07,9.57,8.98,18,5.41,4.83,Good,INT2668,82.6
0.58,28.0,24.3,66.83,7.22,1.51,7,4.96,3.89,Fair,INT2669,45.51
0.78,21.8,66.7,67.34,0.0,3.33,7,3.23,1.0,Average,INT2670,56.22
0.62,61.6,27.2,98.51,4.73,5.05,9,4.61,2.89,Fair,INT2671,49.11
3.7,50.4,64.0,89.04,0.0,2.84,12,3.26,1.0,Average,INT2672,59.14
1.61,2.7,39.7,64.13,7.82,2.16,5,5.15,4.13,Average,INT2673,61.98
1.88,60.0,40.5,57.07,0.0,6.19,11,2.6,1.0,Average,INT2674,56.72
0.45,12.3,29.9,70.22,7.38,1.51,9,6.34,3.95,Fair,INT2675,46.78
2.99,76.5,79.6,74.5,2.52,6.7,18,2.67,2.01,Excellent,INT2676,87.12
2.96,60.9,64.8,33.75,0.45,3.72,15,3.53,1.18,Average,INT2677,57.56
2.18,52.8,65.7,63.97,2.62,5.78,15,1.0,2.05,Excellent,INT2678,87.29
2.03,73.9,54.1,83.74,10.0,2.7,10,1.26,5.0,Excellent,INT2679,95.9
1.54,57.8,28.1,88.93,4.45,1.28,6,3.62,2.78,Average,INT2680,61.02
3.89,92.7,82.6,93.7,2.3,9.02,10,2.8,1.92,Excellent,INT2681,91.51
1.39,29.6,70.6,57.77,6.98,6.0,5,6.04,3.79,Average,INT2682,65.45
3.43,90.7,65.8,0.0,1.48,9.78,22,1.47,1.59,Good,INT2683,79.83
0.78,9.0,38.5,62.74,0.0,2.04,6,3.27,1.0,Fair,INT2684,53.05
2.81,28.8,51.0,66.83,7.22,1.73,17,2.74,3.89,Good,INT2685,74.8
2.91,88.7,81.6,5.67,7.5,8.97,5,1.43,4.0,Excellent,INT2686,100.0
2.52,54.3,79.1,72.73,5.9,6.41,8,1.54,3.36,Good,INT2687,79.27
0.7,17.2,42.2,0.0,5.72,4.46,10,3.92,3.29,Fair,INT2688,50.68
3.34,87.5,65.6,57.99,6.32,8.39,24,3.71,3.53,Average,INT2689,68.88
0.67,37.9,31.0,73.65,4.68,4.46,5,3.1,2.87,Good,INT2690,70.34
1.73,45.1,46.5,88.13,4.68,4.56,19,4.18,2.87,Good,INT2691,73.41
2.62,71.7,25.3,99.86,4.68,8.03,17,4.12,2.87,Excellent,INT2692,85.77
2.78,90.9,62.3,5.53,4.65,5.95,9,1.0,2.86,Excellent,INT2693,92.08
2.23,81.7,83.8,93.85,10.0,3.21,18,3.78,5.0,Excellent,INT2694,89.66
2.25,24.9,24.8,87.39,4.68,9.43,9,6.5,2.87,Average,INT2695,67.88
3.12,89.4,52.9,94.77,10.0,7.3,13,3.62,5.0,Good,INT2696,76.4
0.27,16.3,11.8,53.81,3.5,2.28,17,4.87,2.4,Poor,INT2697,37.46
3.36,92.2,99.2,96.5,7.85,2.65,11,2.85,4.14,Excellent,INT2698,93.73
1.04,54.6,78.1,69.82,4.68,8.94,11,5.53,2.87,Good,INT2699,73.76
0.43,3.1,43.6,66.83,2.0,3.84,7,5.28,1.8,Fair,INT2700,49.63
2.89,9.6,29.9,53.79,4.38,1.78,11,4.21,2.75,Average,INT2701,61.86
0.71,5.2,20.3,85.76,0.1,0.93,2,7.0,1.04,Fair,INT2702,46.46
3.65,93.9,51.3,86.78,7.05,9.22,15,1.93,3.82,Excellent,INT2703,95.0
3.81,97.9,87.2,0.32,6.72,7.82,18,1.0,3.69,Excellent,INT2704,97.34
0.38,25.7,33.8,88.44,2.0,2.94,8,5.26,1.8,Fair,INT2705,45.54
3.34,28.6,19.2,69.13,6.28,7.66,7,5.84,3.51,Good,INT2706,71.25
3.65,41.5,69.6,77.86,0.0,6.83,12,2.11,1.0,Good,INT2707,71.47
2.0,77.3,59.9,33.31,9.98,1.54,10,2.56,4.99,Excellent,INT2708,87.46
3.78,30.3,44.2,4.69,4.07,3.64,18,1.0,2.63,Good,INT2709,72.75
1.0,84.0,21.1,62.43,5.28,3.62,8,2.35,3.11,Average,INT2710,61.94
0.24,59.7,10.7,61.1,0.0,1.5,8,6.08,1.0,Fair,INT2711,45.71
0.73,79.5,25.3,56.52,0.0,2.67,9,4.35,1.0,Fair,INT2712,50.62
2.76,78.4,61.6,95.31,4.12,6.56,17,2.9,2.65,Good,INT2713,82.18
3.58,42.7,64.6,95.64,7.5,1.47,10,3.03,4.0,Good,INT2714,77.16
1.24,46.6,26.3,0.0,0.0,5.77,14,1.41,1.0,Average,INT2715,61.38
0.49,45.5,68.6,53.99,0.62,3.87,5,2.48,1.25,Fair,INT2716,50.8
0.21,7.2,50.9,62.26,2.72,2.0,5,4.92,2.09,Poor,INT2717,37.98
2.58,18.4,47.7,41.36,4.95,5.1,14,7.0,2.98,Average,INT2718,60.67
2.56,36.0,34.5,54.74,4.62,3.6,15,5.98,2.85,Average,INT2719,55.51
0.83,16.8,20.9,3.98,2.57,1.92,14,1.0,2.03,Average,INT2720,63.49
0.4,68.4,48.1,79.39,4.68,1.84,16,6.12,2.87,Average,INT2721,59.34
0.45,17.2,42.1,78.91,2.85,6.42,9,6.1,2.14,Fair,INT2722,43.51
2.81,37.1,31.4,77.17,8.52,3.45,12,5.7,4.41,Good,INT2723,71.53
3.48,89.5,64.8,66.93,7.5,3.77,10,3.92,4.0,Good,INT2724,84.02
2.66,86.4,71.1,85.32,8.98,6.31,14,3.45,4.59,Good,INT2725,80.86
3.87,85.5,81.6,91.32,7.5,3.74,21,3.26,4.0,Excellent,INT2726,94.41
3.81,81.9,59.4,67.31,7.62,7.98,18,1.8,4.05,Excellent,INT2727,91.71
2.94,48.5,72.8,3.14,10.0,7.5,12,2.35,5.0,Good,INT2728,83.6
3.04,89.0,57.3,36.47,9.7,6.28,8,2.3,4.88,Good,INT2729,70.0
0.32,38.3,8.4,56.87,2.55,0.64,6,4.0,2.02,Fair,INT2730,51.01
0.3,2.0,13.7,73.37,0.0,1.85,5,5.65,1.0,Fair,INT2731,45.68
0.24,61.5,14.2,57.8,0.78,2.01,8,3.84,1.31,Average,INT2732,58.02
2.87,79.7,74.2,73.14,8.27,5.31,9,1.67,4.31,Excellent,INT2733,86.06
0.08,17.8,31.8,61.05,5.72,2.84,10,6.43,3.29,Poor,INT2734,39.04
1.71,25.4,18.7,86.94,4.68,1.1,12,6.49,2.87,Fair,INT2735,50.49
0.27,23.8,73.8,16.39,4.18,0.81,13,3.92,2.67,Fair,INT2736,54.1
1.36,8.3,21.6,77.74,1.82,3.02,5,6.7,1.73,Fair,INT2737,41.64
0.98,19.5,21.7,58.47,5.38,6.53,13,4.21,3.15,Average,INT2738,63.14
3.77,84.0,90.8,50.05,4.22,6.71,12,7.0,2.69,Average,INT2739,66.33
3.62,88.8,79.2,93.46,6.98,7.52,8,1.58,3.79,Excellent,INT2740,93.06
1.11,28.8,92.7,83.58,6.18,3.77,10,3.64,3.47,Good,INT2741,80.44
3.37,36.2,66.1,54.95,5.32,5.07,19,2.57,3.13,Average,INT2742,69.98
3.47,32.7,75.2,83.2,2.38,8.56,12,2.39,1.95,Good,INT2743,82.75
0.53,18.3,30.2,80.58,3.87,5.8,5,1.93,2.55,Average,INT2744,66.55
2.83,82.6,77.9,73.67,6.45,7.76,7,4.37,3.58,Good,INT2745,76.38
0.73,21.0,30.9,70.96,0.0,5.08,13,5.71,1.0,Fair,INT2746,49.66
1.35,61.4,18.5,94.35,0.0,3.27,12,4.22,1.0,Fair,INT2747,52.1
3.18,73.6,80.3,62.26,9.5,5.67,11,2.38,4.8,Excellent,INT2748,88.71
0.38,11.4,38.7,69.92,1.25,0.37,7,5.64,1.5,Fair,INT2749,42.3
0.48,42.7,16.9,33.6,5.72,5.03,14,4.55,3.29,Average,INT2750,57.38
0.87,67.1,74.6,88.56,0.0,5.54,12,3.45,1.0,Fair,INT2751,54.47
1.65,9.3,46.3,56.84,3.38,1.96,10,5.05,2.35,Average,INT2752,57.12
1.19,74.0,26.3,92.49,0.0,6.4,11,2.08,1.0,Good,INT2753,70.82
1.35,64.9,30.8,57.29,2.55,3.25,11,2.7,2.02,Average,INT2754,61.7
2.07,69.0,94.2,99.34,8.57,7.12,7,6.81,4.43,Good,INT2755,72.09
2.13,85.8,83.1,84.86,3.38,5.98,10,2.72,2.35,Excellent,INT2756,86.28
3.47,55.7,85.2,87.55,4.68,8.57,20,3.47,2.87,Good,INT2757,71.31
1.99,77.0,63.5,99.14,3.75,8.05,13,6.31,2.5,Good,INT2758,79.29
1.49,16.8,41.5,50.35,0.0,2.46,11,5.0,1.0,Fair,INT2759,46.05
3.09,88.5,79.4,81.7,2.75,7.6,12,1.09,2.1,Good,INT2760,77.5
1.62,22.1,33.4,86.95,1.0,1.49,6,2.34,1.4,Average,INT2761,64.7
2.38,71.0,72.5,6.25,3.7,2.16,7,1.0,2.48,Excellent,INT2762,94.41
1.05,50.8,65.4,61.85,3.7,2.35,8,4.34,2.48,Average,INT2763,62.02
3.22,91.2,94.9,92.1,3.63,7.5,16,4.16,2.45,Good,INT2764,80.64
3.06,66.4,74.6,76.88,2.62,8.84,17,2.1,2.05,Excellent,INT2765,94.73
0.94,35.6,6.6,76.87,2.95,1.81,11,6.5,2.18,Fair,INT2766,52.63
1.51,14.1,74.4,50.35,3.77,2.15,9,4.09,2.51,Average,INT2767,69.1
3.96,53.6,98.0,23.24,10.0,3.42,17,2.81,5.0,Excellent,INT2768,89.33
2.43,35.9,64.4,77.23,2.5,6.67,8,3.86,2.0,Average,INT2769,64.1
0.49,64.6,85.3,71.76,0.0,4.94,9,5.15,1.0,Average,INT2770,58.42
3.84,87.4,89.3,42.83,9.18,9.41,16,1.49,4.67,Excellent,INT2771,90.09
2.87,61.7,47.8,70.02,1.12,7.39,14,2.55,1.45,Good,INT2772,78.81
2.22,19.9,6.0,95.89,2.0,4.26,10,5.98,1.8,Fair,INT2773,47.73
2.98,44.9,16.0,67.96,1.25,3.15,6,3.73,1.5,Average,INT2774,65.59
1.76,69.3,54.4,92.81,8.67,5.38,9,3.92,4.47,Good,INT2775,73.95
3.73,54.2,74.8,95.14,3.7,8.83,17,3.91,2.48,Good,INT2776,74.82
2.12,62.0,47.4,7.8,1.27,7.78,17,1.0,1.51,Good,INT2777,72.57
3.36,83.7,77.6,72.35,7.5,8.73,11,1.95,4.0,Excellent,INT2778,94.29
3.51,46.8,88.7,88.05,9.62,8.47,11,3.75,4.85,Good,INT2779,83.04
3.31,29.7,46.6,85.4,4.32,6.87,12,2.47,2.73,Good,INT2780,83.3
3.79,82.3,71.6,7.84,4.3,8.47,13,1.21,2.72,Excellent,INT2781,85.27
1.76,43.2,31.4,55.13,3.97,6.5,12,6.3,2.59,Average,INT2782,68.55
2.03,12.0,31.3,63.24,0.85,0.25,4,6.52,1.34,Poor,INT2783,33.65
0.77,17.4,27.3,56.55,6.5,1.64,8,5.91,3.6,Fair,INT2784,44.53
0.49,25.5,47.1,25.01,0.42,7.54,16,6.45,1.17,Average,INT2785,57.72
2.02,68.6,94.1,63.09,10.0,6.23,19,2.84,5.0,Good,INT2786,84.92
1.18,15.4,79.1,81.89,2.38,1.11,5,6.84,1.95,Poor,INT2787,37.41
3.61,96.6,93.0,97.72,4.85,9.7,12,1.99,2.94,Excellent,INT2788,100.0
1.07,3.7,41.5,84.29,6.55,2.37,10,6.37,3.62,Average,INT2789,56.38
0.74,43.1,10.8,73.8,3.1,1.5,6,6.82,2.24,Average,INT2790,57.53
1.3,40.1,53.6,60.92,0.0,7.13,7,5.31,1.0,Fair,INT2791,52.18
0.23,20.2,16.2,86.39,0.0,1.01,6,6.59,1.0,Poor,INT2792,39.81
2.29,74.5,70.6,70.7,9.92,4.17,9,4.87,4.97,Good,INT2793,72.01
3.31,67.8,71.5,45.55,4.55,3.82,15,2.96,2.82,Excellent,INT2794,94.5
3.18,86.0,73.3,92.31,6.12,6.78,20,3.15,3.45,Good,INT2795,72.72
3.71,68.4,92.3,95.27,10.0,9.37,13,4.62,5.0,Excellent,INT2796,93.4
3.42,89.0,97.9,51.04,7.5,8.23,11,1.73,4.0,Excellent,INT2797,93.41
0.34,23.2,70.3,18.01,8.8,0.97,6,4.48,4.52,Average,INT2798,55.3
0.99,57.5,83.5,64.24,8.75,4.44,17,3.92,4.5,Average,INT2799,67.36
3.65,21.0,62.2,34.84,6.35,2.78,11,2.05,3.54,Average,INT2800,67.58
2.07,33.1,18.2,50.49,9.57,1.99,8,5.46,4.83,Fair,INT2801,52.46
1.85,58.8,42.4,90.25,0.0,1.48,7,6.56,1.0,Fair,INT2802,41.79
1.36,26.4,28.9,75.87,1.98,8.33,7,7.0,1.79,Average,INT2803,60.35
0.24,9.0,7.7,3.58,0.0,1.0,7,6.63,1.0,Poor,INT2804,37.29
1.79,79.1,91.6,95.73,5.68,2.21,19,4.18,3.27,Good,INT2805,81.55
0.78,37.6,59.9,66.83,10.0,4.65,8,6.69,5.0,Average,INT2806,63.8
1.05,71.1,45.8,75.16,4.38,3.77,12,5.92,2.75,Fair,INT2807,47.7
2.32,22.8,42.1,64.53,2.72,6.0,10,3.92,2.09,Good,INT2808,70.37
2.44,40.1,41.1,65.26,2.32,3.92,12,3.54,1.93,Average,INT2809,61.4
0.65,15.7,4.8,68.83,9.98,2.94,12,5.71,4.99,Average,INT2810,67.77
1.01,35.3,11.4,72.45,2.38,7.56,7,2.13,1.95,Average,INT2811,61.48
2.09,37.1,55.0,58.18,9.92,1.68,11,4.44,4.97,Average,INT2812,62.53
0.45,31.3,9.2,54.73,2.48,3.49,9,5.15,1.99,Fair,INT2813,49.43
1.45,22.9,34.5,73.65,2.0,3.74,9,1.87,1.8,Average,INT2814,63.05
1.04,12.3,7.6,73.25,0.0,1.44,12,4.42,1.0,Fair,INT2815,48.32
0.62,19.7,7.8,82.67,4.68,0.75,5,5.78,2.87,Fair,INT2816,43.5
1.96,76.0,44.4,73.55,7.43,7.53,17,3.54,3.97,Good,INT2817,75.18
3.32,93.1,94.2,5.19,10.0,9.2,12,1.0,5.0,Excellent,INT2818,91.86
3.0,96.4,92.7,8.58,3.77,8.86,13,1.01,2.51,Good,INT2819,84.16
2.33,85.7,57.5,95.34,2.62,8.93,10,2.91,2.05,Good,INT2820,80.13
0.03,6.4,7.3,57.97,0.97,0.54,6,3.92,1.39,Poor,INT2821,30.92
2.69,80.6,29.0,84.49,9.5,4.22,14,1.96,4.8,Good,INT2822,76.86
1.85,66.5,34.1,79.69,0.95,0.85,16,5.11,1.38,Fair,INT2823,50.52
1.2,83.1,79.8,87.43,5.6,8.7,11,2.74,3.24,Good,INT2824,81.06
3.39,56.2,75.5,57.53,10.0,8.24,14,2.58,5.0,Excellent,INT2825,87.95
1.52,42.9,61.5,97.08,3.95,2.68,10,5.84,2.58,Fair,INT2826,52.21
1.82,83.3,89.4,81.05,2.65,9.59,9,5.52,2.06,Good,INT2827,74.19
2.62,64.8,72.9,66.83,4.22,4.35,9,2.02,2.69,Average,INT2828,65.38
1.88,3.8,17.1,62.33,1.25,0.18,11,3.37,1.5,Average,INT2829,58.41
3.55,47.1,66.7,3.91,0.0,4.04,11,1.54,1.0,Good,INT2830,70.49
0.42,31.6,12.2,52.84,3.02,2.81,15,3.9,2.21,Average,INT2831,68.53
1.61,8.6,9.7,69.87,3.73,3.14,5,5.43,2.49,Fair,INT2832,46.72
2.18,60.5,85.7,69.2,3.22,8.97,12,1.35,2.29,Good,INT2833,72.16
2.66,68.5,84.8,82.89,6.18,7.12,12,3.2,3.47,Good,INT2834,76.31
0.77,21.2,13.6,54.67,0.5,0.36,8,3.33,1.2,Fair,INT2835,52.94
1.71,46.4,46.8,50.03,10.0,9.29,8,6.97,5.0,Average,INT2836,65.19
1.36,22.6,13.3,52.14,10.0,3.6,14,6.92,5.0,Average,INT2837,61.13
2.6,70.2,36.1,0.0,3.5,8.57,13,3.92,2.4,Good,INT2838,74.54
0.73,40.2,37.1,50.73,1.43,4.11,10,5.87,1.57,Fair,INT2839,45.0
1.17,11.5,24.4,54.92,4.7,3.51,8,3.45,2.88,Average,INT2840,57.83
2.32,62.2,27.3,98.59,6.05,7.34,17,3.47,3.42,Excellent,INT2841,88.06
2.73,27.4,89.6,93.42,0.73,3.06,7,5.45,1.29,Average,INT2842,63.92
1.72,52.6,39.7,45.36,8.55,1.56,17,6.8,4.42,Average,INT2843,57.29
0.27,28.9,10.2,90.95,0.0,2.26,17,7.0,1.0,Fair,INT2844,46.14
2.85,48.9,53.7,94.38,4.0,2.01,6,3.97,2.6,Good,INT2845,72.96
0.83,23.2,25.9,62.97,4.78,6.4,14,3.23,2.91,Average,INT2846,59.49
2.82,72.7,74.2,92.47,6.92,6.8,10,6.1,3.77,Good,INT2847,82.09
3.43,79.5,63.1,59.74,8.35,9.57,16,2.66,4.34,Excellent,INT2848,87.84
1.19,17.6,35.5,70.67,0.0,1.85,9,3.92,1.0,Fair,INT2849,45.93
3.36,47.8,82.2,77.91,2.68,4.89,13,3.55,2.07,Average,INT2850,68.69
0.75,23.9,8.0,85.69,1.75,3.76,10,5.19,1.7,Fair,INT2851,52.31
3.14,53.6,38.7,51.51,6.1,5.19,14,2.66,3.44,Average,INT2852,62.03
3.62,98.2,93.6,64.53,10.0,9.49,13,2.61,5.0,Excellent,INT2853,87.07
2.18,34.6,30.3,80.43,2.77,7.66,8,6.87,2.11,Average,INT2854,62.11
2.34,56.7,47.3,46.24,5.35,7.47,9,1.93,3.14,Good,INT2855,73.76
3.39,73.3,49.3,50.29,0.0,8.71,16,3.63,1.0,Average,INT2856,64.08
3.72,96.0,75.8,82.58,5.5,9.3,14,2.07,3.2,Excellent,INT2857,95.11
2.65,54.2,58.4,2.4,3.75,6.06,9,1.29,2.5,Good,INT2858,81.7
1.55,81.0,21.7,2.8,2.18,7.77,7,1.43,1.87,Good,INT2859,72.06
1.52,36.6,53.6,81.45,4.18,5.74,12,1.85,2.67,Average,INT2860,68.49
0.28,68.8,40.8,72.52,5.35,0.89,9,5.79,3.14,Fair,INT2861,52.97
2.76,87.6,77.5,58.45,7.1,7.5,11,2.5,3.84,Excellent,INT2862,87.14
0.12,6.6,44.2,66.32,4.7,1.81,11,6.97,2.88,Fair,INT2863,52.25
1.34,61.1,51.1,65.15,0.0,8.53,17,4.87,1.0,Fair,INT2864,54.44
2.83,62.7,20.7,55.41,4.68,3.31,9,4.03,2.87,Average,INT2865,63.63
1.33,49.6,59.0,77.35,10.0,4.74,12,4.36,5.0,Good,INT2866,75.87
3.36,47.1,60.3,88.18,5.4,4.46,7,3.97,3.16,Average,INT2867,63.07
2.05,60.6,40.6,78.77,2.0,3.45,12,5.46,1.8,Fair,INT2868,51.85
2.7,58.8,79.8,91.31,5.35,3.86,24,2.57,3.14,Good,INT2869,77.94
1.68,67.3,36.0,56.38,8.65,8.49,14,3.29,4.46,Good,INT2870,77.64
0.62,7.6,15.1,32.36,9.12,0.71,15,6.22,4.65,Average,INT2871,58.32
3.47,87.0,77.1,80.47,7.5,5.59,17,6.2,4.0,Good,INT2872,75.5
1.78,6.3,43.4,83.8,1.2,1.32,7,6.3,1.48,Fair,INT2873,53.62
0.72,19.3,37.2,84.79,2.75,3.02,8,3.24,2.1,Average,INT2874,57.86
1.75,76.7,85.4,86.45,10.0,5.91,13,5.21,5.0,Good,INT2875,77.71
0.49,26.3,21.0,82.57,3.85,1.17,5,3.83,2.54,Average,INT2876,69.41
0.84,14.7,8.9,54.71,5.72,6.19,7,3.7,3.29,Good,INT2877,70.18
3.48,42.4,58.4,47.85,6.18,4.67,12,2.18,3.47,Good,INT2878,82.38
2.84,50.2,55.9,86.24,9.48,4.11,11,4.33,4.79,Average,INT2879,66.29
2.58,40.1,77.2,4.06,1.55,8.39,11,2.22,1.62,Good,INT2880,70.54
2.88,27.6,60.3,84.67,2.55,5.93,17,3.48,2.02,Good,INT2881,82.27
3.48,69.9,34.2,84.34,10.0,5.87,4,6.18,5.0,Average,INT2882,67.96
2.44,58.3,53.3,75.74,9.52,6.85,25,2.39,4.81,Good,INT2883,80.41
3.4,89.8,68.7,93.4,2.38,8.42,13,1.85,1.95,Good,INT2884,82.51
2.82,55.4,15.3,74.6,0.0,5.87,17,1.28,1.0,Good,INT2885,74.17
0.39,17.2,14.6,88.95,2.85,4.02,19,6.31,2.14,Fair,INT2886,45.5
1.45,51.6,51.6,80.63,0.9,3.52,12,3.82,1.36,Average,INT2887,64.11
0.63,11.1,27.8,53.95,2.6,5.83,7,3.92,2.04,Fair,INT2888,52.48
3.51,45.1,55.1,66.83,7.02,9.03,11,6.02,3.81,Good,INT2889,80.39
3.41,44.3,32.5,63.49,9.82,5.72,8,5.51,4.93,Good,INT2890,70.82
2.63,34.3,45.4,88.78,4.1,4.27,8,3.34,2.64,Good,INT2891,81.52
1.12,51.9,23.4,56.23,2.68,3.37,9,3.92,2.07,Fair,INT2892,54.95
0.62,20.5,45.9,82.69,0.0,2.37,12,6.03,1.0,Fair,INT2893,52.65
2.6,29.1,62.3,64.79,7.5,9.11,15,5.38,4.0,Good,INT2894,81.31
1.54,36.9,97.1,88.01,0.0,4.8,12,2.4,1.0,Good,INT2895,73.19
0.18,7.1,5.9,62.02,0.57,2.15,13,6.57,1.23,Poor,INT2896,36.37
2.81,49.9,70.7,84.2,4.45,6.35,11,3.87,2.78,Average,INT2897,67.09
3.17,87.6,74.2,64.75,6.25,8.32,14,2.9,3.5,Excellent,INT2898,90.75
2.43,75.4,53.1,13.51,7.5,5.48,8,3.25,4.0,Good,INT2899,82.67
1.85,91.8,85.0,0.53,2.1,4.4,11,1.63,1.84,Average,INT2900,61.95
2.75,89.3,87.8,24.71,10.0,8.66,5,1.59,5.0,Excellent,INT2901,86.87
0.4,3.7,3.3,82.96,4.68,0.87,5,5.42,2.87,Fair,INT2902,53.83
3.23,57.8,37.3,7.96,2.0,8.37,16,1.42,1.8,Good,INT2903,70.28
1.59,69.0,69.2,64.45,7.5,9.25,17,3.92,4.0,Excellent,INT2904,88.07
3.53,75.2,47.8,61.8,10.0,4.86,15,3.83,5.0,Good,INT2905,79.04
3.32,59.7,38.6,90.46,3.45,9.27,12,1.25,2.38,Excellent,INT2906,87.63
2.29,31.8,48.0,67.68,5.25,6.94,12,7.0,3.1,Average,INT2907,55.64
3.69,60.6,36.4,95.02,5.62,9.27,13,2.51,3.25,Excellent,INT2908,93.04
2.39,58.4,72.8,89.37,5.38,5.75,21,3.0,3.15,Excellent,INT2909,91.16
2.65,68.9,88.3,66.83,3.9,7.75,8,3.92,2.56,Good,INT2910,84.29
1.44,50.3,77.8,70.36,3.02,5.51,4,2.0,2.21,Good,INT2911,76.4
3.84,86.8,93.1,0.0,7.18,9.94,14,1.03,3.87,Excellent,INT2912,100.0
3.44,88.8,93.3,89.26,7.5,7.46,17,5.61,4.0,Good,INT2913,84.29
0.05,5.0,6.3,24.08,3.18,0.27,6,6.94,2.27,Poor,INT2914,33.01
3.64,53.7,91.4,66.83,3.5,6.11,18,2.3,2.4,Excellent,INT2915,89.34
0.72,64.3,42.5,80.12,9.0,3.99,15,4.5,4.6,Average,INT2916,61.6
1.85,19.9,86.2,64.5,0.0,3.76,13,5.01,1.0,Average,INT2917,58.52
3.61,91.8,72.4,57.48,8.12,8.08,18,5.71,4.25,Good,INT2918,70.23
0.46,47.6,54.9,71.38,2.55,0.42,9,3.38,2.02,Fair,INT2919,49.59
2.13,67.7,90.1,66.83,0.08,5.33,9,2.44,1.03,Good,INT2920,72.99
2.95,65.1,83.4,91.47,8.2,4.05,19,2.88,4.28,Excellent,INT2921,95.69
0.13,22.5,48.3,94.94,1.62,6.96,9,4.96,1.65,Average,INT2922,57.42
0.18,8.4,12.6,53.41,1.78,1.39,4,6.18,1.71,Fair,INT2923,48.15
3.58,72.7,51.9,65.1,7.5,8.01,9,2.46,4.0,Excellent,INT2924,89.15
0.86,66.1,50.5,0.0,6.28,1.43,9,3.12,3.51,Average,INT2925,62.27
0.83,53.1,46.2,38.15,5.58,5.81,16,6.42,3.23,Fair,INT2926,48.35
0.28,62.6,10.0,32.97,6.4,7.4,10,6.29,3.56,Fair,INT2927,54.79
0.29,30.4,27.1,74.81,4.7,2.83,13,6.95,2.88,Fair,INT2928,50.58
2.36,14.2,59.3,83.16,10.0,2.45,9,6.03,5.0,Average,INT2929,68.28
3.43,58.8,93.3,74.87,7.5,8.43,17,3.0,4.0,Excellent,INT2930,87.28
0.64,40.6,59.9,83.29,6.52,5.73,12,4.9,3.61,Average,INT2931,66.76
1.94,32.4,22.2,53.32,5.68,7.92,9,4.97,3.27,Average,INT2932,68.25
3.59,90.9,65.5,93.8,4.68,9.35,17,1.0,2.87,Excellent,INT2933,89.25
1.63,80.9,54.8,96.95,7.38,8.32,17,4.74,3.95,Average,INT2934,69.48
0.46,58.0,79.2,80.9,8.57,2.86,10,5.73,4.43,Good,INT2935,70.18
2.36,72.5,43.8,66.83,6.68,7.98,8,1.88,3.67,Excellent,INT2936,95.64
0.85,2.9,41.8,0.0,5.07,1.08,4,6.13,3.03,Average,INT2937,56.02
2.39,76.9,31.0,57.32,0.0,0.67,10,4.14,1.0,Average,INT2938,55.06
0.74,2.6,21.9,55.96,0.0,0.74,6,6.89,1.0,Poor,INT2939,39.56
0.69,42.6,23.8,2.29,4.85,3.32,10,1.0,2.94,Good,INT2940,71.28
2.67,77.0,57.8,66.19,4.82,6.96,15,2.34,2.93,Average,INT2941,64.26
2.83,79.9,42.0,79.28,4.68,8.65,13,4.89,2.87,Good,INT2942,73.73
1.03,10.3,68.7,43.71,0.0,3.33,6,2.66,1.0,Fair,INT2943,54.14
2.28,33.9,40.7,81.87,2.55,9.2,12,4.8,2.02,Good,INT2944,76.54
0.33,20.2,3.9,68.37,6.65,1.01,7,5.46,3.66,Fair,INT2945,43.63
0.6,80.2,27.1,93.04,2.6,2.5,15,1.35,2.04,Good,INT2946,79.55
3.64,51.0,71.8,81.69,2.77,8.06,17,4.26,2.11,Good,INT2947,73.05
1.51,41.7,23.9,37.39,0.0,2.19,14,3.74,1.0,Fair,INT2948,53.58
2.41,52.0,89.5,66.81,7.5,6.24,11,3.56,4.0,Excellent,INT2949,86.48
1.03,32.7,18.7,92.37,0.0,1.62,13,6.37,1.0,Poor,INT2950,38.53
0.43,8.1,47.2,69.32,1.95,0.88,6,5.86,1.78,Fair,INT2951,53.17
2.82,77.1,64.5,76.79,3.5,6.11,12,4.98,2.4,Good,INT2952,79.32
1.48,51.4,77.9,82.45,10.0,8.41,8,5.43,5.0,Good,INT2953,72.23
0.57,28.5,5.1,67.39,2.42,1.24,8,3.37,1.97,Average,INT2954,55.36
0.15,11.5,2.4,66.83,4.68,0.73,8,6.51,2.87,Fair,INT2955,49.35
0.93,31.2,25.4,35.46,10.0,8.03,14,5.0,5.0,Good,INT2956,72.62
3.54,78.3,39.9,32.35,10.0,6.52,7,5.75,5.0,Good,INT2957,77.8
2.08,91.4,23.8,64.21,10.0,2.67,15,5.74,5.0,Good,INT2958,70.3
1.2,52.4,46.9,53.1,4.68,1.22,11,2.97,2.87,Average,INT2959,56.62
3.67,82.6,76.2,65.2,7.5,8.23,17,5.51,4.0,Good,INT2960,77.5
0.44,10.0,25.6,42.9,0.0,0.47,13,1.76,1.0,Average,INT2961,56.79
1.22,27.2,56.2,61.22,2.28,1.76,10,2.77,1.91,Average,INT2962,62.41
3.53,90.5,39.3,50.68,10.0,7.68,18,2.61,5.0,Excellent,INT2963,89.46
0.12,5.9,25.5,89.37,4.0,3.2,5,6.89,2.6,Fair,INT2964,44.77
0.48,12.0,4.2,52.27,4.68,3.31,14,6.63,2.87,Poor,INT2965,37.32
0.19,33.5,7.3,55.33,0.0,1.88,12,4.74,1.0,Fair,INT2966,47.76
3.08,63.5,15.2,90.73,8.25,5.98,10,5.32,4.3,Average,INT2967,63.21
2.98,36.7,76.8,44.05,10.0,4.9,14,4.26,5.0,Good,INT2968,81.05
2.78,93.0,18.3,59.55,8.25,6.89,11,6.52,4.3,Average,INT2969,58.55
0.43,76.0,13.4,70.24,0.0,7.64,25,3.81,1.0,Average,INT2970,58.82
2.77,78.9,37.7,76.93,4.53,7.23,6,3.68,2.81,Good,INT2971,72.42
3.11,96.7,85.1,92.18,10.0,8.37,15,1.5,5.0,Excellent,INT2972,100.0
1.62,35.7,38.6,5.48,3.15,3.83,3,3.92,2.26,Average,INT2973,63.19
0.11,35.7,42.8,79.84,5.22,1.71,6,5.16,3.09,Fair,INT2974,52.31
2.54,79.2,81.3,85.85,4.82,9.1,12,3.19,2.93,Excellent,INT2975,93.63
3.87,68.8,95.2,2.32,6.57,8.0,14,1.07,3.63,Excellent,INT2976,97.99
0.49,62.1,18.7,90.36,4.62,1.55,5,5.83,2.85,Fair,INT2977,41.9
1.39,15.5,21.5,9.01,4.35,5.7,9,1.0,2.74,Average,INT2978,64.42
0.36,25.7,12.4,49.91,4.68,2.66,16,4.83,2.87,Fair,INT2979,51.82
2.21,79.6,93.3,88.16,10.0,4.98,17,6.62,5.0,Average,INT2980,66.71
1.53,48.0,69.3,86.49,4.68,3.22,15,3.95,2.87,Average,INT2981,59.45
3.04,77.6,89.2,91.01,0.13,6.92,9,2.04,1.05,Good,INT2982,76.33
2.35,26.4,55.0,95.19,0.0,2.65,15,5.47,1.0,Fair,INT2983,54.93
1.91,55.3,64.0,54.92,10.0,3.56,9,5.69,5.0,Average,INT2984,66.95
0.69,26.9,27.6,16.55,2.95,4.41,10,4.66,2.18,Average,INT2985,55.4
1.11,56.7,57.4,5.82,6.57,6.13,7,6.73,3.63,Good,INT2986,75.32
3.45,86.8,97.4,62.62,10.0,5.84,9,1.0,5.0,Excellent,INT2987,95.88
1.16,9.3,20.2,52.93,2.05,0.92,8,4.52,1.82,Fair,INT2988,41.19
0.96,78.1,40.1,70.06,4.15,6.14,7,4.99,2.66,Fair,INT2989,54.88
0.63,35.6,5.2,90.99,2.25,2.13,10,6.25,1.9,Fair,INT2990,40.2
3.57,86.6,47.9,56.33,6.57,7.8,13,2.15,3.63,Excellent,INT2991,88.04
3.54,49.6,92.7,83.59,9.18,8.5,8,5.67,4.67,Average,INT2992,64.67
0.54,5.6,27.8,50.18,2.75,1.23,7,4.77,2.1,Fair,INT2993,40.77
2.74,65.3,39.2,66.83,5.1,1.94,15,3.72,3.04,Fair,INT2994,46.19
2.27,39.6,46.2,67.54,7.82,1.99,7,2.12,4.13,Average,INT2995,67.49
2.65,58.7,15.0,14.64,8.9,5.89,19,6.66,4.56,Average,INT2996,69.53
2.38,37.8,57.4,59.64,8.93,9.47,21,1.9,4.57,Excellent,INT2997,89.92
3.74,98.4,67.7,93.2,3.68,9.69,21,2.46,2.47,Excellent,INT2998,89.61
2.69,84.9,60.3,87.78,3.18,6.09,17,3.01,2.27,Good,INT2999,74.08
0.35,6.6,17.2,62.12,0.0,0.57,8,6.11,1.0,Poor,INT3000,31.26
3.67,88.2,86.8,0.0,7.5,8.31,14,4.73,4.0,Good,INT3001,81.74
0.45,22.5,49.2,59.21,4.18,0.18,9,5.76,2.67,Poor,INT3002,32.62
3.91,79.7,94.0,64.06,10.0,9.39,18,2.93,5.0,Excellent,INT3003,93.93
0.39,53.1,1.6,75.8,4.68,2.75,4,4.42,2.87,Average,INT3004,55.97
1.28,28.4,70.7,48.04,2.1,5.9,8,4.78,1.84,Fair,INT3005,48.47
2.35,22.9,20.1,54.73,6.4,6.42,4,5.92,3.56,Average,INT3006,63.61
1.66,12.3,35.4,64.83,10.0,7.43,10,6.08,5.0,Average,INT3007,69.64
3.82,97.4,92.4,8.34,4.65,9.87,10,1.42,2.86,Excellent,INT3008,100.0
1.0,20.2,23.8,71.46,0.0,4.53,7,3.92,1.0,Fair,INT3009,45.81
1.82,74.1,63.8,96.94,1.3,6.45,20,1.1,1.52,Good,INT3010,70.84
3.59,86.2,84.5,99.57,5.15,8.96,15,4.09,3.06,Good,INT3011,77.3
3.1,47.1,34.1,76.33,3.87,3.13,7,2.62,2.55,Good,INT3012,83.91
1.42,74.1,96.6,64.4,2.4,6.62,5,3.15,1.96,Good,INT3013,79.25
2.27,41.5,64.3,89.54,5.8,6.04,11,2.63,3.32,Average,INT3014,64.72
2.17,76.1,75.4,57.97,7.5,7.1,10,4.45,4.0,Good,INT3015,78.23
1.71,92.2,89.1,62.6,4.68,1.89,19,3.21,2.87,Good,INT3016,73.43
2.55,79.3,32.1,89.24,10.0,8.87,16,5.31,5.0,Good,INT3017,79.82
1.98,81.8,81.4,71.68,0.4,7.28,15,3.26,1.16,Average,INT3018,68.55
2.53,95.9,44.3,7.13,4.68,8.95,15,1.78,2.87,Good,INT3019,71.35
1.8,53.8,55.8,5.84,7.28,6.25,10,6.12,3.91,Good,INT3020,79.79
1.79,64.6,71.1,64.88,9.82,8.64,9,3.16,4.93,Good,INT3021,84.38
3.53,66.4,20.7,66.83,10.0,9.26,18,3.37,5.0,Good,INT3022,77.06
2.27,60.4,31.3,63.85,10.0,5.49,12,5.52,5.0,Good,INT3023,78.06
3.51,10.7,84.3,61.06,6.25,3.59,16,3.23,3.5,Good,INT3024,72.5
2.57,80.4,57.0,68.99,7.5,5.48,15,1.0,4.0,Good,INT3025,78.52
0.55,12.1,82.6,88.17,0.0,1.57,6,3.35,1.0,Average,INT3026,56.84
0.34,38.7,55.4,85.69,2.4,6.0,5,6.2,1.96,Fair,INT3027,41.58
1.27,15.7,15.3,48.63,2.0,1.69,9,5.06,1.8,Fair,INT3028,53.31
0.23,11.1,8.9,25.23,5.85,1.48,6,5.26,3.34,Fair,INT3029,40.69
0.4,28.6,73.6,22.15,2.05,0.99,4,5.08,1.82,Fair,INT3030,52.49
2.22,70.8,86.6,61.16,5.05,5.79,11,1.86,3.02,Average,INT3031,60.96
1.61,76.6,41.7,30.97,5.6,3.94,9,3.64,3.24,Average,INT3032,63.14
0.97,16.8,57.0,57.32,8.2,4.24,6,5.19,4.28,Fair,INT3033,53.35
2.73,27.5,74.4,70.52,0.5,3.19,12,2.06,1.2,Average,INT3034,64.01
1.83,63.4,72.8,53.76,4.42,7.22,11,2.85,2.77,Fair,INT3035,53.83
3.92,63.4,81.5,49.04,8.75,9.22,11,2.26,4.5,Excellent,INT3036,87.23
1.02,24.6,41.4,60.52,4.88,4.93,11,3.28,2.95,Good,INT3037,73.38
0.46,33.5,9.7,78.71,0.0,5.58,7,7.0,1.0,Fair,INT3038,50.55
2.09,82.0,23.7,54.49,5.85,8.09,12,1.39,3.34,Good,INT3039,78.61
3.8,60.9,94.6,94.5,7.78,7.92,6,4.35,4.11,Good,INT3040,81.21
3.89,89.9,83.4,98.28,1.78,6.88,9,1.86,1.71,Excellent,INT3041,85.32
1.82,16.4,8.7,60.12,8.4,3.98,6,6.98,4.36,Fair,INT3042,50.27
3.02,91.7,93.2,85.23,4.68,8.51,7,1.36,2.87,Excellent,INT3043,100.0
2.79,91.7,65.8,92.1,10.0,7.96,17,3.46,5.0,Excellent,INT3044,91.43
1.0,35.8,26.8,76.99,8.25,4.38,14,5.89,4.3,Average,INT3045,61.38
0.99,19.8,87.5,66.17,5.95,4.01,7,5.36,3.38,Average,INT3046,65.03
2.89,14.1,14.5,36.56,5.78,2.29,9,3.09,3.31,Average,INT3047,58.83
2.42,81.9,68.7,12.65,3.1,2.83,17,3.57,2.24,Good,INT3048,72.71
3.55,69.5,75.3,70.03,4.68,5.59,14,3.05,2.87,Excellent,INT3049,90.81
3.66,86.9,63.3,73.23,2.68,8.61,7,2.81,2.07,Good,INT3050,80.13
3.2,96.8,67.9,87.19,7.5,5.49,15,2.26,4.0,Excellent,INT3051,100.0
0.89,15.7,27.0,62.07,3.58,3.89,8,3.69,2.43,Average,INT3052,57.05
2.4,75.0,54.5,66.83,7.5,8.55,16,2.29,4.0,Excellent,INT3053,93.89
2.56,85.3,79.2,0.5,3.3,6.12,13,2.4,2.32,Good,INT3054,79.92
0.26,6.0,14.3,57.01,4.42,2.87,3,3.92,2.77,Fair,INT3055,41.86
0.49,10.2,18.6,67.92,5.38,1.79,8,7.0,3.15,Average,INT3056,57.31
1.32,25.7,15.4,58.74,4.75,3.99,7,4.59,2.9,Average,INT3057,58.59
1.32,61.2,69.7,78.36,4.68,0.58,16,1.06,2.87,Average,INT3058,58.95
2.77,92.6,83.7,60.85,7.7,2.1,16,1.83,4.08,Excellent,INT3059,86.84
0.51,10.5,7.0,56.14,2.25,0.92,11,6.7,1.9,Poor,INT3060,39.13
3.07,74.8,53.1,75.91,7.48,9.02,13,2.72,3.99,Excellent,INT3061,86.16
2.9,80.1,14.4,77.38,6.88,7.82,11,1.46,3.75,Good,INT3062,71.26
1.99,18.1,80.2,66.72,0.0,4.96,17,4.46,1.0,Fair,INT3063,51.5
2.79,80.3,88.5,81.52,4.75,8.02,14,4.77,2.9,Good,INT3064,84.03
0.58,26.9,57.3,24.24,3.12,4.58,18,4.99,2.25,Average,INT3065,55.54
2.01,81.7,51.3,1.98,1.02,5.19,4,2.57,1.41,Good,INT3066,70.89
3.86,94.7,90.2,66.83,10.0,8.88,18,1.49,5.0,Excellent,INT3067,88.42
1.02,13.4,57.4,53.09,0.6,1.14,8,6.61,1.24,Fair,INT3068,50.49
3.56,95.3,92.2,59.43,7.5,7.65,13,2.59,4.0,Excellent,INT3069,95.08
2.01,21.2,25.7,57.11,6.25,2.18,11,4.86,3.5,Average,INT3070,62.95
1.4,38.5,22.6,83.7,0.0,6.46,13,5.49,1.0,Average,INT3071,58.66
2.76,75.3,71.4,69.56,10.0,4.47,9,4.26,5.0,Good,INT3072,73.79
0.44,15.1,34.5,69.99,1.3,3.22,6,2.57,1.52,Average,INT3073,58.57
3.66,78.9,63.7,88.24,7.45,5.24,12,2.93,3.98,Good,INT3074,78.99
2.92,91.3,71.8,74.97,9.0,6.92,12,4.27,4.6,Good,INT3075,79.32
2.53,70.3,30.4,86.28,1.25,3.98,11,6.33,1.5,Average,INT3076,64.38
1.02,54.3,68.2,75.26,10.0,3.13,9,7.0,5.0,Average,INT3077,66.1
1.9,56.6,20.1,79.65,8.52,4.13,13,1.66,4.41,Good,INT3078,83.11
3.63,45.9,40.9,88.04,10.0,1.59,14,1.62,5.0,Excellent,INT3079,91.67
3.11,93.0,42.7,80.37,7.5,8.63,17,6.49,4.0,Good,INT3080,75.04
2.82,36.0,24.5,60.59,4.73,2.33,10,5.74,2.89,Average,INT3081,55.1
0.46,18.4,24.7,89.46,2.0,0.71,8,6.15,1.8,Fair,INT3082,51.55
3.02,71.1,39.1,97.45,4.35,9.34,12,2.44,2.74,Good,INT3083,78.41
3.2,51.6,67.6,44.37,6.52,2.53,4,4.81,3.61,Average,INT3084,67.28
0.17,30.6,54.4,78.86,6.28,1.08,10,5.21,3.51,Fair,INT3085,47.23
0.14,30.9,25.5,54.31,4.05,0.65,8,5.36,2.62,Poor,INT3086,36.42
0.62,67.2,60.6,67.94,0.93,5.52,10,3.27,1.37,Average,INT3087,63.06
3.69,86.0,60.1,6.16,7.2,9.53,11,1.11,3.88,Excellent,INT3088,98.57
1.58,93.6,46.5,91.76,1.95,9.06,6,4.69,1.78,Good,INT3089,80.81
3.24,86.9,78.8,75.67,8.02,8.96,11,3.92,4.21,Good,INT3090,73.07
2.89,59.3,58.7,60.98,5.93,4.6,9,3.47,3.37,Average,INT3091,65.02
1.26,1.8,4.3,66.83,7.55,3.35,6,6.9,4.02,Poor,INT3092,37.11
2.34,38.7,74.6,73.22,3.7,3.22,13,3.55,2.48,Fair,INT3093,52.4
0.6,42.2,20.5,95.07,0.0,0.32,11,6.03,1.0,Fair,INT3094,45.37
3.87,77.2,92.9,61.22,10.0,8.27,15,2.43,5.0,Good,INT3095,84.21
2.68,57.2,36.5,51.58,7.48,6.3,10,5.01,3.99,Good,INT3096,79.55
0.51,22.9,64.8,71.67,5.65,1.17,6,7.0,3.26,Poor,INT3097,36.84
0.68,60.9,35.0,63.53,2.0,4.13,15,1.85,1.8,Average,INT3098,65.24
2.9,72.3,91.1,4.74,2.8,8.68,12,1.0,2.12,Good,INT3099,72.95
2.08,31.7,36.6,73.0,4.12,6.25,15,3.5,2.65,Average,INT3100,64.86
1.55,50.2,42.0,83.49,0.0,5.23,18,1.73,1.0,Average,INT3101,66.97
0.09,8.3,29.4,2.02,2.52,1.38,9,5.88,2.01,Fair,INT3102,46.67
0.92,6.0,79.7,87.59,1.5,1.62,8,6.17,1.6,Fair,INT3103,47.98
3.26,96.0,67.1,57.66,9.75,4.65,13,3.61,4.9,Good,INT3104,80.01
3.27,86.4,74.1,69.79,4.62,6.96,15,2.17,2.85,Good,INT3105,82.27
3.6,92.7,77.7,82.8,5.85,5.31,9,3.39,3.34,Good,INT3106,77.52
1.77,62.6,13.2,66.83,5.88,3.82,5,5.53,3.35,Average,INT3107,56.58
3.32,94.6,39.6,3.92,4.1,5.29,19,1.0,2.64,Excellent,INT3108,100.0
0.86,66.4,30.7,59.76,10.0,2.31,16,4.7,5.0,Good,INT3109,82.37
1.15,17.2,45.4,67.95,0.0,2.94,7,5.08,1.0,Fair,INT3110,52.95
0.41,32.2,68.1,56.12,1.72,0.53,6,5.3,1.69,Fair,INT3111,46.97
3.28,52.8,39.7,60.84,2.75,6.17,9,2.17,2.1,Average,INT3112,68.69
2.79,19.0,15.7,93.24,4.93,2.3,18,5.53,2.97,Fair,INT3113,49.79
2.46,79.6,96.1,55.23,6.38,6.89,17,1.98,3.55,Excellent,INT3114,87.56
3.47,92.7,62.4,97.58,3.32,7.92,10,1.79,2.33,Good,INT3115,84.62
2.17,10.6,22.8,6.59,4.73,2.94,14,6.17,2.89,Fair,INT3116,48.43
1.31,6.3,56.6,76.84,0.8,2.8,8,5.85,1.32,Fair,INT3117,50.28
1.44,85.6,92.4,9.15,9.42,5.22,14,1.0,4.77,Excellent,INT3118,87.0
2.55,69.0,89.3,85.53,7.5,5.82,23,2.92,4.0,Excellent,INT3119,92.5
0.59,48.6,8.6,45.51,4.05,6.42,8,2.32,2.62,Average,INT3120,69.07
3.59,92.7,50.3,88.5,4.05,7.91,14,2.22,2.62,Excellent,INT3121,88.84
1.83,49.3,68.8,67.97,2.0,4.69,13,3.92,1.8,Average,INT3122,58.96
0.19,23.8,46.8,38.16,0.0,2.64,7,1.21,1.0,Fair,INT3123,54.57
1.97,81.8,34.1,60.23,9.52,6.63,10,3.53,4.81,Average,INT3124,67.0
0.65,19.7,9.0,66.83,0.0,0.1,11,3.92,1.0,Poor,INT3125,33.35
0.85,21.7,51.0,67.52,4.22,4.6,13,4.62,2.69,Fair,INT3126,43.68
0.76,18.8,59.4,27.7,0.0,1.3,7,5.02,1.0,Fair,INT3127,46.23
2.77,80.3,71.6,36.73,9.65,4.46,22,1.08,4.86,Good,INT3128,80.35
0.82,33.6,25.2,81.41,2.03,1.93,8,7.0,1.81,Average,INT3129,67.69
1.25,8.9,28.2,94.72,2.0,2.76,11,6.01,1.8,Fair,INT3130,54.38
2.42,74.9,85.6,91.98,8.67,5.57,12,6.15,4.47,Average,INT3131,67.91
0.65,21.4,41.7,62.63,2.0,1.36,5,6.26,1.8,Fair,INT3132,42.69
1.29,2.8,28.8,17.27,1.12,0.81,4,6.42,1.45,Fair,INT3133,48.58
1.04,37.5,18.2,59.65,3.63,4.62,5,3.77,2.45,Average,INT3134,57.01
3.56,94.1,89.1,98.55,6.05,6.19,15,2.61,3.42,Excellent,INT3135,87.14
2.56,42.6,92.6,77.47,10.0,5.63,9,4.96,5.0,Excellent,INT3136,88.91
1.7,69.7,31.4,59.13,6.88,6.64,9,5.07,3.75,Good,INT3137,71.99
1.53,26.7,26.9,92.04,0.0,4.59,4,3.92,1.0,Fair,INT3138,47.2
3.28,94.9,91.8,69.76,7.5,7.75,9,3.65,4.0,Good,INT3139,83.0
3.45,91.5,77.0,62.83,4.68,6.71,11,1.0,2.87,Good,INT3140,71.87
2.24,59.2,64.3,63.03,10.0,7.16,14,3.26,5.0,Excellent,INT3141,88.22
3.24,54.7,51.6,69.66,4.82,7.44,13,6.12,2.93,Fair,INT3142,42.49
2.11,86.0,49.3,75.25,4.68,6.39,5,4.97,2.87,Average,INT3143,62.19
1.12,22.3,14.2,94.63,0.42,4.36,9,4.62,1.17,Average,INT3144,56.43
0.9,41.0,44.6,93.44,2.0,4.49,9,2.76,1.8,Average,INT3145,65.46
3.44,78.3,75.0,78.72,9.28,9.56,12,2.77,4.71,Good,INT3146,76.67
1.42,43.7,44.5,26.73,10.0,6.94,15,6.19,5.0,Average,INT3147,66.86
3.57,86.2,31.2,70.17,3.6,5.63,14,4.87,2.44,Average,INT3148,69.76
2.73,67.4,62.0,98.78,2.15,7.31,11,5.7,1.86,Good,INT3149,72.53
3.72,39.1,44.6,80.39,9.62,7.86,13,3.4,4.85,Good,INT3150,80.35
1.13,22.8,57.6,62.93,0.0,0.23,10,4.86,1.0,Average,INT3151,55.18
1.81,30.7,8.3,72.49,2.45,3.92,8,2.43,1.98,Fair,INT3152,52.48
0.3,7.7,21.2,76.6,0.0,0.49,8,5.68,1.0,Poor,INT3153,39.02
1.61,48.2,32.1,71.45,1.0,2.51,9,4.01,1.4,Average,INT3154,63.12
2.27,53.7,24.1,66.83,0.0,1.4,8,3.73,1.0,Average,INT3155,66.14
0.93,5.5,51.1,92.57,0.0,0.86,10,5.04,1.0,Fair,INT3156,49.03
2.43,25.7,35.6,75.37,1.3,3.01,10,6.26,1.52,Poor,INT3157,39.95
1.31,52.4,27.6,38.54,0.0,6.54,7,1.1,1.0,Average,INT3158,65.95
1.48,53.8,20.8,67.01,4.15,6.77,12,6.35,2.66,Good,INT3159,70.52
2.07,18.3,38.1,58.85,2.0,7.28,7,2.95,1.8,Average,INT3160,58.61
1.94,66.2,79.8,96.96,4.88,6.5,13,3.35,2.95,Good,INT3161,76.07
3.48,72.5,92.6,1.26,3.42,7.38,10,1.2,2.37,Good,INT3162,82.69
2.92,85.9,68.7,90.03,9.42,8.65,14,3.24,4.77,Good,INT3163,79.99
1.81,54.4,36.3,85.77,3.0,2.32,16,3.87,2.2,Average,INT3164,57.45
2.49,50.4,62.1,89.55,0.7,3.6,11,1.03,1.28,Good,INT3165,78.6
0.71,43.2,37.9,96.84,2.0,2.46,8,3.92,1.8,Fair,INT3166,53.79
0.43,10.7,8.4,81.17,3.45,1.49,9,6.52,2.38,Fair,INT3167,48.59
2.46,68.3,86.8,72.61,5.88,1.47,15,1.55,3.35,Good,INT3168,77.2
0.96,37.8,30.0,58.38,3.12,5.25,8,5.36,2.25,Average,INT3169,60.08
3.13,90.5,61.8,81.34,10.0,5.3,8,3.85,5.0,Good,INT3170,75.03
3.41,60.7,76.2,88.61,0.32,8.28,17,5.28,1.13,Good,INT3171,71.45
2.73,57.9,70.3,63.58,1.85,2.48,5,2.46,1.74,Average,INT3172,69.58
2.51,61.0,47.0,87.04,0.0,6.06,11,1.49,1.0,Good,INT3173,77.0
2.88,62.1,79.7,88.92,4.68,6.93,11,1.91,2.87,Excellent,INT3174,90.7
3.79,63.1,96.8,91.56,2.0,6.88,7,1.1,1.8,Good,INT3175,76.98
1.11,65.1,84.7,34.43,4.85,4.81,16,1.75,2.94,Good,INT3176,80.52
3.15,86.2,76.1,84.08,5.07,8.77,9,4.88,3.03,Good,INT3177,77.85
0.91,24.7,15.8,65.21,1.7,2.12,3,5.89,1.68,Fair,INT3178,45.07
1.28,32.6,5.6,86.95,2.48,2.37,7,6.34,1.99,Average,INT3179,56.55
0.68,24.6,24.8,73.15,0.0,8.27,8,4.66,1.0,Average,INT3180,55.43
0.62,14.0,29.1,29.54,0.0,2.39,7,1.56,1.0,Average,INT3181,61.72
0.31,8.7,12.3,66.83,2.0,0.63,18,2.4,1.8,Fair,INT3182,52.02
0.34,5.3,15.5,66.83,0.62,0.3,7,3.05,1.25,Fair,INT3183,49.21
2.72,72.3,58.1,58.9,3.87,4.24,6,2.08,2.55,Average,INT3184,57.48
1.72,83.0,21.0,9.28,4.55,6.08,10,4.14,2.82,Average,INT3185,58.75
2.18,20.7,69.7,80.9,3.5,3.66,10,4.48,2.4,Excellent,INT3186,87.15
1.52,44.0,35.5,92.43,4.35,5.24,15,3.59,2.74,Average,INT3187,67.23
3.14,71.1,39.9,51.04,8.85,6.7,13,3.32,4.54,Good,INT3188,82.78
1.42,48.7,83.3,53.31,7.5,1.16,15,5.57,4.0,Average,INT3189,66.55
2.61,31.9,66.3,40.51,10.0,6.13,11,5.33,5.0,Good,INT3190,75.65
1.45,82.5,40.3,66.83,5.88,5.65,9,3.08,3.35,Excellent,INT3191,86.56
1.16,20.4,26.4,20.34,3.15,0.52,12,6.2,2.26,Fair,INT3192,47.19
0.28,21.4,2.6,39.83,2.72,2.01,5,6.67,2.09,Poor,INT3193,31.69
1.76,28.5,29.0,61.6,3.2,6.8,12,3.44,2.28,Good,INT3194,74.0
1.58,23.0,83.5,69.95,4.68,2.74,4,3.45,2.87,Good,INT3195,71.35
2.5,87.1,84.7,61.25,10.0,8.54,15,4.38,5.0,Good,INT3196,82.11
0.41,17.3,43.9,67.63,4.95,4.02,14,7.0,2.98,Average,INT3197,68.55
0.6,52.6,55.7,86.43,7.08,2.65,7,6.38,3.83,Fair,INT3198,54.94
3.37,25.2,83.3,55.74,0.95,6.28,12,1.86,1.38,Good,INT3199,75.81
0.51,19.3,23.9,21.46,1.35,2.47,8,3.22,1.54,Average,INT3200,56.35
0.18,10.9,42.4,81.89,2.05,3.67,9,4.82,1.82,Fair,INT3201,49.64
1.51,48.8,16.8,73.85,4.68,6.67,6,3.8,2.87,Average,INT3202,63.31
2.75,78.5,54.9,96.73,5.05,2.9,16,2.25,3.02,Excellent,INT3203,85.82
2.49,75.7,63.7,64.47,5.75,1.98,13,5.93,3.3,Good,INT3204,70.69
1.62,59.8,59.5,86.31,4.55,1.09,16,4.67,2.82,Average,INT3205,60.86
3.08,73.2,46.7,86.54,10.0,2.48,14,6.1,5.0,Good,INT3206,74.18
2.83,40.3,10.3,61.08,5.78,2.74,17,6.0,3.31,Average,INT3207,60.82
3.83,96.5,26.2,95.16,10.0,6.79,15,5.57,5.0,Good,INT3208,83.64
0.63,76.8,43.8,74.56,0.0,4.36,8,3.7,1.0,Average,INT3209,57.14
2.25,64.9,57.6,83.94,8.05,7.09,10,4.7,4.22,Excellent,INT3210,86.0
3.07,59.3,36.9,36.55,4.25,6.14,14,1.58,2.7,Good,INT3211,75.29
0.46,14.1,7.5,25.11,4.68,4.18,15,4.98,2.87,Fair,INT3212,45.92
3.05,67.2,61.4,79.31,0.0,2.1,9,2.39,1.0,Average,INT3213,67.84
2.37,30.9,83.0,65.95,4.68,6.23,7,4.98,2.87,Good,INT3214,78.11
3.21,30.9,53.3,74.98,0.0,5.77,13,3.92,1.0,Average,INT3215,59.83
3.55,24.1,91.4,68.7,2.12,4.4,9,1.7,1.85,Good,INT3216,79.74
2.44,29.7,30.4,82.03,5.12,5.18,14,3.92,3.05,Good,INT3217,70.78
3.26,94.0,88.2,4.18,8.65,8.87,16,1.17,4.46,Good,INT3218,84.29
2.92,69.6,91.5,50.23,10.0,7.19,9,4.91,5.0,Average,INT3219,65.74
1.64,45.5,43.8,82.48,3.1,0.76,6,5.76,2.24,Average,INT3220,58.91
0.98,61.9,55.3,71.11,8.27,7.63,7,4.42,4.31,Average,INT3221,60.12
3.89,73.3,80.2,36.89,7.5,9.04,14,2.22,4.0,Excellent,INT3222,97.67
2.78,54.1,68.5,54.71,5.35,6.32,16,1.47,3.14,Good,INT3223,82.51
2.19,79.4,80.3,0.0,10.0,0.51,17,1.37,5.0,Excellent,INT3224,88.76
3.3,65.7,66.7,24.16,6.4,4.53,7,1.97,3.56,Good,INT3225,71.09
0.52,44.2,20.7,96.77,6.35,0.66,10,6.59,3.54,Fair,INT3226,53.95
0.45,71.1,12.2,71.63,1.62,7.17,14,2.83,1.65,Average,INT3227,69.24
3.25,76.4,60.1,52.1,4.65,3.56,12,3.52,2.86,Good,INT3228,76.07
0.7,25.5,37.0,56.94,3.1,7.54,7,3.92,2.24,Average,INT3229,57.72
0.59,14.4,26.3,7.63,2.2,3.82,15,2.69,1.88,Average,INT3230,57.05
0.65,56.8,20.3,79.44,0.0,1.92,7,3.72,1.0,Fair,INT3231,46.04
2.52,61.9,86.8,59.33,6.32,7.87,12,4.25,3.53,Average,INT3232,58.95
3.31,71.4,47.4,74.93,10.0,4.47,8,2.52,5.0,Excellent,INT3233,87.09
2.69,33.6,17.2,31.46,0.0,3.58,16,3.92,1.0,Average,INT3234,63.93
3.15,65.7,35.6,90.19,4.25,8.41,11,3.0,2.7,Good,INT3235,82.71
2.99,91.3,68.5,66.02,4.32,6.68,11,2.38,2.73,Excellent,INT3236,88.54
2.53,56.6,80.4,72.91,0.0,2.54,14,1.91,1.0,Average,INT3237,63.26
0.77,35.5,18.3,54.33,4.42,4.02,9,6.86,2.77,Average,INT3238,61.03
3.81,76.2,50.7,71.67,7.5,6.39,11,5.06,4.0,Good,INT3239,82.94
1.68,88.6,77.3,89.66,7.5,9.38,10,4.58,4.0,Excellent,INT3240,89.52
2.09,73.7,77.9,83.08,2.0,7.57,14,3.37,1.8,Average,INT3241,64.87
0.19,24.8,4.0,48.45,2.0,0.98,10,4.06,1.8,Fair,INT3242,49.32
0.57,35.5,5.3,75.2,3.48,1.15,10,4.41,2.39,Fair,INT3243,50.12
2.5,32.5,38.7,98.36,6.52,6.88,17,5.5,3.61,Good,INT3244,72.68
2.01,67.1,75.4,66.83,4.75,8.36,11,5.38,2.9,Good,INT3245,70.83
3.77,93.6,83.3,95.25,8.75,8.7,15,2.52,4.5,Excellent,INT3246,89.71
1.26,24.0,16.4,58.94,7.35,1.37,7,4.32,3.94,Average,INT3247,60.72
0.54,41.9,41.0,74.16,5.7,0.6,9,3.49,3.28,Average,INT3248,58.23
2.41,73.7,64.0,95.43,7.8,5.27,11,6.09,4.12,Average,INT3249,68.56
2.51,57.5,35.7,66.13,2.32,4.48,10,4.97,1.93,Average,INT3250,58.44
3.63,79.8,35.8,98.38,10.0,7.01,14,4.29,5.0,Good,INT3251,79.16
1.06,71.0,30.1,54.85,8.43,7.34,8,1.82,4.37,Average,INT3252,68.27
0.55,7.0,75.8,72.53,7.38,3.56,12,4.47,3.95,Average,INT3253,61.45
3.05,67.0,55.9,34.02,0.0,7.13,14,1.63,1.0,Good,INT3254,70.71
1.1,38.9,10.9,53.69,6.12,3.41,10,3.08,3.45,Fair,INT3255,52.92
1.99,75.8,58.5,93.98,0.15,3.68,16,2.2,1.06,Good,INT3256,78.07
0.92,35.0,19.6,62.6,0.0,0.99,2,3.92,1.0,Fair,INT3257,46.72
1.65,56.2,79.2,51.11,5.48,3.46,18,1.86,3.19,Average,INT3258,61.47
1.34,9.7,30.2,66.83,2.0,2.13,13,3.1,1.8,Fair,INT3259,48.84
0.92,4.0,10.7,82.96,0.0,0.72,12,5.9,1.0,Fair,INT3260,47.11
2.65,78.0,94.2,98.89,2.48,8.35,14,1.74,1.99,Excellent,INT3261,90.36
0.59,34.6,46.5,55.57,2.75,2.11,13,3.77,2.1,Average,INT3262,58.6
2.07,78.1,49.2,66.83,8.67,7.52,11,3.82,4.47,Good,INT3263,73.02
3.7,68.0,85.8,4.98,4.68,7.22,13,1.51,2.87,Excellent,INT3264,88.23
1.3,66.4,55.4,4.04,5.3,4.9,13,5.65,3.12,Average,INT3265,64.05
2.86,68.9,94.1,55.9,4.68,6.69,12,1.47,2.87,Excellent,INT3266,91.69
0.05,4.7,1.4,61.99,0.0,0.21,6,4.06,1.0,Fair,INT3267,44.8
2.88,46.0,60.9,59.82,6.88,5.66,6,4.81,3.75,Good,INT3268,74.29
2.86,73.4,62.3,41.99,10.0,8.57,19,5.18,5.0,Good,INT3269,79.24
2.34,58.0,39.6,93.66,6.12,3.51,11,4.69,3.45,Good,INT3270,77.49
2.33,68.1,36.3,75.55,3.68,1.55,5,2.27,2.47,Average,INT3271,60.79
1.08,80.9,69.0,4.58,7.28,2.07,8,1.0,3.91,Average,INT3272,64.23
0.94,30.4,37.4,38.53,0.0,1.66,3,5.46,1.0,Fair,INT3273,50.53
3.77,47.0,93.9,89.88,10.0,9.11,16,4.42,5.0,Good,INT3274,77.62
1.72,32.0,15.2,56.61,10.0,3.05,17,5.83,5.0,Average,INT3275,63.93
0.33,49.5,16.5,53.64,5.18,0.62,8,6.28,3.07,Fair,INT3276,46.58
1.39,62.5,55.2,19.67,9.4,4.28,10,6.01,4.76,Average,INT3277,58.28
0.25,69.2,70.3,87.3,4.4,8.07,8,4.41,2.76,Good,INT3278,81.72
2.98,18.3,83.0,50.22,3.73,4.65,8,2.5,2.49,Good,INT3279,75.13
2.66,59.0,52.1,77.03,6.05,4.37,11,5.36,3.42,Good,INT3280,70.49
2.98,75.9,51.8,62.47,10.0,7.33,15,3.51,5.0,Good,INT3281,76.09
0.87,33.7,31.4,66.61,2.0,6.68,9,1.63,1.8,Average,INT3282,62.02
0.96,46.8,51.6,61.48,3.7,3.48,10,6.41,2.48,Good,INT3283,70.45
1.5,32.7,61.9,62.03,0.0,5.1,8,5.85,1.0,Fair,INT3284,45.3
1.83,33.0,15.9,95.08,5.07,7.27,10,4.05,3.03,Good,INT3285,72.13
3.88,94.3,74.6,79.03,9.07,9.62,12,1.0,4.63,Excellent,INT3286,100.0
2.38,52.7,74.8,56.16,8.3,5.14,7,3.08,4.32,Good,INT3287,82.38
2.23,53.0,12.5,73.37,1.55,1.21,12,6.16,1.62,Fair,INT3288,50.82
0.89,23.0,7.4,72.58,4.93,1.6,9,6.86,2.97,Fair,INT3289,49.14
1.77,37.5,61.1,0.0,1.85,1.75,14,2.13,1.74,Average,INT3290,62.18
1.71,91.9,74.3,93.17,9.33,6.61,8,1.87,4.73,Excellent,INT3291,91.41
0.18,22.9,12.8,28.12,0.0,1.18,6,6.39,1.0,Poor,INT3292,38.83
2.14,60.4,86.9,78.55,3.0,7.13,8,3.26,2.2,Good,INT3293,78.06
2.06,5.1,12.8,92.19,0.0,1.89,12,4.55,1.0,Fair,INT3294,50.97
2.58,38.2,9.2,96.03,0.75,0.85,14,6.61,1.3,Average,INT3295,57.13
2.26,36.8,89.3,74.29,6.2,3.57,9,1.17,3.48,Average,INT3296,68.72
2.63,73.2,77.5,81.98,7.5,9.42,11,5.05,4.0,Good,INT3297,80.99
1.06,73.9,79.4,26.49,6.78,7.72,14,1.33,3.71,Good,INT3298,78.46
2.43,73.6,35.0,6.01,7.5,2.2,13,2.89,4.0,Average,INT3299,66.49
0.27,47.4,13.4,63.94,2.92,3.41,2,3.92,2.17,Poor,INT3300,37.12
3.68,24.7,27.9,54.67,7.18,3.93,13,3.89,3.87,Average,INT3301,60.7
0.45,7.0,31.1,63.98,4.12,7.32,14,7.0,2.65,Poor,INT3302,32.88
3.53,60.8,73.5,66.06,9.38,5.93,10,4.26,4.75,Average,INT3303,62.42
3.86,93.5,91.7,59.18,10.0,9.52,13,3.33,5.0,Excellent,INT3304,97.17
3.48,79.7,97.0,83.43,1.15,9.68,15,2.23,1.46,Good,INT3305,83.37
3.08,70.8,82.4,71.3,1.35,9.16,10,3.31,1.54,Good,INT3306,77.61
3.59,87.4,51.3,99.4,4.9,7.11,14,3.65,2.96,Good,INT3307,84.44
3.51,67.9,83.5,57.66,10.0,9.67,12,1.75,5.0,Excellent,INT3308,92.48
3.49,51.9,61.6,36.81,7.5,6.1,17,3.23,4.0,Excellent,INT3309,91.72
2.59,32.0,67.5,82.35,2.62,3.84,8,3.97,2.05,Average,INT3310,69.49
1.11,17.3,32.9,52.78,0.0,2.07,5,5.25,1.0,Fair,INT3311,51.11
1.79,62.7,49.6,85.85,8.6,6.78,10,5.09,4.44,Average,INT3312,60.24
0.23,12.8,42.2,54.99,0.0,1.28,8,5.01,1.0,Fair,INT3313,45.0
3.06,76.7,26.3,5.19,10.0,9.42,14,1.0,5.0,Good,INT3314,83.96
2.72,94.2,45.6,57.98,0.0,8.66,16,2.02,1.0,Average,INT3315,67.76
0.35,17.3,24.7,62.73,0.0,3.62,11,3.92,1.0,Fair,INT3316,52.07
1.3,18.8,38.9,84.16,0.0,1.45,15,3.99,1.0,Average,INT3317,56.78
2.41,75.7,73.5,1.4,4.3,8.11,14,1.39,2.72,Good,INT3318,79.83
2.02,88.7,72.5,77.77,10.0,2.65,8,5.36,5.0,Good,INT3319,75.53
1.84,63.2,20.8,30.11,9.68,7.04,7,5.34,4.87,Average,INT3320,63.83
1.43,82.2,54.9,54.9,4.68,2.49,14,4.25,2.87,Good,INT3321,75.76
3.5,62.6,57.9,70.51,0.0,8.11,10,1.57,1.0,Good,INT3322,73.21
1.22,5.2,7.9,57.27,3.22,0.9,16,5.27,2.29,Fair,INT3323,52.48
2.88,52.8,42.3,66.83,4.68,3.44,15,4.06,2.87,Average,INT3324,62.14
1.83,34.8,58.9,56.48,1.6,5.94,11,3.92,1.64,Average,INT3325,60.03
0.13,45.9,60.5,59.53,0.0,2.79,14,5.83,1.0,Fair,INT3326,42.16
2.8,76.5,26.8,90.88,6.92,3.99,20,5.36,3.77,Average,INT3327,66.63
0.96,10.9,60.1,83.01,4.95,3.01,14,3.96,2.98,Average,INT3328,59.56
1.76,80.2,24.3,61.55,0.0,7.32,3,2.0,1.0,Good,INT3329,73.7
1.8,83.4,31.2,70.91,10.0,8.43,18,4.66,5.0,Good,INT3330,80.05
0.99,19.9,9.2,69.81,3.82,1.95,14,4.46,2.53,Fair,INT3331,51.5
2.18,31.4,50.8,84.51,2.6,2.12,14,5.49,2.04,Average,INT3332,57.38
2.92,82.3,56.8,87.0,0.1,2.27,10,2.47,1.04,Good,INT3333,84.3
3.72,28.2,64.3,75.51,10.0,7.84,5,1.96,5.0,Excellent,INT3334,86.55
3.15,55.5,57.5,98.46,3.68,6.43,12,6.33,2.47,Average,INT3335,63.97
0.63,77.7,54.7,97.78,4.68,5.77,11,5.4,2.87,Good,INT3336,72.33
0.93,45.0,50.5,70.62,8.08,2.62,7,6.85,4.23,Average,INT3337,68.0
0.55,61.1,37.5,91.03,5.1,8.31,14,5.12,3.04,Average,INT3338,61.15
1.48,29.0,11.6,77.16,7.92,0.43,12,4.65,4.17,Average,INT3339,60.82
0.28,7.1,56.2,75.59,1.07,2.87,4,5.27,1.43,Fair,INT3340,53.01
0.92,18.0,71.2,52.75,10.0,3.81,10,6.82,5.0,Average,INT3341,59.77
0.96,46.1,72.5,3.59,2.0,4.02,9,3.92,1.8,Fair,INT3342,48.85
2.53,38.8,39.4,61.09,7.08,3.53,10,4.67,3.83,Average,INT3343,57.74
2.57,55.6,69.5,66.83,6.3,8.32,22,1.85,3.52,Excellent,INT3344,88.44
0.71,44.1,31.4,2.26,7.65,4.83,18,3.69,4.06,Good,INT3345,73.49
1.12,20.2,60.1,58.0,3.87,2.8,7,5.4,2.55,Average,INT3346,56.55
3.19,28.3,56.0,67.92,7.4,1.79,11,2.87,3.96,Average,INT3347,69.93
1.67,44.8,29.9,61.66,5.98,8.07,8,2.53,3.39,Average,INT3348,62.18
1.51,72.3,63.9,65.8,3.8,6.99,9,2.8,2.52,Average,INT3349,66.61
0.6,54.9,34.2,78.98,4.68,5.52,17,2.67,2.87,Good,INT3350,77.42
3.63,55.9,42.1,68.24,6.5,8.02,13,2.71,3.6,Excellent,INT3351,87.08
1.21,57.9,49.9,66.83,2.1,8.21,6,3.97,1.84,Average,INT3352,62.16
1.64,83.8,49.5,71.93,3.68,4.66,12,6.65,2.47,Good,INT3353,70.77
0.42,84.1,37.6,64.33,8.45,1.8,12,4.18,4.38,Average,INT3354,65.6
0.32,60.2,2.0,54.77,4.2,4.55,8,2.16,2.68,Fair,INT3355,54.82
1.89,42.0,41.0,71.29,10.0,7.59,12,1.14,5.0,Excellent,INT3356,98.69
0.16,13.5,7.6,50.57,2.35,0.24,10,4.8,1.94,Poor,INT3357,31.31
1.83,74.9,28.6,6.03,7.48,8.73,15,3.29,3.99,Good,INT3358,84.46
2.38,27.9,19.0,91.34,10.0,6.21,19,5.59,5.0,Good,INT3359,78.59
1.16,41.7,37.4,99.84,2.48,1.8,7,5.04,1.99,Average,INT3360,57.18
2.7,68.2,43.4,86.36,0.08,3.4,8,5.93,1.03,Fair,INT3361,50.73
0.22,50.4,11.5,21.53,0.0,3.02,10,2.66,1.0,Average,INT3362,67.07
1.19,12.8,24.9,26.7,1.05,2.7,7,4.69,1.42,Fair,INT3363,52.4
2.58,60.2,52.4,62.2,0.0,6.86,6,2.14,1.0,Good,INT3364,80.91
0.62,44.7,8.7,90.43,2.68,4.8,13,6.24,2.07,Fair,INT3365,53.44
1.19,7.0,62.9,41.24,5.7,5.14,7,3.92,3.28,Average,INT3366,64.49
1.51,5.9,23.6,23.22,5.65,2.74,9,3.44,3.26,Fair,INT3367,51.18
2.96,73.6,64.4,50.72,10.0,6.45,16,2.46,5.0,Good,INT3368,83.14
3.69,78.5,80.6,51.04,4.68,7.97,17,1.94,2.87,Good,INT3369,82.61
0.29,8.5,10.0,80.6,8.77,6.58,7,4.72,4.51,Average,INT3370,58.7
2.28,79.1,86.5,51.09,10.0,8.28,12,2.45,5.0,Good,INT3371,84.02
2.28,53.4,57.5,99.68,4.68,2.18,11,4.72,2.87,Average,INT3372,65.06
1.03,12.7,20.0,59.17,2.18,1.6,7,2.27,1.87,Fair,INT3373,53.03
2.18,44.6,56.5,49.07,8.2,8.01,5,5.39,4.28,Average,INT3374,68.07
1.73,33.4,18.4,57.75,2.08,3.75,7,6.19,1.83,Fair,INT3375,48.76
0.43,52.3,65.4,77.0,3.18,4.51,10,5.4,2.27,Average,INT3376,67.13
3.24,26.9,42.5,54.03,8.5,8.59,12,5.56,4.4,Good,INT3377,73.23
3.81,71.8,83.5,54.86,10.0,7.85,21,2.09,5.0,Excellent,INT3378,97.84
2.46,63.9,71.1,79.25,8.35,7.85,16,1.38,4.34,Excellent,INT3379,89.77
3.45,20.7,38.2,54.31,9.65,8.01,6,5.51,4.86,Average,INT3380,62.56
1.53,70.5,65.5,3.91,0.35,5.14,14,2.82,1.14,Average,INT3381,57.05
0.22,46.3,84.6,45.18,3.6,6.98,7,3.51,2.44,Fair,INT3382,53.47
3.84,81.7,90.2,5.13,9.33,9.25,5,1.12,4.73,Excellent,INT3383,93.05
2.0,59.2,74.0,95.83,1.82,5.28,18,2.53,1.73,Good,INT3384,81.8
3.65,91.0,54.7,0.0,0.0,9.13,13,1.56,1.0,Excellent,INT3385,86.4
0.85,9.2,41.5,53.89,2.57,0.3,6,6.0,2.03,Poor,INT3386,39.66
2.14,81.2,49.6,28.69,3.58,6.89,9,2.06,2.43,Good,INT3387,77.3
2.73,70.1,95.2,99.39,2.0,6.22,11,4.46,1.8,Average,INT3388,63.54
2.96,80.1,15.7,1.84,10.0,6.77,20,1.0,5.0,Good,INT3389,82.27
0.29,19.1,71.1,61.91,0.0,0.23,7,4.57,1.0,Fair,INT3390,47.01
0.95,57.7,56.0,88.48,4.68,0.92,10,2.87,2.87,Average,INT3391,61.66
0.49,6.1,3.8,0.14,7.3,0.89,1,6.11,3.92,Fair,INT3392,47.37
0.47,72.3,76.5,86.36,6.3,2.59,10,6.19,3.52,Fair,INT3393,50.69
2.71,76.6,45.8,66.83,8.4,8.12,21,2.71,4.36,Excellent,INT3394,90.1
0.64,40.4,15.1,89.21,4.55,1.76,7,6.0,2.82,Fair,INT3395,40.06
0.26,12.9,5.6,63.7,1.27,3.06,3,7.0,1.51,Poor,INT3396,39.75
0.21,41.9,28.8,70.08,4.98,4.04,11,5.48,2.99,Average,INT3397,62.16
1.07,36.0,25.7,70.66,4.68,2.24,16,6.54,2.87,Fair,INT3398,52.84
0.07,5.2,29.7,74.56,0.0,1.92,9,2.33,1.0,Fair,INT3399,51.95
0.21,5.9,74.2,58.37,4.68,0.79,5,4.66,2.87,Fair,INT3400,44.11
2.78,88.0,80.4,72.62,4.88,9.44,16,1.71,2.95,Excellent,INT3401,98.06
2.18,93.2,15.9,75.54,1.6,6.61,12,1.35,1.64,Good,INT3402,84.51
0.68,2.6,29.0,76.59,5.65,2.14,4,7.0,3.26,Fair,INT3403,46.1
2.87,66.1,58.0,91.0,6.7,8.17,13,3.29,3.68,Good,INT3404,75.46
0.34,34.6,56.2,75.87,2.18,0.96,10,5.23,1.87,Fair,INT3405,49.79
0.15,4.3,15.0,61.54,0.0,2.23,8,6.33,1.0,Fair,INT3406,48.73
1.33,76.1,28.5,56.29,8.5,8.1,10,5.67,4.4,Average,INT3407,60.99
3.49,57.8,54.6,89.87,10.0,6.04,19,3.92,5.0,Good,INT3408,77.03
1.97,28.9,66.8,65.97,2.0,7.25,7,2.73,1.8,Average,INT3409,64.31
3.82,87.6,83.0,0.65,10.0,9.6,14,1.0,5.0,Excellent,INT3410,100.0
0.81,45.9,44.5,57.35,3.22,0.96,6,3.67,2.29,Fair,INT3411,53.55
0.77,14.9,22.7,67.1,4.15,4.25,6,2.14,2.66,Average,INT3412,66.43
0.63,14.9,82.5,7.63,0.0,4.35,16,1.59,1.0,Average,INT3413,66.7
0.72,10.3,9.9,95.57,0.0,6.21,7,3.13,1.0,Average,INT3414,58.97
1.67,67.0,10.8,78.77,8.67,0.49,5,6.17,4.47,Good,INT3415,72.82
1.19,18.3,68.7,85.12,2.1,7.87,10,4.31,1.84,Average,INT3416,65.18
0.83,69.7,30.4,92.7,2.0,1.87,10,2.6,1.8,Average,INT3417,61.55
3.67,90.1,83.7,97.93,4.68,9.03,19,4.94,2.87,Excellent,INT3418,93.06
3.92,81.7,56.5,46.72,10.0,6.71,13,2.54,5.0,Excellent,INT3419,89.95
3.56,93.1,70.6,4.27,10.0,9.78,12,1.05,5.0,Excellent,INT3420,93.42
2.68,46.1,78.2,70.78,4.32,6.03,10,5.66,2.73,Good,INT3421,77.54
0.18,17.4,17.6,53.6,2.0,0.97,9,4.66,1.8,Fair,INT3422,42.99
3.64,47.5,45.5,71.14,4.68,9.01,9,5.59,2.87,Good,INT3423,76.32
3.57,92.8,87.6,6.27,6.4,8.75,10,1.68,3.56,Excellent,INT3424,93.6
3.76,69.5,95.1,90.24,6.2,8.2,8,6.02,3.48,Good,INT3425,74.53
3.76,86.2,75.6,94.62,2.97,5.98,7,4.47,2.19,Excellent,INT3426,86.04
0.94,14.8,61.2,52.57,2.97,1.37,10,4.64,2.19,Fair,INT3427,54.03
2.52,55.1,39.2,76.36,7.25,8.82,13,4.59,3.9,Good,INT3428,74.99
2.67,24.2,48.7,55.37,2.12,4.14,7,6.51,1.85,Fair,INT3429,41.96
2.15,93.1,45.9,60.04,7.28,4.48,12,4.08,3.91,Average,INT3430,56.0
0.07,13.4,7.3,60.47,2.0,2.04,3,4.32,1.8,Fair,INT3431,51.9
3.34,56.8,96.3,45.98,4.35,2.99,9,3.92,2.74,Good,INT3432,73.8
0.87,24.3,40.9,87.93,0.0,2.65,7,5.13,1.0,Average,INT3433,59.87
2.59,15.6,30.7,53.22,2.7,3.82,10,3.81,2.08,Average,INT3434,64.19
1.02,18.6,23.8,70.84,1.43,4.17,10,5.13,1.57,Average,INT3435,57.57
2.69,98.1,71.5,83.71,10.0,6.49,15,3.71,5.0,Excellent,INT3436,95.41
1.5,41.3,13.1,56.67,2.85,5.9,9,2.39,2.14,Average,INT3437,62.3
2.91,83.6,53.9,66.29,5.28,9.25,12,4.38,3.11,Good,INT3438,78.02
1.9,21.5,31.7,53.23,3.55,1.09,11,6.79,2.42,Average,INT3439,64.12
2.53,45.5,29.7,82.57,6.35,5.1,5,6.69,3.54,Fair,INT3440,53.56
3.82,85.2,94.1,98.54,7.78,8.85,12,3.35,4.11,Good,INT3441,76.19
3.21,55.3,50.0,0.0,10.0,8.59,10,4.31,5.0,Good,INT3442,81.67
3.56,90.7,66.1,98.73,10.0,4.3,13,1.94,5.0,Excellent,INT3443,95.89
2.97,65.4,21.7,92.28,5.05,5.89,11,7.0,3.02,Good,INT3444,70.99
3.07,45.0,11.1,92.76,6.28,2.76,10,6.78,3.51,Fair,INT3445,48.12
3.39,65.9,86.5,78.86,10.0,6.29,17,4.86,5.0,Good,INT3446,82.62
0.86,43.8,28.4,75.91,3.38,6.75,9,6.25,2.35,Fair,INT3447,50.67
2.57,47.9,71.4,70.31,7.75,4.9,17,5.15,4.1,Average,INT3448,63.03
3.08,63.3,87.3,90.9,5.82,7.93,9,3.92,3.33,Excellent,INT3449,85.44
2.05,81.3,41.5,59.1,1.38,4.77,12,1.18,1.55,Average,INT3450,68.51
3.42,22.1,81.4,52.81,7.35,5.21,11,3.32,3.94,Good,INT3451,77.44
2.33,31.3,53.4,97.39,5.45,8.13,12,5.0,3.18,Good,INT3452,76.41
3.57,52.7,41.9,50.19,7.5,8.66,8,5.17,4.0,Average,INT3453,67.88
2.35,69.2,68.8,73.09,0.0,4.12,15,3.15,1.0,Average,INT3454,68.73
0.6,71.5,45.8,86.44,6.2,4.47,11,6.54,3.48,Fair,INT3455,51.17
2.61,51.6,69.2,66.42,7.5,7.13,5,2.32,4.0,Excellent,INT3456,85.21
0.55,64.2,50.3,84.89,2.0,0.53,8,3.53,1.8,Fair,INT3457,47.37
1.11,21.2,25.1,90.89,0.0,0.91,9,4.95,1.0,Fair,INT3458,54.59
2.36,53.6,64.0,62.27,7.5,7.59,14,5.49,4.0,Good,INT3459,73.46
0.76,20.9,74.4,88.54,2.3,2.81,9,5.31,1.92,Fair,INT3460,54.69
3.87,97.8,87.7,90.22,4.75,9.89,14,2.56,2.9,Excellent,INT3461,95.27
1.79,22.5,39.4,66.83,1.33,4.7,12,2.33,1.53,Average,INT3462,62.07
1.76,5.5,5.1,52.1,5.6,2.56,14,4.52,3.24,Fair,INT3463,54.73
1.57,86.6,97.2,4.47,5.02,7.15,10,4.32,3.01,Average,INT3464,69.35
2.98,80.2,30.1,60.03,1.57,8.56,15,2.43,1.63,Good,INT3465,79.37
2.77,72.4,39.1,53.26,9.8,5.87,17,5.63,4.92,Fair,INT3466,54.69
2.46,93.0,54.5,61.64,4.68,3.74,13,3.45,2.87,Good,INT3467,71.1
1.31,46.4,83.7,2.74,7.92,4.77,6,4.57,4.17,Good,INT3468,70.69
1.47,65.1,27.3,94.22,6.35,7.4,10,5.61,3.54,Fair,INT3469,51.67
1.53,69.4,76.4,62.61,3.92,5.43,20,1.78,2.57,Good,INT3470,72.29
1.14,44.9,18.8,0.0,2.0,0.59,4,1.37,1.8,Average,INT3471,65.29
1.5,46.5,22.4,81.95,4.68,2.36,10,5.68,2.87,Average,INT3472,68.49
2.16,57.9,71.8,93.87,4.5,8.91,7,4.62,2.8,Average,INT3473,64.67
1.46,33.6,18.1,76.23,0.85,3.27,14,5.28,1.34,Fair,INT3474,51.47
1.16,9.5,19.1,68.68,4.68,4.01,9,6.42,2.87,Fair,INT3475,49.53
0.53,37.7,44.6,93.35,0.0,2.71,9,5.41,1.0,Fair,INT3476,47.9
0.06,4.9,26.4,65.51,0.0,0.19,7,6.96,1.0,Poor,INT3477,31.41
1.12,64.3,16.9,53.97,4.35,8.7,12,4.65,2.74,Average,INT3478,66.02
1.55,71.2,51.7,72.25,1.8,4.73,4,3.64,1.72,Average,INT3479,63.17
3.17,97.6,80.4,89.25,3.65,8.1,12,3.75,2.46,Excellent,INT3480,93.49
2.44,83.5,62.6,51.54,4.45,7.37,12,2.12,2.78,Good,INT3481,80.25
1.21,19.1,84.7,79.29,0.0,1.78,7,3.95,1.0,Fair,INT3482,42.29
3.2,80.9,66.9,54.51,3.68,8.54,20,2.39,2.47,Good,INT3483,75.46
0.43,59.0,2.4,65.05,2.0,3.54,11,6.64,1.8,Fair,INT3484,41.97
3.48,42.8,59.3,25.43,9.8,7.59,8,4.5,4.92,Good,INT3485,71.18
3.67,96.8,75.7,63.94,10.0,6.88,18,4.59,5.0,Good,INT3486,80.93
2.15,52.5,62.8,43.64,4.8,3.13,17,2.86,2.92,Good,INT3487,75.53
3.68,89.3,57.6,67.85,6.32,5.95,9,1.49,3.53,Good,INT3488,84.25
2.71,60.3,25.3,6.79,0.0,4.17,20,1.0,1.0,Good,INT3489,73.36
1.72,45.6,90.6,82.09,8.38,5.42,9,3.43,4.35,Average,INT3490,67.72
3.26,44.0,78.7,87.95,4.68,5.61,6,1.38,2.87,Excellent,INT3491,93.12
1.01,48.5,25.3,91.0,0.0,0.81,18,4.81,1.0,Average,INT3492,60.35
1.08,6.6,75.4,96.15,4.65,0.76,7,5.88,2.86,Fair,INT3493,49.38
1.12,7.9,13.4,71.55,3.95,3.49,10,6.01,2.58,Fair,INT3494,50.64
2.92,91.2,84.9,99.23,4.62,8.66,19,4.65,2.85,Good,INT3495,74.81
0.51,84.6,19.0,5.12,5.75,3.56,10,1.88,3.3,Average,INT3496,66.79
3.52,67.3,88.8,3.54,6.78,7.29,13,5.89,3.71,Good,INT3497,81.24
0.46,36.8,6.7,76.7,2.95,2.83,12,6.43,2.18,Poor,INT3498,36.22
3.03,76.7,70.5,69.06,0.0,6.37,11,2.41,1.0,Good,INT3499,75.56
2.45,48.3,89.8,48.31,9.1,7.71,8,5.58,4.64,Average,INT3500,63.68
1.7,79.4,52.9,89.2,1.75,4.64,11,2.7,1.7,Average,INT3501,69.87
3.52,69.2,17.7,96.51,8.57,5.36,18,5.37,4.43,Good,INT3502,72.57
0.97,33.4,26.0,56.82,3.65,4.7,8,7.0,2.46,Fair,INT3503,44.68
1.49,13.5,49.6,0.0,0.0,2.86,11,1.0,1.0,Average,INT3504,67.66
0.4,4.3,33.1,53.36,0.0,0.65,9,6.55,1.0,Poor,INT3505,37.98
3.81,92.5,94.4,66.83,8.8,9.03,6,5.15,4.52,Good,INT3506,75.67
0.99,53.0,78.4,72.45,7.52,7.35,12,7.0,4.01,Average,INT3507,62.66
3.09,77.5,74.9,45.13,5.48,8.26,14,3.92,3.19,Excellent,INT3508,85.3
0.48,75.2,19.1,78.07,2.82,1.41,8,5.9,2.13,Fair,INT3509,51.53
2.85,89.4,26.5,68.35,3.42,8.55,15,3.92,2.37,Good,INT3510,79.25
1.46,60.3,35.1,52.22,0.0,5.88,6,3.12,1.0,Average,INT3511,63.59
2.57,36.8,79.4,68.46,10.0,7.57,11,1.51,5.0,Excellent,INT3512,92.26
0.93,31.5,11.1,74.95,4.98,2.56,12,7.0,2.99,Average,INT3513,62.46
2.36,36.6,31.8,33.08,2.3,8.04,13,5.41,1.92,Average,INT3514,63.96
0.1,9.8,18.9,0.24,0.0,0.32,10,6.44,1.0,Poor,INT3515,30.08
0.21,14.8,19.1,41.4,3.0,1.17,12,6.87,2.2,Average,INT3516,57.78
3.44,52.1,82.6,79.3,4.18,9.6,13,1.15,2.67,Good,INT3517,83.87
1.18,21.0,48.8,62.0,7.5,5.19,4,3.92,4.0,Good,INT3518,82.53
2.82,56.6,60.0,79.37,0.08,7.42,15,1.57,1.03,Average,INT3519,69.18
3.68,20.3,49.7,43.01,4.7,9.1,18,2.26,2.88,Good,INT3520,76.94
1.87,42.5,11.2,2.23,4.68,5.57,12,2.0,2.87,Good,INT3521,73.62
2.58,54.3,64.1,60.7,0.0,1.97,13,3.4,1.0,Average,INT3522,59.56
1.62,25.8,25.6,67.8,0.0,5.74,21,2.89,1.0,Average,INT3523,65.14
3.58,38.8,57.3,25.12,10.0,8.83,18,1.27,5.0,Excellent,INT3524,89.38
1.57,47.8,31.5,66.83,5.07,5.8,7,1.67,3.03,Good,INT3525,74.48
2.58,83.8,94.4,51.97,6.12,8.49,8,2.21,3.45,Excellent,INT3526,93.43
2.19,60.4,64.1,79.41,10.0,6.33,9,6.95,5.0,Average,INT3527,68.49
1.73,6.4,29.2,71.29,2.32,0.46,11,5.66,1.93,Fair,INT3528,52.87
0.68,12.1,9.1,66.32,4.98,0.54,13,6.79,2.99,Fair,INT3529,50.95
0.84,24.5,31.9,82.05,2.82,2.61,10,3.71,2.13,Average,INT3530,56.8
3.73,89.2,91.5,50.1,10.0,8.99,13,2.77,5.0,Excellent,INT3531,88.19
2.25,74.5,76.7,98.4,6.05,1.46,14,6.26,3.42,Average,INT3532,60.67
2.59,69.4,71.0,32.76,5.93,7.05,13,2.68,3.37,Average,INT3533,67.29
3.74,68.6,29.8,95.85,5.02,6.89,10,2.51,3.01,Average,INT3534,69.32
1.66,37.3,59.6,22.18,4.1,4.73,14,1.96,2.64,Average,INT3535,65.85
2.26,41.1,33.1,61.9,0.0,0.61,4,1.94,1.0,Average,INT3536,69.12
2.68,43.8,10.2,66.83,5.75,5.32,14,2.59,3.3,Average,INT3537,61.08
2.66,77.3,27.8,75.08,5.5,9.53,17,2.74,3.2,Excellent,INT3538,88.47
2.11,75.0,58.2,21.55,7.85,7.13,7,4.9,4.14,Average,INT3539,68.1
2.85,37.6,50.4,81.98,7.05,5.03,20,1.06,3.82,Good,INT3540,73.91
3.11,64.9,64.3,93.48,8.7,6.55,20,2.09,4.48,Good,INT3541,81.84
2.81,50.4,80.6,60.73,10.0,7.46,18,6.3,5.0,Good,INT3542,72.76
0.28,18.2,12.7,68.14,2.0,3.12,5,2.06,1.8,Fair,INT3543,53.85
3.74,88.7,54.3,97.92,4.68,9.31,13,2.57,2.87,Excellent,INT3544,93.37
1.02,17.2,12.0,94.68,0.0,0.91,5,5.94,1.0,Fair,INT3545,51.5
2.76,90.7,50.8,0.96,8.77,7.11,10,1.44,4.51,Good,INT3546,84.58
3.69,99.0,84.6,78.67,3.32,8.18,16,1.71,2.33,Excellent,INT3547,85.42
2.86,64.5,54.3,58.5,7.52,8.23,15,3.88,4.01,Good,INT3548,77.55
2.8,82.4,22.6,60.69,10.0,3.33,16,3.3,5.0,Excellent,INT3549,92.55
1.01,56.3,2.8,72.49,0.0,2.35,6,4.61,1.0,Fair,INT3550,51.59
0.53,17.0,25.8,92.37,0.97,3.14,5,5.84,1.39,Fair,INT3551,53.39
3.41,23.4,19.6,65.1,4.88,6.26,7,2.12,2.95,Good,INT3552,73.91
3.58,94.9,24.4,68.59,7.5,7.62,10,4.68,4.0,Good,INT3553,78.07
0.16,19.5,23.0,58.24,0.0,0.14,15,3.77,1.0,Fair,INT3554,48.82
3.9,87.8,96.0,60.46,7.5,9.08,15,1.89,4.0,Excellent,INT3555,85.87
1.03,69.8,34.2,82.84,1.5,7.25,7,4.8,1.6,Average,INT3556,60.42
1.51,57.2,46.6,66.83,0.0,2.11,17,2.59,1.0,Average,INT3557,62.13
3.2,61.7,68.5,61.56,2.6,5.25,11,3.61,2.04,Good,INT3558,72.68
0.73,32.5,8.9,70.15,2.9,7.41,11,1.21,2.16,Average,INT3559,67.14
1.24,26.4,62.2,46.24,0.15,5.74,9,3.54,1.06,Average,INT3560,65.97
1.64,79.3,81.6,99.37,0.0,7.75,12,2.35,1.0,Average,INT3561,64.48
1.78,57.7,84.4,92.68,7.58,6.56,10,6.35,4.03,Average,INT3562,61.34
2.8,57.1,48.6,69.4,3.5,2.57,10,1.53,2.4,Good,INT3563,84.5
2.63,91.8,34.1,95.7,9.55,5.44,18,3.7,4.82,Good,INT3564,79.02
2.32,55.8,86.4,67.13,3.55,7.35,11,3.82,2.42,Average,INT3565,63.28
3.17,79.2,70.4,83.4,6.3,5.66,11,5.54,3.52,Average,INT3566,60.43
2.41,58.8,74.7,98.33,0.0,6.23,9,4.93,1.0,Average,INT3567,64.42
0.68,61.4,11.6,66.83,2.05,1.68,8,4.89,1.82,Fair,INT3568,54.56
3.31,88.7,81.3,83.99,7.02,7.04,8,5.87,3.81,Good,INT3569,83.85
3.59,62.6,32.3,64.8,8.0,5.56,6,3.92,4.2,Average,INT3570,68.45
1.91,40.0,44.8,66.83,0.0,2.06,6,3.23,1.0,Average,INT3571,58.88
0.58,23.0,18.9,78.71,0.0,1.28,8,3.92,1.0,Fair,INT3572,43.77
1.76,65.0,97.8,70.01,10.0,7.82,17,6.44,5.0,Excellent,INT3573,85.48
0.26,6.8,37.3,72.66,7.28,2.14,5,6.45,3.91,Fair,INT3574,49.4
1.17,47.3,6.0,66.83,4.88,5.37,18,6.14,2.95,Average,INT3575,66.08
2.31,46.1,58.4,95.72,5.3,5.23,10,2.86,3.12,Excellent,INT3576,87.93
1.66,40.2,63.0,62.69,2.65,8.6,12,2.12,2.06,Average,INT3577,67.37
2.35,48.6,38.0,70.09,2.32,7.8,10,3.94,1.93,Average,INT3578,66.91
2.5,72.8,40.8,82.17,4.68,6.06,15,5.21,2.87,Good,INT3579,77.73
1.05,45.4,63.5,75.9,10.0,5.01,5,4.18,5.0,Good,INT3580,75.02
1.34,64.8,11.2,54.8,3.53,5.21,10,3.67,2.41,Fair,INT3581,45.81
3.02,63.6,63.2,99.68,0.83,3.22,12,6.38,1.33,Fair,INT3582,50.66
1.01,88.4,22.8,63.62,0.0,3.04,5,2.85,1.0,Average,INT3583,66.02
1.79,30.3,28.0,3.13,7.18,7.12,7,6.03,3.87,Average,INT3584,62.28
0.56,66.6,72.4,80.91,6.95,6.45,16,3.56,3.78,Average,INT3585,64.03
0.67,34.6,57.7,54.38,2.22,6.94,12,3.08,1.89,Fair,INT3586,48.54
2.12,50.8,63.9,74.77,8.95,7.13,11,3.3,4.58,Good,INT3587,84.58
2.38,82.7,36.4,0.15,0.0,3.02,13,5.92,1.0,Average,INT3588,57.44
0.84,20.8,39.8,94.83,2.1,1.29,10,1.86,1.84,Average,INT3589,65.25
0.69,4.8,17.5,66.87,4.38,3.5,8,2.55,2.75,Average,INT3590,60.49
0.47,7.1,3.4,6.61,0.0,3.47,8,7.0,1.0,Poor,INT3591,39.9
3.26,33.3,85.9,84.87,8.22,9.28,10,2.1,4.29,Good,INT3592,77.53
2.98,65.9,95.8,67.0,6.7,9.36,11,4.82,3.68,Good,INT3593,78.6
3.62,39.1,73.8,53.24,10.0,7.69,16,4.83,5.0,Good,INT3594,70.7
1.15,36.1,43.4,75.27,6.57,8.33,3,4.4,3.63,Average,INT3595,61.49
2.95,23.1,36.2,80.08,1.6,3.31,16,5.22,1.64,Average,INT3596,61.74
1.66,77.2,72.8,66.83,5.05,5.63,12,2.7,3.02,Good,INT3597,71.37
0.73,2.7,26.4,54.78,4.42,0.65,12,4.29,2.77,Fair,INT3598,45.95
0.96,10.1,26.6,60.36,0.0,3.77,12,2.94,1.0,Fair,INT3599,50.08
3.86,79.3,93.3,38.89,8.9,7.53,22,5.38,4.56,Good,INT3600,82.49
2.09,82.2,91.5,77.05,5.88,8.47,7,2.07,3.35,Good,INT3601,71.15
3.16,65.8,27.8,64.69,2.0,4.63,19,4.21,1.8,Fair,INT3602,54.04
2.29,73.2,17.0,2.32,6.72,5.59,13,1.95,3.69,Good,INT3603,75.56
3.64,71.9,79.1,93.47,4.42,7.67,8,2.86,2.77,Good,INT3604,76.48
0.74,14.9,10.3,66.83,0.0,2.16,10,2.29,1.0,Fair,INT3605,47.89
1.87,61.1,23.7,74.77,0.97,5.92,11,1.68,1.39,Average,INT3606,62.28
1.45,43.7,54.7,97.64,7.78,4.1,8,5.59,4.11,Average,INT3607,60.84
3.82,94.3,66.1,5.67,1.82,8.66,14,2.96,1.73,Excellent,INT3608,86.63
2.14,30.4,26.0,85.86,4.28,4.35,15,6.39,2.71,Fair,INT3609,44.38
0.92,26.5,5.1,71.56,0.0,4.46,4,6.83,1.0,Fair,INT3610,49.06
1.83,47.5,50.3,51.0,7.58,3.82,9,4.7,4.03,Average,INT3611,61.92
1.38,86.3,93.0,82.31,6.38,9.65,13,2.11,3.55,Excellent,INT3612,95.35
0.51,83.4,72.2,56.86,5.25,5.8,10,2.92,3.1,Average,INT3613,65.77
0.2,6.8,27.1,1.51,3.32,0.57,11,5.39,2.33,Poor,INT3614,35.26
0.75,31.2,38.5,48.91,0.0,5.47,13,3.29,1.0,Good,INT3615,75.4
3.85,86.2,96.3,95.77,6.98,9.65,22,1.76,3.79,Excellent,INT3616,95.78
0.44,39.0,43.1,60.25,0.6,4.39,10,3.99,1.24,Fair,INT3617,46.1
0.45,2.7,14.1,66.83,1.75,2.19,9,5.94,1.7,Fair,INT3618,50.75
0.36,13.4,24.2,9.84,2.0,0.06,9,6.15,1.8,Poor,INT3619,38.86
2.42,57.1,60.8,90.54,4.68,1.73,13,2.49,2.87,Average,INT3620,60.77
1.35,34.4,17.2,91.23,2.32,6.36,12,4.99,1.93,Average,INT3621,63.49
2.18,49.5,20.6,87.96,4.98,2.33,13,1.9,2.99,Average,INT3622,69.45
2.74,93.4,58.2,43.03,5.95,7.42,6,2.07,3.38,Good,INT3623,82.76
2.43,49.8,16.1,53.6,8.02,6.33,10,5.97,4.21,Fair,INT3624,54.68
2.82,10.5,21.9,67.47,4.05,4.97,12,2.24,2.62,Average,INT3625,69.82
3.43,56.1,73.6,83.99,1.57,4.73,11,2.57,1.63,Good,INT3626,77.58
1.46,65.3,86.8,3.88,0.0,5.36,13,1.08,1.0,Good,INT3627,80.85
0.25,4.4,27.5,98.25,2.4,1.7,5,5.84,1.96,Fair,INT3628,40.41
3.19,79.6,81.5,39.79,8.43,9.25,13,6.15,4.37,Good,INT3629,77.56
3.34,72.0,78.8,57.8,7.5,3.01,13,4.88,4.0,Good,INT3630,81.85
0.45,47.2,75.9,76.96,0.0,2.32,7,5.6,1.0,Fair,INT3631,42.91
2.67,20.0,29.8,57.53,2.0,1.46,9,3.92,1.8,Fair,INT3632,54.3
0.98,22.5,34.0,73.06,0.0,2.81,14,3.88,1.0,Average,INT3633,57.11
2.13,74.9,53.5,77.24,4.1,6.72,22,3.54,2.64,Good,INT3634,82.05
3.07,85.9,47.6,97.54,4.12,9.79,11,1.35,2.65,Excellent,INT3635,91.36
3.53,59.9,82.3,68.33,7.5,4.3,10,3.66,4.0,Good,INT3636,81.48
2.74,9.5,45.3,99.0,2.52,7.7,9,6.54,2.01,Good,INT3637,72.27
3.78,86.0,91.1,3.76,6.5,9.4,8,1.25,3.6,Good,INT3638,83.98
1.37,52.7,49.1,62.12,3.63,5.16,7,2.48,2.45,Average,INT3639,69.95
1.69,75.8,83.5,22.4,6.38,5.98,10,2.45,3.55,Good,INT3640,82.26
0.72,47.6,13.8,57.08,4.62,3.06,8,1.96,2.85,Average,INT3641,67.18
1.97,51.5,75.4,72.65,0.0,2.84,16,6.64,1.0,Fair,INT3642,52.46
1.53,50.4,67.2,9.7,3.95,2.45,6,3.77,2.58,Average,INT3643,64.0
1.52,78.7,11.7,48.87,0.57,3.88,6,3.99,1.23,Good,INT3644,72.0
2.01,81.2,42.8,99.42,5.95,3.04,10,5.54,3.38,Good,INT3645,74.61
1.75,66.7,81.8,83.51,3.63,4.8,9,2.41,2.45,Excellent,INT3646,85.38
3.38,97.9,96.5,87.99,2.2,8.16,16,3.75,1.88,Good,INT3647,82.58
2.94,35.1,69.0,55.95,8.43,5.43,13,4.06,4.37,Good,INT3648,70.98
1.41,37.6,54.4,73.66,0.2,7.55,9,4.14,1.08,Average,INT3649,67.76
1.36,29.0,13.5,64.31,1.82,2.53,7,7.0,1.73,Fair,INT3650,53.99
3.36,49.9,72.3,94.7,4.0,4.02,15,5.57,2.6,Average,INT3651,62.6
0.95,3.3,21.5,59.06,6.42,3.8,6,3.71,3.57,Fair,INT3652,51.98
0.37,9.2,13.0,72.94,0.0,2.99,14,6.26,1.0,Poor,INT3653,36.43
3.65,84.7,72.8,79.4,5.1,7.08,7,2.32,3.04,Good,INT3654,83.14
2.82,82.3,91.7,6.4,9.9,6.49,14,1.0,4.96,Excellent,INT3655,87.32
3.7,82.0,98.3,91.51,10.0,8.64,14,2.55,5.0,Excellent,INT3656,100.0
0.69,37.0,64.9,61.57,0.0,3.2,8,2.75,1.0,Average,INT3657,60.86
1.08,67.9,64.0,6.56,5.95,8.55,13,3.59,3.38,Average,INT3658,62.78
0.7,36.1,10.5,53.27,4.02,3.56,5,4.41,2.61,Average,INT3659,55.2
0.2,9.2,32.2,76.4,0.2,1.62,4,6.44,1.08,Fair,INT3660,42.86
2.51,79.6,90.6,70.11,2.72,9.16,11,4.3,2.09,Good,INT3661,75.07
2.04,12.2,57.8,51.47,2.0,2.86,9,3.73,1.8,Fair,INT3662,51.42
3.84,70.2,81.0,62.62,1.1,9.41,15,1.0,1.44,Excellent,INT3663,91.7
3.72,98.2,82.0,4.95,6.38,9.71,11,1.36,3.55,Excellent,INT3664,100.0
2.66,22.6,54.8,81.01,0.0,7.2,7,4.79,1.0,Average,INT3665,65.93
2.91,47.7,85.6,92.83,10.0,7.08,15,3.92,5.0,Excellent,INT3666,88.4
0.86,10.8,37.3,75.84,8.45,3.22,7,6.23,4.38,Fair,INT3667,54.65
0.26,15.8,29.4,7.07,0.0,3.01,18,2.02,1.0,Average,INT3668,63.31
3.62,70.1,47.2,8.49,4.68,8.27,13,1.43,2.87,Excellent,INT3669,91.81
2.72,90.5,98.6,82.67,6.12,6.8,15,4.17,3.45,Excellent,INT3670,90.18
2.77,39.9,20.9,74.66,1.15,3.42,12,2.46,1.46,Average,INT3671,58.16
2.68,46.9,28.9,8.75,2.25,8.66,11,1.22,1.9,Average,INT3672,66.84
0.58,11.4,36.7,84.73,2.0,4.54,7,5.71,1.8,Fair,INT3673,51.25
1.67,21.6,32.6,99.4,0.37,5.97,10,2.14,1.15,Good,INT3674,73.97
3.63,23.0,80.7,75.52,4.73,2.92,19,4.28,2.89,Good,INT3675,83.24
3.85,92.1,93.8,66.83,7.58,7.84,18,2.77,4.03,Good,INT3676,78.91
1.36,65.1,18.3,64.34,1.23,5.38,11,2.33,1.49,Good,INT3677,73.01
2.96,81.6,63.3,73.84,8.38,8.16,9,3.31,4.35,Excellent,INT3678,86.4
1.04,35.7,13.1,93.64,8.52,0.95,6,5.72,4.41,Average,INT3679,57.39
0.92,47.7,49.8,19.96,2.65,4.48,14,3.51,2.06,Fair,INT3680,52.54
3.53,72.3,77.6,98.9,6.9,8.74,11,5.27,3.76,Excellent,INT3681,85.64
3.82,97.2,82.3,66.83,6.0,8.68,5,1.6,3.4,Excellent,INT3682,96.39
0.91,32.1,61.9,79.89,3.42,7.45,7,6.13,2.37,Good,INT3683,70.96
2.73,49.3,27.9,66.83,4.62,9.13,14,2.56,2.85,Good,INT3684,76.1
1.58,33.0,26.3,61.15,2.9,7.84,14,5.43,2.16,Good,INT3685,72.15
1.15,44.8,10.0,63.82,3.8,2.51,8,4.7,2.52,Fair,INT3686,52.82
0.49,3.2,16.4,52.51,7.72,0.43,13,6.72,4.09,Fair,INT3687,46.86
3.75,94.9,81.5,73.76,10.0,8.46,14,3.66,5.0,Excellent,INT3688,86.91
3.67,87.4,53.9,52.87,2.4,9.76,13,1.19,1.96,Average,INT3689,68.79
3.65,98.9,95.0,1.71,7.45,9.83,8,1.25,3.98,Excellent,INT3690,99.24
1.67,42.6,71.7,20.24,8.9,4.34,16,6.05,4.56,Average,INT3691,58.44
0.55,13.6,9.1,59.97,0.0,5.65,14,4.27,1.0,Fair,INT3692,48.74
0.43,52.5,29.7,77.24,7.12,6.48,14,5.32,3.85,Good,INT3693,74.07
1.32,61.7,51.7,66.83,1.17,0.79,9,2.19,1.47,Average,INT3694,69.46
3.83,65.3,76.9,84.76,8.32,9.17,15,2.86,4.33,Good,INT3695,78.49
0.42,7.3,11.9,1.36,2.85,3.96,4,1.28,2.14,Average,INT3696,65.57
2.27,17.3,43.8,88.85,10.0,3.53,12,7.0,5.0,Good,INT3697,77.09
1.08,35.5,21.5,86.87,6.92,3.17,12,5.46,3.77,Average,INT3698,56.06
0.76,49.5,16.9,94.59,0.0,2.41,3,6.33,1.0,Fair,INT3699,52.19
0.24,4.7,15.8,60.23,0.0,0.76,13,2.39,1.0,Fair,INT3700,51.25
2.31,76.4,95.4,92.94,10.0,7.9,12,4.21,5.0,Excellent,INT3701,90.13
0.44,24.7,28.6,65.05,2.12,2.51,7,4.97,1.85,Average,INT3702,62.98
3.65,95.1,27.9,97.05,4.93,8.63,17,3.24,2.97,Excellent,INT3703,89.24
0.45,76.5,29.5,38.08,7.0,2.01,13,6.51,3.8,Average,INT3704,57.38
1.03,46.6,80.5,70.8,4.25,0.95,12,6.42,2.7,Average,INT3705,55.37
2.29,36.4,18.3,98.19,0.6,1.3,3,6.08,1.24,Fair,INT3706,47.48
0.59,46.8,20.1,4.26,3.1,1.25,11,5.15,2.24,Fair,INT3707,54.02
3.05,37.8,59.1,98.72,0.0,3.75,18,2.51,1.0,Good,INT3708,75.16
3.7,89.2,87.1,54.29,7.28,9.3,8,2.99,3.91,Excellent,INT3709,90.26
2.58,21.4,35.5,60.93,2.97,6.27,17,6.93,2.19,Average,INT3710,65.62
2.06,72.6,34.6,6.3,8.12,5.44,8,1.35,4.25,Good,INT3711,81.61
1.02,68.0,25.2,99.68,2.0,1.6,16,3.92,1.8,Average,INT3712,56.87
2.3,52.8,48.9,74.43,5.35,4.82,9,5.0,3.14,Average,INT3713,69.38
2.3,45.1,35.9,54.13,0.0,0.68,11,4.47,1.0,Fair,INT3714,47.48
0.21,33.0,8.0,84.72,2.0,0.95,11,6.45,1.8,Fair,INT3715,43.28
1.25,11.2,35.2,64.1,0.0,4.39,12,3.15,1.0,Average,INT3716,69.56
3.44,29.3,77.2,89.17,7.58,8.32,16,3.39,4.03,Good,INT3717,81.67
3.54,92.4,58.7,61.21,9.88,8.43,7,1.74,4.95,Good,INT3718,84.78
1.94,64.4,34.3,65.15,5.15,2.0,4,3.23,3.06,Average,INT3719,55.13
0.58,34.2,42.4,54.88,4.85,3.01,4,2.83,2.94,Fair,INT3720,51.84
1.68,62.9,23.5,44.92,4.68,8.05,11,2.61,2.87,Average,INT3721,69.54
2.33,73.6,61.2,59.04,4.68,1.23,15,5.62,2.87,Average,INT3722,64.5
1.67,38.7,8.3,62.87,4.68,2.67,3,6.55,2.87,Fair,INT3723,40.47
2.7,63.6,40.1,94.41,0.0,4.22,15,2.09,1.0,Good,INT3724,73.98
2.9,86.5,52.0,66.34,4.47,9.09,16,3.56,2.79,Good,INT3725,82.24
2.6,74.1,94.0,78.33,7.05,9.02,9,6.75,3.82,Good,INT3726,78.5
3.9,88.7,43.8,49.42,10.0,9.31,13,1.02,5.0,Excellent,INT3727,93.71
3.36,82.9,67.5,53.7,10.0,6.28,16,1.28,5.0,Good,INT3728,83.91
2.85,28.6,48.0,68.14,0.0,5.52,7,1.77,1.0,Average,INT3729,64.84
0.84,12.2,54.3,70.4,2.0,2.98,6,4.19,1.8,Fair,INT3730,47.22
2.08,90.3,89.5,94.79,5.4,0.85,11,1.69,3.16,Good,INT3731,73.37
0.18,8.2,13.7,66.22,5.18,2.0,12,7.0,3.07,Poor,INT3732,39.28
2.91,95.3,95.2,68.96,7.08,9.63,18,3.42,3.83,Excellent,INT3733,86.4
3.65,84.2,70.7,89.14,5.4,4.21,9,4.35,3.16,Excellent,INT3734,87.25
3.34,79.4,76.0,58.89,6.75,8.81,12,2.45,3.7,Excellent,INT3735,88.54
1.48,50.4,42.8,89.91,1.35,3.65,13,3.65,1.54,Average,INT3736,61.26
1.81,76.4,27.2,97.69,8.6,9.03,18,4.88,4.44,Good,INT3737,84.32
2.38,55.5,71.7,9.62,10.0,6.64,9,5.72,5.0,Good,INT3738,72.67
0.78,16.6,19.1,70.38,0.0,1.22,4,5.54,1.0,Fair,INT3739,40.23
3.77,64.4,51.9,0.0,6.2,8.14,12,3.98,3.48,Excellent,INT3740,88.66
0.15,32.6,15.2,46.21,6.72,0.05,8,6.85,3.69,Fair,INT3741,42.4
0.66,16.9,2.4,63.89,2.8,0.85,9,5.47,2.12,Fair,INT3742,42.86
0.82,11.1,24.2,65.15,1.57,2.15,2,5.98,1.63,Average,INT3743,59.79
3.25,85.4,94.0,61.19,4.05,2.83,13,1.0,2.62,Good,INT3744,84.65
3.81,57.6,70.4,3.01,2.95,8.71,12,1.31,2.18,Average,INT3745,65.26
1.1,43.7,17.7,59.22,0.7,3.95,13,2.3,1.28,Average,INT3746,62.84
2.88,40.6,15.3,53.16,7.43,4.81,17,3.92,3.97,Good,INT3747,78.09
3.45,63.0,83.9,94.42,8.77,8.89,13,3.04,4.51,Good,INT3748,81.58
2.73,46.9,84.1,96.55,9.3,5.75,4,3.15,4.72,Good,INT3749,84.16
2.13,80.8,27.6,79.34,4.12,2.77,6,6.59,2.65,Fair,INT3750,42.77
0.8,19.6,13.5,58.19,0.0,3.46,13,6.76,1.0,Fair,INT3751,47.17
0.3,6.7,1.6,59.18,0.28,1.04,8,6.49,1.11,Poor,INT3752,39.13
2.99,32.1,50.2,95.08,0.0,1.2,12,2.73,1.0,Average,INT3753,66.96
2.67,52.2,24.9,75.32,6.35,4.18,11,4.71,3.54,Average,INT3754,56.24
1.94,15.8,16.4,53.36,0.0,2.75,12,2.81,1.0,Fair,INT3755,53.83
0.14,27.7,87.0,57.07,7.75,7.38,6,1.92,4.1,Good,INT3756,73.65
2.58,53.8,14.0,41.69,5.28,4.6,5,1.67,3.11,Good,INT3757,72.09
2.15,48.1,13.4,52.18,5.7,2.66,12,3.22,3.28,Good,INT3758,76.9
1.16,23.0,38.8,65.46,2.0,1.46,10,3.57,1.8,Fair,INT3759,52.8
0.72,5.9,10.8,66.83,4.15,3.92,10,5.5,2.66,Fair,INT3760,52.83
1.04,17.5,16.6,61.8,0.0,2.95,9,1.33,1.0,Fair,INT3761,53.56
2.0,26.3,44.9,63.28,4.32,6.97,5,5.61,2.73,Fair,INT3762,53.57
1.1,21.8,42.1,99.72,2.55,7.05,6,3.75,2.02,Average,INT3763,55.4
3.86,89.1,63.9,61.78,10.0,7.46,12,3.1,5.0,Excellent,INT3764,90.99
2.83,91.6,37.7,61.96,5.4,3.42,10,3.77,3.16,Good,INT3765,70.82
3.34,91.4,72.8,84.34,2.4,7.12,13,2.39,1.96,Good,INT3766,74.64
1.8,79.6,41.6,71.76,0.0,5.08,5,4.84,1.0,Fair,INT3767,51.95
3.19,43.3,69.0,69.35,5.42,2.49,13,3.62,3.17,Average,INT3768,68.95
3.87,98.1,80.2,0.0,10.0,9.38,16,1.8,5.0,Excellent,INT3769,95.13
1.9,55.6,59.4,67.01,2.0,5.99,10,1.61,1.8,Average,INT3770,62.1
2.46,64.6,66.8,66.83,9.68,1.81,6,3.8,4.87,Average,INT3771,65.32
1.29,41.0,33.5,66.48,5.65,1.29,8,6.57,3.26,Average,INT3772,65.54
3.8,68.6,71.1,44.48,5.18,8.28,12,2.93,3.07,Good,INT3773,81.71
3.16,73.6,50.4,68.36,7.52,9.15,6,5.61,4.01,Average,INT3774,68.27
2.69,83.9,59.2,83.64,10.0,7.05,6,5.08,5.0,Good,INT3775,77.25
3.13,7.5,15.5,61.85,4.68,3.99,12,6.74,2.87,Average,INT3776,63.67
0.18,23.0,21.4,66.83,1.55,1.56,6,6.22,1.62,Average,INT3777,58.26
2.78,75.0,66.8,67.37,0.7,6.13,10,4.53,1.28,Average,INT3778,67.74
1.53,60.2,29.8,40.04,5.4,3.8,15,4.86,3.16,Good,INT3779,70.4
2.48,34.8,25.5,77.89,10.0,2.05,13,6.28,5.0,Average,INT3780,65.47
3.73,80.5,85.1,55.87,7.5,9.9,12,3.02,4.0,Excellent,INT3781,97.91
0.13,10.2,44.3,61.94,0.0,0.89,6,3.24,1.0,Fair,INT3782,45.03
2.22,58.0,76.4,0.19,3.05,2.41,9,1.32,2.22,Good,INT3783,81.34
1.19,40.1,64.6,86.09,0.3,6.1,13,5.71,1.12,Fair,INT3784,54.56
0.89,17.2,55.2,61.7,0.0,5.59,17,6.17,1.0,Fair,INT3785,40.42
1.79,72.9,37.0,98.75,0.0,6.79,8,1.72,1.0,Good,INT3786,78.16
2.09,73.9,89.5,83.24,9.1,6.27,16,4.44,4.64,Good,INT3787,80.87
0.9,25.1,26.3,72.62,4.68,0.95,8,3.3,2.87,Fair,INT3788,47.17
3.75,98.5,86.7,66.83,9.42,7.77,12,1.59,4.77,Excellent,INT3789,86.74
0.6,43.0,11.7,76.66,1.92,2.8,13,7.0,1.77,Average,INT3790,60.08
0.3,57.0,21.9,58.24,6.5,2.16,16,1.88,3.6,Average,INT3791,57.46
3.11,76.1,24.1,71.47,4.53,5.81,9,1.36,2.81,Average,INT3792,69.47
2.01,31.5,34.2,70.44,3.8,6.88,12,5.06,2.52,Average,INT3793,64.2
3.29,43.4,52.0,86.0,9.62,8.47,10,5.65,4.85,Good,INT3794,74.37
2.99,68.6,51.2,8.89,10.0,8.59,12,1.24,5.0,Excellent,INT3795,87.23
3.69,15.7,34.4,91.09,8.02,5.48,8,4.98,4.21,Good,INT3796,83.96
2.96,60.0,71.0,66.31,10.0,3.13,8,3.73,5.0,Good,INT3797,82.42
3.78,66.5,72.8,72.2,7.82,6.1,10,2.08,4.13,Good,INT3798,81.45
3.98,87.8,97.9,66.83,4.07,9.31,8,2.47,2.63,Excellent,INT3799,94.65
1.19,63.9,91.9,55.19,10.0,6.76,13,4.59,5.0,Good,INT3800,78.24
1.05,40.4,72.1,65.4,7.5,7.7,9,2.38,4.0,Good,INT3801,83.34
0.24,24.6,24.5,1.15,4.12,2.85,7,6.34,2.65,Poor,INT3802,35.5
2.52,43.5,58.8,65.29,7.15,4.64,16,5.59,3.86,Good,INT3803,70.63
1.18,15.5,24.5,79.74,2.22,5.2,17,6.92,1.89,Fair,INT3804,54.49
3.6,87.7,72.5,32.32,5.48,8.74,8,2.27,3.19,Good,INT3805,81.89
0.12,5.7,12.7,86.28,3.28,0.56,10,7.0,2.31,Fair,INT3806,43.45
0.97,30.3,98.3,78.99,3.45,5.72,8,3.64,2.38,Average,INT3807,66.95
0.93,24.9,67.0,57.29,0.23,1.96,18,2.61,1.09,Average,INT3808,56.87
2.04,54.8,61.1,37.83,6.92,3.17,9,1.54,3.77,Good,INT3809,71.58
2.46,74.7,57.4,61.07,4.68,5.43,18,1.01,2.87,Average,INT3810,60.78
2.27,75.2,75.0,69.52,7.55,2.7,8,5.47,4.02,Good,INT3811,75.52
0.67,22.3,23.3,75.8,2.1,3.31,12,3.61,1.84,Fair,INT3812,51.69
2.29,65.7,65.7,75.34,2.62,2.09,11,2.2,2.05,Average,INT3813,68.71
1.1,33.3,30.5,87.73,0.0,6.89,9,4.19,1.0,Average,INT3814,58.69
3.64,83.1,48.9,59.46,7.9,6.88,14,3.01,4.16,Good,INT3815,77.13
0.66,36.0,46.9,97.32,0.0,6.74,7,4.58,1.0,Average,INT3816,62.36
0.5,43.6,47.9,67.14,0.1,2.58,12,3.08,1.04,Average,INT3817,55.43
1.46,23.2,30.2,39.37,8.88,2.67,9,5.54,4.55,Fair,INT3818,54.96
2.96,37.2,71.0,60.82,10.0,8.15,8,6.12,5.0,Average,INT3819,65.33
0.65,52.9,58.5,90.28,0.0,3.78,7,3.64,1.0,Average,INT3820,58.09
2.98,79.9,45.8,68.92,5.75,4.52,11,3.59,3.3,Average,INT3821,58.65
3.64,36.5,49.8,87.34,4.47,5.34,13,3.92,2.79,Average,INT3822,66.65
2.61,78.0,54.9,65.66,7.22,6.66,9,6.07,3.89,Good,INT3823,84.74
3.38,46.9,50.3,88.34,7.98,9.36,8,3.44,4.19,Good,INT3824,74.34
0.39,69.4,83.6,51.71,8.0,1.5,3,1.86,4.2,Average,INT3825,69.36
3.0,58.9,47.1,91.37,0.0,2.52,13,1.29,1.0,Good,INT3826,71.48
2.11,98.4,75.4,88.72,4.4,8.79,15,3.55,2.76,Good,INT3827,73.52
1.91,23.4,24.0,83.46,0.0,5.55,9,3.46,1.0,Fair,INT3828,52.67
0.34,54.1,15.6,49.08,2.0,0.91,7,6.52,1.8,Fair,INT3829,45.18
2.06,85.1,29.5,98.97,4.18,1.62,9,1.89,2.67,Good,INT3830,77.99
0.66,43.1,35.0,71.56,1.48,6.13,2,3.65,1.59,Average,INT3831,62.83
0.94,29.6,20.1,0.0,5.38,1.25,12,6.12,3.15,Poor,INT3832,37.84
3.16,45.1,75.7,34.53,4.38,3.14,8,5.82,2.75,Average,INT3833,64.72
2.46,62.9,58.6,5.72,4.93,6.48,13,2.83,2.97,Good,INT3834,81.51
3.59,79.7,54.1,28.09,7.95,3.02,12,3.26,4.18,Average,INT3835,60.55
2.33,43.7,58.9,79.34,10.0,8.24,17,2.52,5.0,Good,INT3836,75.05
3.27,49.4,63.0,65.48,10.0,5.4,6,6.59,5.0,Average,INT3837,65.51
2.14,76.4,95.0,46.81,10.0,6.4,9,1.67,5.0,Excellent,INT3838,90.98
1.0,7.6,13.8,60.0,4.12,1.74,7,6.69,2.65,Average,INT3839,58.6
1.87,76.5,64.4,66.83,6.88,8.34,5,5.37,3.75,Good,INT3840,73.94
1.72,38.8,4.3,95.01,3.28,1.42,15,3.92,2.31,Average,INT3841,55.26
2.35,38.6,81.7,2.27,0.13,6.86,10,3.92,1.05,Good,INT3842,71.04
0.57,75.0,48.6,92.01,4.8,5.15,12,4.15,2.92,Average,INT3843,66.64
1.65,30.3,27.5,91.43,5.6,2.68,14,3.28,3.24,Average,INT3844,65.13
1.23,52.7,21.0,66.1,1.78,6.97,7,1.76,1.71,Average,INT3845,68.46
0.41,5.3,17.1,64.94,2.0,1.58,5,5.2,1.8,Fair,INT3846,43.84
1.75,30.9,6.7,65.25,10.0,7.21,12,7.0,5.0,Average,INT3847,55.01
2.93,77.5,79.4,90.57,4.68,3.22,12,4.78,2.87,Average,INT3848,64.58
2.05,60.2,49.3,91.58,7.3,0.65,7,4.93,3.92,Average,INT3849,68.71
2.25,32.1,36.8,44.48,5.48,5.69,10,1.41,3.19,Average,INT3850,68.47
0.82,39.8,26.6,79.63,3.4,2.88,11,3.1,2.36,Average,INT3851,58.72
2.93,87.1,36.4,2.45,9.82,2.92,14,2.16,4.93,Good,INT3852,81.73
2.63,42.7,43.0,73.44,4.85,5.97,6,4.4,2.94,Good,INT3853,82.38
0.59,70.9,35.4,40.28,2.0,1.4,14,6.33,1.8,Fair,INT3854,49.71
0.94,11.6,17.1,57.94,0.0,0.65,6,5.36,1.0,Fair,INT3855,45.98
3.1,78.4,80.3,97.38,10.0,7.24,11,1.93,5.0,Excellent,INT3856,97.89
1.39,39.9,24.1,62.23,4.68,3.98,7,3.33,2.87,Average,INT3857,61.64
2.18,72.4,85.9,98.61,10.0,8.07,8,3.92,5.0,Excellent,INT3858,86.8
2.11,72.7,52.3,58.98,4.68,4.45,11,3.41,2.87,Average,INT3859,64.77
1.94,41.3,19.8,60.68,3.58,3.89,4,6.32,2.43,Fair,INT3860,51.22
0.37,7.3,4.1,11.13,5.1,0.17,6,5.96,3.04,Fair,INT3861,41.54
2.37,77.3,71.5,86.24,2.48,4.5,15,4.3,1.99,Average,INT3862,60.15
1.04,13.2,15.8,46.8,5.05,3.48,9,2.91,3.02,Average,INT3863,63.65
3.84,83.3,92.4,58.9,4.68,8.57,10,3.92,2.87,Excellent,INT3864,88.26
2.74,77.2,65.1,60.32,9.25,4.57,11,1.67,4.7,Excellent,INT3865,90.79
1.04,68.9,37.4,64.96,4.2,3.2,11,3.34,2.68,Good,INT3866,75.99
3.11,68.8,71.0,0.0,4.68,5.44,5,3.35,2.87,Good,INT3867,71.76
0.71,45.4,81.0,66.83,4.68,7.02,9,5.08,2.87,Fair,INT3868,54.31
2.04,39.1,62.6,54.55,5.68,7.92,10,5.43,3.27,Average,INT3869,62.52
2.28,84.6,65.8,63.16,4.1,8.69,20,1.25,2.64,Good,INT3870,72.17
2.28,70.4,91.3,68.57,5.32,2.82,17,3.54,3.13,Good,INT3871,77.17
1.92,25.2,11.6,92.59,0.6,2.4,8,1.76,1.24,Good,INT3872,72.35
2.59,55.0,44.8,89.63,5.93,8.56,11,1.56,3.37,Excellent,INT3873,88.65
2.14,77.3,31.6,72.14,8.32,7.34,9,6.24,4.33,Good,INT3874,72.63
2.12,34.2,83.4,9.29,0.0,2.88,8,1.59,1.0,Good,INT3875,78.46
0.91,41.7,62.1,78.43,0.0,3.96,12,3.69,1.0,Average,INT3876,55.57
3.23,82.7,15.5,3.82,0.15,2.85,11,1.67,1.06,Good,INT3877,79.55
1.06,36.4,18.7,62.59,0.95,3.05,13,6.02,1.38,Fair,INT3878,48.72
2.34,27.7,16.3,84.17,1.72,3.0,8,4.75,1.69,Good,INT3879,74.62
3.88,73.3,85.5,43.33,9.0,9.01,12,2.18,4.6,Excellent,INT3880,96.27
3.01,85.0,70.5,80.9,2.35,2.07,15,4.33,1.94,Average,INT3881,69.48
2.51,26.0,74.5,84.15,4.15,1.63,10,5.18,2.66,Average,INT3882,57.09
1.08,22.9,42.5,69.23,1.55,9.2,10,7.0,1.62,Average,INT3883,55.32
1.01,63.4,42.4,93.45,0.0,5.62,19,2.73,1.0,Average,INT3884,61.15
0.43,8.9,11.9,58.12,2.03,5.08,7,5.86,1.81,Fair,INT3885,41.63
3.43,78.7,80.4,94.19,6.7,9.04,13,3.92,3.68,Good,INT3886,78.46
1.02,6.1,80.9,67.11,6.2,0.52,7,6.17,3.48,Average,INT3887,56.03
0.01,7.8,3.4,16.45,2.12,1.3,10,4.53,1.85,Poor,INT3888,36.66
1.48,37.2,66.1,49.4,1.55,0.76,10,4.74,1.62,Fair,INT3889,51.6
3.11,74.2,64.8,68.8,4.32,5.2,11,3.5,2.73,Good,INT3890,79.04
1.4,29.1,65.0,90.77,9.65,1.0,3,5.34,4.86,Good,INT3891,72.23
2.9,27.9,56.6,71.54,10.0,1.82,8,4.27,5.0,Good,INT3892,79.6
0.83,18.0,49.6,8.87,4.93,0.7,7,4.73,2.97,Average,INT3893,59.26
2.21,36.4,73.9,65.41,10.0,5.52,16,3.09,5.0,Excellent,INT3894,87.27
2.86,74.7,29.0,60.47,5.02,4.59,8,5.46,3.01,Average,INT3895,59.96
0.32,26.4,36.1,37.71,8.98,0.98,4,5.97,4.59,Average,INT3896,61.97
2.56,46.8,85.2,80.34,5.48,6.72,20,2.07,3.19,Excellent,INT3897,86.83
1.37,18.0,39.7,82.85,2.0,6.62,13,6.15,1.8,Fair,INT3898,47.18
2.37,59.4,20.3,78.91,4.62,7.84,11,4.64,2.85,Excellent,INT3899,88.02
0.93,5.2,20.9,99.4,2.0,1.97,6,6.03,1.8,Fair,INT3900,45.04
2.78,54.3,45.5,84.55,2.05,5.05,17,3.1,1.82,Average,INT3901,58.05
3.85,75.6,84.4,5.58,7.5,6.22,21,3.4,4.0,Excellent,INT3902,92.08
1.19,27.3,14.4,55.9,5.68,3.95,7,6.67,3.27,Average,INT3903,58.47
1.57,82.2,91.3,6.23,10.0,4.49,16,2.53,5.0,Good,INT3904,84.61
0.23,38.4,2.0,65.55,4.65,5.28,5,6.26,2.86,Average,INT3905,58.23
2.75,69.7,65.2,56.83,5.78,7.95,18,3.72,3.31,Average,INT3906,58.1
2.15,78.4,56.7,76.29,7.5,6.73,12,3.73,4.0,Good,INT3907,82.43
0.56,53.4,76.5,48.43,0.0,3.43,10,3.01,1.0,Average,INT3908,56.81
3.61,67.3,59.9,78.75,10.0,6.14,9,4.19,5.0,Good,INT3909,82.74
1.28,38.7,44.8,87.26,0.0,1.73,15,2.91,1.0,Average,INT3910,67.38
3.89,90.4,93.4,7.17,10.0,8.65,14,1.23,5.0,Excellent,INT3911,100.0
3.51,49.8,72.8,93.91,2.0,9.39,8,2.61,1.8,Average,INT3912,64.29
2.32,82.2,89.7,7.63,3.3,5.87,3,3.92,2.32,Good,INT3913,75.17
3.43,52.8,15.9,66.93,4.68,1.67,8,3.92,2.87,Good,INT3914,70.31
0.1,12.9,4.4,62.79,4.22,1.11,6,7.0,2.69,Fair,INT3915,45.39
2.04,48.4,78.7,38.07,6.98,7.05,21,3.59,3.79,Good,INT3916,77.68
1.67,89.0,66.8,54.64,10.0,5.34,11,5.3,5.0,Good,INT3917,77.25
3.51,57.1,53.8,77.66,6.88,4.05,11,2.76,3.75,Good,INT3918,80.55
3.34,50.4,65.9,61.36,10.0,8.26,8,4.61,5.0,Good,INT3919,78.56
1.07,26.1,64.3,57.38,1.98,6.18,9,6.0,1.79,Average,INT3920,57.75
0.45,59.6,37.1,53.06,5.72,2.98,8,6.5,3.29,Fair,INT3921,47.44
1.17,4.6,7.4,51.05,0.0,1.35,9,3.13,1.0,Fair,INT3922,40.91
0.64,7.2,20.5,66.83,0.0,0.7,11,5.58,1.0,Fair,INT3923,48.89
3.35,96.2,56.1,94.51,3.42,6.93,14,2.69,2.37,Average,INT3924,67.82
1.11,53.1,44.6,76.02,5.07,1.9,9,7.0,3.03,Average,INT3925,55.32
2.94,44.3,52.5,2.01,0.0,3.17,10,1.3,1.0,Average,INT3926,68.73
1.21,11.0,9.7,62.68,2.4,5.3,7,4.98,1.96,Fair,INT3927,46.54
0.16,1.7,19.8,62.17,0.0,0.32,7,4.68,1.0,Fair,INT3928,42.59
1.52,44.3,57.7,54.99,7.82,0.98,17,5.27,4.13,Good,INT3929,73.76
1.9,83.3,91.3,90.86,7.92,8.99,17,1.32,4.17,Excellent,INT3930,86.84
0.5,34.0,3.2,54.33,1.07,0.19,3,6.68,1.43,Fair,INT3931,42.73
3.7,44.4,80.6,31.52,7.5,7.82,11,2.17,4.0,Excellent,INT3932,87.37
1.42,6.4,18.7,5.57,4.7,0.8,9,4.46,2.88,Fair,INT3933,44.64
3.84,90.1,84.0,89.07,9.3,8.32,12,2.23,4.72,Excellent,INT3934,94.77
2.24,95.7,19.7,51.96,10.0,9.27,10,3.17,5.0,Average,INT3935,69.67
2.11,43.0,9.8,65.42,2.0,2.19,4,3.93,1.8,Fair,INT3936,48.5
3.58,83.0,80.1,48.15,6.3,8.29,11,3.43,3.52,Good,INT3937,77.16
3.84,63.2,73.9,70.48,5.12,9.28,5,2.39,3.05,Excellent,INT3938,91.02
3.27,12.5,32.1,64.11,6.3,3.84,14,2.03,3.52,Average,INT3939,69.96
3.51,87.3,96.4,43.05,10.0,9.51,15,3.92,5.0,Excellent,INT3940,85.25
1.14,22.3,82.9,89.89,0.0,3.16,14,5.87,1.0,Fair,INT3941,49.5
1.78,24.9,30.7,98.7,4.8,4.79,10,6.09,2.92,Average,INT3942,57.41
0.5,23.0,8.4,67.4,0.42,1.75,12,3.92,1.17,Average,INT3943,61.64
0.52,17.5,42.9,51.96,2.0,4.11,13,3.62,1.8,Fair,INT3944,50.3
1.12,31.6,10.8,51.83,4.38,5.49,11,1.85,2.75,Average,INT3945,61.54
3.6,97.0,59.9,2.34,10.0,9.62,11,1.0,5.0,Excellent,INT3946,100.0
0.86,14.3,41.1,77.62,0.0,1.91,12,4.79,1.0,Fair,INT3947,44.14
0.26,17.8,6.6,89.18,3.77,6.85,10,4.51,2.51,Average,INT3948,63.7
2.84,65.8,57.4,84.87,9.33,7.37,16,2.31,4.73,Good,INT3949,78.73
3.49,92.7,50.4,75.08,10.0,8.46,13,2.32,5.0,Excellent,INT3950,95.87
3.81,71.2,83.8,5.21,10.0,8.2,13,1.57,5.0,Excellent,INT3951,100.0
3.86,91.4,92.3,89.42,9.52,7.99,10,6.51,4.81,Good,INT3952,70.74
2.77,44.6,41.4,73.76,10.0,4.34,20,7.0,5.0,Good,INT3953,73.8
2.84,77.3,77.3,40.95,9.88,8.86,12,1.98,4.95,Excellent,INT3954,91.94
3.67,96.5,64.7,75.35,7.12,8.4,14,2.28,3.85,Excellent,INT3955,92.93
0.83,10.0,12.8,66.83,6.57,6.72,12,5.78,3.63,Average,INT3956,64.41
0.2,14.9,4.2,80.51,4.68,0.52,5,6.63,2.87,Poor,INT3957,36.19
1.25,73.0,70.2,29.54,3.53,4.68,8,3.38,2.41,Average,INT3958,60.21
2.89,82.6,39.4,66.83,8.48,6.93,14,1.15,4.39,Excellent,INT3959,91.5
1.68,43.4,37.8,1.72,0.0,8.48,8,1.43,1.0,Good,INT3960,71.82
2.49,87.3,56.7,81.01,0.23,1.62,13,4.4,1.09,Fair,INT3961,54.82
3.12,67.1,83.9,26.72,3.28,6.94,11,3.61,2.31,Average,INT3962,68.66
3.94,93.0,93.3,0.0,4.68,9.37,13,1.07,2.87,Excellent,INT3963,100.0
0.78,10.2,14.9,6.69,0.0,0.49,4,4.15,1.0,Fair,INT3964,43.29
3.72,89.6,76.4,3.21,7.2,9.9,8,1.03,3.88,Excellent,INT3965,100.0
1.57,69.4,70.8,74.4,10.0,2.54,9,3.92,5.0,Good,INT3966,71.67
1.72,57.8,39.6,61.25,9.15,6.51,22,3.14,4.66,Good,INT3967,84.29
2.3,20.4,43.4,1.6,4.3,9.19,14,1.0,2.72,Excellent,INT3968,87.04
1.7,69.2,85.2,52.22,2.62,4.8,17,4.42,2.05,Good,INT3969,76.98
0.21,16.4,47.5,60.73,0.2,3.99,5,3.82,1.08,Average,INT3970,67.29
0.17,21.8,20.0,99.48,2.0,0.86,6,6.46,1.8,Fair,INT3971,49.0
3.17,47.8,64.1,76.69,7.45,4.65,9,4.02,3.98,Average,INT3972,64.8
3.07,84.9,64.6,64.45,9.65,8.66,14,2.41,4.86,Good,INT3973,77.93
3.01,59.0,40.1,82.88,7.5,7.09,10,3.92,4.0,Good,INT3974,74.83
3.15,58.3,74.3,63.76,7.4,1.44,17,2.54,3.96,Excellent,INT3975,86.09
0.25,23.0,31.0,8.86,0.0,2.89,8,6.01,1.0,Fair,INT3976,52.43
2.47,21.8,31.8,65.41,4.68,5.66,15,3.92,2.87,Average,INT3977,68.53
2.69,67.2,17.5,0.63,2.82,4.5,18,3.9,2.13,Average,INT3978,63.75
1.66,13.7,43.9,80.26,4.1,4.01,19,1.41,2.64,Average,INT3979,58.88
0.89,80.3,22.9,69.33,6.0,3.65,13,3.57,3.4,Average,INT3980,66.64
0.4,22.6,16.2,53.64,2.0,1.3,12,5.98,1.8,Fair,INT3981,40.23
2.91,41.2,39.4,30.62,10.0,8.33,11,5.4,5.0,Average,INT3982,67.39
2.02,53.9,42.5,86.87,6.57,4.42,5,2.49,3.63,Average,INT3983,67.65
0.47,41.3,46.1,82.75,4.85,4.96,10,2.29,2.94,Average,INT3984,68.05
3.51,36.9,63.7,59.71,7.1,2.37,12,5.81,3.84,Good,INT3985,71.84
0.23,22.8,10.4,38.54,7.8,1.4,13,6.68,4.12,Fair,INT3986,49.47
0.64,36.0,44.6,63.17,0.0,0.91,10,1.68,1.0,Average,INT3987,56.54
1.26,30.9,47.1,80.67,2.35,8.08,12,3.22,1.94,Average,INT3988,66.61
0.73,45.7,81.2,34.99,0.7,1.12,9,2.65,1.28,Fair,INT3989,50.87
0.21,0.8,6.5,65.45,2.0,1.33,6,5.96,1.8,Fair,INT3990,40.62
1.95,7.6,9.3,66.83,0.0,4.44,10,1.68,1.0,Average,INT3991,57.06
3.13,66.2,73.3,70.45,9.92,5.94,11,2.35,4.97,Good,INT3992,77.26
0.41,11.2,26.5,59.78,1.4,0.18,12,5.77,1.56,Fair,INT3993,45.07
2.07,51.0,89.3,98.13,5.6,2.44,10,1.55,3.24,Excellent,INT3994,86.58
3.32,73.1,78.3,57.73,3.63,7.63,9,3.92,2.45,Good,INT3995,79.18
2.6,43.8,93.7,95.67,3.75,3.15,4,3.53,2.5,Good,INT3996,75.21
3.67,73.3,83.1,71.42,4.15,7.95,10,2.86,2.66,Excellent,INT3997,90.48
2.05,13.9,72.9,0.67,0.0,3.53,13,3.7,1.0,Average,INT3998,66.93
1.12,6.1,22.0,22.24,1.5,1.4,9,3.92,1.6,Average,INT3999,61.14
3.07,85.1,80.9,81.79,5.0,4.45,7,1.93,3.0,Excellent,INT4000,92.53
0.91,20.1,47.1,84.28,0.23,2.77,12,4.12,1.09,Fair,INT4001,51.37
1.58,42.7,44.5,73.38,2.9,0.4,7,6.24,2.16,Fair,INT4002,41.83
3.39,33.3,64.9,66.83,8.52,3.17,10,5.47,4.41,Average,INT4003,61.73
3.76,93.9,19.4,95.93,4.68,8.46,17,1.63,2.87,Excellent,INT4004,86.85
3.76,91.6,90.0,99.02,10.0,9.24,16,2.09,5.0,Excellent,INT4005,95.18
3.48,82.6,67.5,71.55,10.0,9.8,16,2.35,5.0,Excellent,INT4006,93.13
1.55,55.2,42.3,66.83,0.0,2.96,20,3.61,1.0,Good,INT4007,72.0
3.04,49.6,51.8,72.51,9.98,6.97,12,3.32,4.99,Good,INT4008,70.74
1.5,11.3,58.2,66.09,4.5,3.53,8,5.24,2.8,Average,INT4009,61.6
3.49,94.6,89.1,53.87,7.32,9.34,12,1.19,3.93,Excellent,INT4010,90.63
3.73,96.2,71.4,2.05,10.0,8.06,13,1.52,5.0,Excellent,INT4011,89.92
3.51,96.9,49.5,90.92,10.0,9.61,19,3.75,5.0,Excellent,INT4012,92.77
0.53,18.6,70.2,50.85,4.55,4.42,5,5.47,2.82,Fair,INT4013,48.64
3.68,77.0,73.8,79.11,9.72,9.34,18,2.51,4.89,Good,INT4014,84.19
1.95,31.1,41.0,71.04,0.15,1.6,7,4.45,1.06,Average,INT4015,62.83
2.15,30.5,85.4,60.88,0.0,3.65,10,2.98,1.0,Average,INT4016,58.83
3.49,73.4,56.9,7.02,6.95,6.36,7,6.44,3.78,Good,INT4017,72.56
0.86,11.1,21.7,88.61,0.0,1.25,14,6.74,1.0,Fair,INT4018,43.97
3.05,49.3,82.7,62.75,10.0,6.96,15,2.96,5.0,Excellent,INT4019,92.28
1.43,38.1,9.6,0.0,0.0,3.57,9,2.08,1.0,Average,INT4020,59.67
3.35,8.9,30.7,30.79,5.7,8.4,18,3.58,3.28,Good,INT4021,84.55
2.17,41.6,32.2,69.63,4.75,6.78,10,2.03,2.9,Average,INT4022,61.45
1.04,10.5,17.3,93.71,5.5,4.36,9,5.23,3.2,Average,INT4023,60.0
0.29,18.9,13.4,80.92,4.18,1.25,5,5.87,2.67,Fair,INT4024,45.6
2.33,63.0,17.6,70.3,9.85,3.87,9,4.69,4.94,Average,INT4025,66.71
0.3,33.8,25.2,76.72,0.0,1.12,5,6.43,1.0,Fair,INT4026,48.7
3.77,54.2,12.9,97.7,1.57,5.67,11,3.78,1.63,Good,INT4027,80.53
2.21,17.2,38.5,55.66,4.68,2.29,14,2.33,2.87,Average,INT4028,56.39
0.18,6.4,21.5,60.39,4.65,0.91,8,3.92,2.86,Fair,INT4029,40.63
2.17,57.3,59.0,98.13,2.0,5.89,11,3.92,1.8,Average,INT4030,66.39
1.63,6.8,25.9,97.87,3.7,6.39,9,5.19,2.48,Average,INT4031,62.4
2.39,88.5,46.4,35.45,4.68,6.22,11,2.23,2.87,Good,INT4032,81.15
2.44,78.5,77.8,57.26,10.0,6.94,5,1.89,5.0,Excellent,INT4033,88.06
0.21,21.9,44.1,71.05,4.45,3.09,4,7.0,2.78,Poor,INT4034,36.41
2.38,13.3,32.2,52.49,7.75,1.1,11,2.19,4.1,Good,INT4035,71.89
0.61,25.9,72.4,82.75,10.0,7.14,13,7.0,5.0,Average,INT4036,64.67
0.3,4.7,56.4,53.87,2.4,0.73,8,6.91,1.96,Poor,INT4037,34.38
1.17,44.6,4.6,27.09,6.1,3.58,15,3.92,3.44,Fair,INT4038,49.13
1.09,29.5,31.5,46.35,2.75,2.34,8,5.43,2.1,Average,INT4039,62.31
0.57,37.8,11.5,64.05,2.0,3.21,5,4.43,1.8,Fair,INT4040,52.88
0.3,13.9,3.4,71.34,0.0,5.48,7,6.34,1.0,Poor,INT4041,38.44
0.49,47.0,58.5,67.82,1.02,1.94,7,2.61,1.41,Average,INT4042,60.04
3.34,67.7,81.6,99.9,5.78,5.19,12,3.95,3.31,Good,INT4043,84.36
0.19,9.2,17.0,66.83,0.0,1.19,5,4.94,1.0,Fair,INT4044,47.14
0.71,25.9,11.3,68.76,0.0,6.38,8,3.59,1.0,Average,INT4045,60.56
2.07,54.7,50.9,69.29,5.38,4.9,20,3.57,3.15,Average,INT4046,65.63
0.73,32.8,7.8,59.75,0.0,2.49,4,2.78,1.0,Fair,INT4047,51.64
0.47,82.4,25.8,43.63,3.92,2.5,7,4.53,2.57,Fair,INT4048,52.88
0.52,82.9,30.6,71.94,10.0,2.49,9,6.51,5.0,Average,INT4049,67.61
1.51,7.4,61.7,63.54,0.0,3.6,16,1.72,1.0,Average,INT4050,55.92
1.71,38.5,33.3,58.03,8.52,3.28,11,6.24,4.41,Average,INT4051,56.11
0.94,25.9,41.9,65.56,3.35,6.63,11,4.75,2.34,Average,INT4052,58.79
1.19,79.3,57.8,75.43,4.68,7.03,4,6.36,2.87,Average,INT4053,65.77
1.7,35.4,41.6,52.92,7.88,1.67,10,4.5,4.15,Average,INT4054,67.6
1.23,34.0,28.9,57.69,0.0,1.96,5,6.13,1.0,Fair,INT4055,46.35
3.73,49.3,91.8,7.89,10.0,9.45,10,1.18,5.0,Excellent,INT4056,100.0
3.03,13.9,22.0,77.14,4.42,2.16,7,5.87,2.77,Average,INT4057,56.57
3.6,97.1,85.0,1.67,10.0,5.88,5,1.53,5.0,Good,INT4058,84.14
1.52,42.3,65.1,84.65,4.68,3.05,8,6.0,2.87,Average,INT4059,57.86
2.63,26.8,60.6,53.09,7.5,5.83,9,6.83,4.0,Average,INT4060,68.44
3.23,81.9,68.0,86.94,5.2,9.09,10,2.73,3.08,Excellent,INT4061,85.2
3.8,83.2,93.0,4.34,10.0,9.47,21,2.06,5.0,Excellent,INT4062,100.0
2.47,28.7,27.6,82.55,7.15,8.62,8,5.46,3.86,Average,INT4063,63.23
1.28,19.8,47.9,66.83,2.22,3.49,13,3.92,1.89,Good,INT4064,73.38
1.6,23.6,16.1,29.49,7.05,5.88,9,5.89,3.82,Average,INT4065,60.59
3.9,87.1,97.4,86.34,8.3,7.72,8,1.46,4.32,Excellent,INT4066,100.0
3.31,90.9,96.0,3.52,7.5,9.42,13,2.06,4.0,Excellent,INT4067,91.91
0.52,27.5,11.3,66.98,7.25,4.82,11,6.55,3.9,Fair,INT4068,46.63
1.09,75.8,78.9,97.14,9.98,7.71,15,4.89,4.99,Good,INT4069,76.13
0.04,7.9,35.9,75.14,6.1,0.15,8,5.64,3.44,Fair,INT4070,47.82
3.82,87.1,48.2,98.37,0.45,8.57,11,3.01,1.18,Excellent,INT4071,86.03
0.68,7.1,2.0,54.45,0.0,0.75,7,5.17,1.0,Fair,INT4072,43.23
0.77,17.5,71.7,73.88,7.48,4.1,6,4.94,3.99,Average,INT4073,56.59
3.4,84.5,75.9,53.12,8.83,4.58,15,4.94,4.53,Good,INT4074,76.6
0.3,14.2,12.5,81.51,0.0,2.22,6,4.89,1.0,Fair,INT4075,53.92
0.89,29.4,32.7,14.7,10.0,2.29,10,3.92,5.0,Average,INT4076,61.0
0.36,18.4,16.8,58.77,0.93,1.09,12,3.23,1.37,Average,INT4077,67.52
0.25,49.2,89.1,62.94,2.0,3.33,3,3.13,1.8,Fair,INT4078,51.94
0.2,58.4,18.9,87.44,0.75,2.65,17,5.78,1.3,Average,INT4079,56.15
0.86,37.7,61.6,2.78,5.12,4.8,6,1.9,3.05,Good,INT4080,73.56
2.83,14.3,80.1,92.33,0.0,6.69,8,4.79,1.0,Average,INT4081,58.89
2.54,64.5,93.0,56.6,10.0,9.61,18,2.39,5.0,Good,INT4082,81.11
3.03,42.7,85.2,51.76,10.0,7.06,14,3.92,5.0,Good,INT4083,76.35
1.45,38.6,16.3,69.75,1.65,0.43,10,5.78,1.66,Fair,INT4084,50.98
2.63,81.8,58.8,98.97,0.0,2.74,11,2.38,1.0,Average,INT4085,68.86
2.23,35.9,12.1,31.01,2.05,6.27,14,1.47,1.82,Good,INT4086,74.8
2.86,49.3,63.9,55.09,4.98,8.52,11,1.75,2.99,Excellent,INT4087,85.05
0.45,4.7,20.8,49.68,0.0,1.99,11,4.4,1.0,Average,INT4088,57.67
0.58,7.8,17.8,33.7,0.0,1.1,15,6.19,1.0,Poor,INT4089,31.63
3.87,82.3,96.8,0.28,2.9,8.21,16,3.92,2.16,Excellent,INT4090,86.04
3.8,90.6,89.2,60.0,9.07,9.19,9,5.27,4.63,Good,INT4091,72.87
0.43,58.5,73.9,73.0,3.42,6.14,7,3.05,2.37,Average,INT4092,65.01
1.13,53.0,38.7,63.26,1.7,1.81,6,4.21,1.68,Average,INT4093,66.16
1.71,14.1,76.4,35.63,4.7,5.45,9,6.22,2.88,Good,INT4094,72.75
3.59,72.7,81.1,88.45,4.45,5.15,11,3.04,2.78,Excellent,INT4095,87.95
0.58,68.0,74.6,67.21,6.7,5.63,17,3.64,3.68,Good,INT4096,78.23
2.28,75.9,91.7,6.29,0.62,8.03,16,1.28,1.25,Excellent,INT4097,89.23
3.93,71.2,93.8,96.42,7.25,9.37,17,1.01,3.9,Excellent,INT4098,100.0
2.72,87.6,34.0,27.11,4.68,8.13,7,2.72,2.87,Good,INT4099,81.89
2.32,71.9,92.9,9.76,10.0,8.58,15,1.0,5.0,Excellent,INT4100,92.45
1.7,84.5,72.8,80.69,4.5,8.86,14,4.35,2.8,Good,INT4101,73.11
3.25,73.0,84.3,81.06,4.85,7.4,4,3.78,2.94,Good,INT4102,81.85
0.4,16.9,30.2,52.33,4.9,2.45,10,4.43,2.96,Fair,INT4103,53.75
3.39,93.9,85.3,80.39,0.52,9.37,15,2.44,1.21,Good,INT4104,74.46
1.72,32.0,87.3,68.72,7.32,9.2,11,2.8,3.93,Good,INT4105,78.8
0.7,81.1,37.7,54.94,4.98,5.01,21,5.01,2.99,Average,INT4106,62.25
1.75,11.6,32.4,90.41,5.12,1.3,11,7.0,3.05,Average,INT4107,65.05
3.22,75.5,50.3,77.61,6.5,6.22,13,1.12,3.6,Good,INT4108,72.71
1.79,56.3,67.0,50.09,7.68,6.3,24,5.88,4.07,Average,INT4109,57.89
0.8,22.0,38.2,56.47,3.1,2.6,5,4.19,2.24,Fair,INT4110,54.83
3.75,62.7,61.3,60.39,7.5,3.85,15,4.12,4.0,Good,INT4111,83.02
2.98,53.0,63.3,62.45,1.02,8.34,19,3.92,1.41,Good,INT4112,71.01
2.82,23.9,32.0,73.23,3.87,6.62,19,1.86,2.55,Good,INT4113,70.52
2.9,96.5,69.2,98.29,9.42,9.25,16,1.84,4.77,Good,INT4114,84.35
0.78,14.1,30.9,64.91,4.82,5.04,9,5.05,2.93,Fair,INT4115,53.79
1.53,59.7,40.3,21.52,5.22,3.6,14,3.55,3.09,Average,INT4116,60.83
0.91,59.0,6.2,60.54,3.02,4.01,10,6.43,2.21,Fair,INT4117,49.22
1.31,44.6,47.2,77.94,0.0,6.06,14,3.17,1.0,Fair,INT4118,51.65
3.22,83.7,77.9,97.49,7.35,6.35,12,1.92,3.94,Excellent,INT4119,100.0
0.74,18.5,12.3,80.43,4.32,1.16,8,5.67,2.73,Fair,INT4120,47.95
0.99,65.5,23.5,42.34,1.62,5.02,13,2.73,1.65,Good,INT4121,73.74
2.72,57.8,53.5,81.93,3.2,7.57,12,3.92,2.28,Average,INT4122,65.49
1.69,10.9,25.7,58.16,10.0,2.54,7,4.82,5.0,Average,INT4123,67.22
0.97,6.3,64.9,2.34,3.05,1.7,8,6.32,2.22,Fair,INT4124,51.83
2.38,81.6,12.5,26.27,10.0,3.89,13,5.64,5.0,Average,INT4125,61.8
1.97,8.6,30.7,81.73,9.3,6.77,10,4.91,4.72,Good,INT4126,72.59
2.35,74.4,41.4,71.51,10.0,6.91,8,5.47,5.0,Good,INT4127,73.4
0.28,4.6,9.7,50.93,3.15,0.14,7,6.24,2.26,Poor,INT4128,27.8
3.11,69.5,86.8,76.99,1.57,3.56,6,3.24,1.63,Good,INT4129,79.46
1.91,30.9,70.1,3.31,2.3,6.16,15,1.0,1.92,Good,INT4130,80.29
1.13,49.7,17.8,18.31,0.0,4.52,7,3.08,1.0,Fair,INT4131,54.61
2.2,63.1,45.6,98.28,6.15,5.88,11,3.92,3.46,Good,INT4132,78.61
0.67,85.2,14.2,54.81,6.32,1.86,9,5.17,3.53,Fair,INT4133,49.86
3.27,56.2,66.1,66.59,6.68,7.12,8,4.49,3.67,Good,INT4134,70.16
1.6,67.3,25.8,19.32,9.05,4.36,12,4.71,4.62,Average,INT4135,66.28
1.8,15.5,15.0,1.19,2.6,5.34,11,1.48,2.04,Average,INT4136,69.43
1.0,68.7,60.7,78.54,0.65,5.34,10,5.01,1.26,Fair,INT4137,53.78
1.76,35.5,65.6,79.64,0.0,6.84,7,2.57,1.0,Fair,INT4138,53.76
1.13,48.0,37.5,88.76,8.88,2.02,5,4.79,4.55,Good,INT4139,70.18
1.51,59.0,55.1,80.77,3.18,4.16,20,4.0,2.27,Average,INT4140,66.72
2.35,80.2,12.6,47.54,1.0,3.45,17,2.67,1.4,Average,INT4141,64.27
3.92,96.9,64.4,95.62,6.55,9.88,16,1.99,3.62,Excellent,INT4142,89.81
0.9,53.4,23.1,72.61,2.88,6.34,14,1.28,2.15,Good,INT4143,79.63
0.8,14.8,25.5,4.42,2.2,1.27,7,6.16,1.88,Fair,INT4144,53.47
1.73,61.4,34.1,58.09,2.62,3.87,6,6.87,2.05,Fair,INT4145,51.67
0.6,29.8,36.1,70.0,8.38,2.32,5,5.05,4.35,Average,INT4146,62.0
3.54,54.7,79.1,85.64,1.6,9.49,11,1.24,1.64,Excellent,INT4147,93.2
0.92,71.0,80.6,52.13,4.9,5.0,11,3.48,2.96,Average,INT4148,58.42
0.06,6.8,39.5,56.45,0.0,0.97,11,5.26,1.0,Fair,INT4149,45.32
0.07,8.4,5.2,55.31,3.58,0.23,9,5.52,2.43,Poor,INT4150,38.09
3.25,57.3,47.1,79.26,5.9,6.8,12,1.53,3.36,Excellent,INT4151,87.48
1.53,87.2,46.9,5.7,10.0,9.92,13,1.43,5.0,Excellent,INT4152,90.22
0.77,24.0,73.7,58.31,0.0,4.43,8,5.51,1.0,Average,INT4153,55.71
0.19,58.9,11.1,79.64,0.0,3.64,9,2.77,1.0,Average,INT4154,56.61
2.78,79.3,31.1,88.07,4.68,7.2,10,2.51,2.87,Excellent,INT4155,87.33
3.85,93.3,79.8,9.06,10.0,8.18,13,1.0,5.0,Excellent,INT4156,92.79
3.04,98.4,36.9,78.91,3.8,8.82,16,4.72,2.52,Good,INT4157,83.62
1.77,48.1,50.8,23.88,5.58,6.09,3,6.59,3.23,Average,INT4158,55.82
3.3,90.2,56.8,60.94,6.1,7.44,9,6.57,3.44,Good,INT4159,70.7
0.71,10.8,43.7,45.55,0.0,1.98,12,4.24,1.0,Fair,INT4160,42.92
0.88,56.8,51.0,99.88,0.0,2.09,11,4.19,1.0,Average,INT4161,63.04
2.58,26.4,73.4,98.93,0.0,5.51,21,1.49,1.0,Good,INT4162,74.55
3.31,73.7,76.3,88.94,4.62,7.56,11,4.0,2.85,Good,INT4163,79.64
0.49,18.5,6.0,51.0,0.2,5.29,5,3.44,1.08,Fair,INT4164,47.42
1.29,53.3,16.1,77.17,2.48,6.19,11,4.47,1.99,Average,INT4165,60.97
1.35,16.8,29.4,54.34,8.73,2.69,7,3.48,4.49,Average,INT4166,60.55
2.44,22.9,86.8,94.76,5.1,1.8,4,2.32,3.04,Good,INT4167,71.15
3.19,89.4,75.0,89.48,4.68,7.55,17,1.77,2.87,Excellent,INT4168,98.68
3.05,42.1,55.5,64.22,4.68,2.62,12,3.06,2.87,Average,INT4169,69.25
1.85,33.7,91.0,80.42,7.52,5.65,14,1.59,4.01,Good,INT4170,74.93
3.83,82.9,85.4,76.11,10.0,6.64,13,2.26,5.0,Good,INT4171,84.79
0.61,11.3,7.1,49.57,2.3,0.94,10,6.88,1.92,Poor,INT4172,33.78
1.42,60.5,73.6,69.32,10.0,4.83,6,3.28,5.0,Good,INT4173,71.02
2.94,74.0,49.8,66.83,10.0,6.6,10,3.92,5.0,Good,INT4174,81.29
1.2,55.6,52.6,81.77,6.82,3.9,5,5.99,3.73,Good,INT4175,72.3
2.2,35.2,66.9,65.39,10.0,3.22,7,6.53,5.0,Good,INT4176,74.07
1.33,34.4,32.0,79.79,5.2,7.28,10,4.71,3.08,Average,INT4177,61.17
1.81,70.4,53.7,92.86,5.38,5.84,15,5.74,3.15,Average,INT4178,64.29
1.01,9.1,54.3,93.14,0.0,0.91,9,2.55,1.0,Average,INT4179,57.0
1.8,26.9,22.5,75.94,4.58,1.83,11,3.15,2.83,Average,INT4180,64.56
0.55,9.6,68.6,67.37,2.95,0.99,4,3.6,2.18,Fair,INT4181,47.45
0.65,34.4,23.1,2.95,0.0,1.04,7,4.99,1.0,Average,INT4182,57.87
2.26,58.9,88.0,72.29,8.25,7.43,16,4.84,4.3,Good,INT4183,78.77
2.89,20.1,40.0,54.07,2.97,8.23,13,2.54,2.19,Average,INT4184,58.96
2.19,41.5,55.5,0.0,9.62,5.36,12,1.76,4.85,Good,INT4185,79.05
3.52,28.6,89.2,0.0,0.0,8.67,12,5.18,1.0,Good,INT4186,72.55
3.01,75.6,88.3,14.97,8.6,7.23,7,1.46,4.44,Average,INT4187,69.99
2.91,37.5,89.7,51.4,7.2,8.33,9,4.54,3.88,Excellent,INT4188,91.86
0.49,21.9,9.4,70.46,6.95,4.17,6,5.62,3.78,Average,INT4189,55.19
3.07,87.9,77.4,82.44,3.77,8.68,7,5.34,2.51,Good,INT4190,70.92
1.64,53.2,48.7,78.49,0.0,5.23,8,5.46,1.0,Average,INT4191,59.27
1.97,18.3,13.1,85.38,2.6,2.15,14,6.46,2.04,Fair,INT4192,45.54
2.74,56.2,66.4,71.47,2.4,4.49,7,4.32,1.96,Average,INT4193,61.97
1.29,58.3,18.5,54.57,10.0,0.9,8,5.47,5.0,Average,INT4194,64.77
2.11,36.2,13.8,98.12,0.0,2.21,11,5.09,1.0,Fair,INT4195,51.16
1.93,4.9,8.0,71.62,0.2,7.43,18,3.92,1.08,Average,INT4196,63.02
2.33,80.3,89.3,0.0,3.53,3.62,10,1.48,2.41,Average,INT4197,69.6
2.93,72.8,49.1,76.57,7.15,2.2,6,3.16,3.86,Excellent,INT4198,89.12
1.54,28.0,20.4,52.73,10.0,4.98,17,3.66,5.0,Average,INT4199,69.46
2.72,15.5,29.3,97.64,9.65,6.29,11,4.81,4.86,Average,INT4200,69.66
0.54,20.7,63.7,89.63,4.18,3.22,6,6.21,2.67,Average,INT4201,58.05
1.75,36.5,22.7,21.1,10.0,5.41,12,2.46,5.0,Excellent,INT4202,87.81
3.66,76.4,69.6,0.34,9.68,9.65,9,2.07,4.87,Excellent,INT4203,100.0
2.57,72.5,65.5,66.83,7.62,9.33,16,6.31,4.05,Average,INT4204,68.51
3.24,87.9,90.4,73.62,5.62,8.81,17,1.88,3.25,Excellent,INT4205,95.48
2.79,43.6,71.4,80.57,8.43,6.99,12,4.15,4.37,Good,INT4206,72.96
1.7,54.6,22.4,55.34,0.0,6.37,11,4.71,1.0,Average,INT4207,59.29
2.46,85.5,95.5,78.02,10.0,7.19,13,4.46,5.0,Good,INT4208,84.11
3.47,80.4,72.7,53.68,6.75,9.68,14,1.06,3.7,Excellent,INT4209,88.24
1.01,18.9,13.5,77.24,2.0,5.69,3,1.28,1.8,Average,INT4210,57.74
1.68,29.0,16.7,40.3,4.53,1.57,3,1.95,2.81,Average,INT4211,60.89
2.38,72.9,56.6,93.72,10.0,9.44,8,4.94,5.0,Good,INT4212,84.32
0.97,65.7,22.7,86.25,2.28,2.46,9,4.0,1.91,Average,INT4213,64.63
3.56,60.6,89.6,62.48,7.5,6.87,8,2.48,4.0,Excellent,INT4214,91.18
0.73,79.5,23.2,94.42,3.4,6.41,9,5.13,2.36,Average,INT4215,67.13
1.05,46.0,30.7,78.66,0.7,5.74,9,6.17,1.28,Fair,INT4216,46.06
2.06,8.2,30.0,6.23,0.0,6.03,12,1.37,1.0,Average,INT4217,63.45
0.71,23.1,7.9,58.45,1.07,1.28,12,3.51,1.43,Fair,INT4218,44.62
2.6,80.2,82.3,92.89,6.5,5.24,5,5.36,3.6,Average,INT4219,60.19
3.61,75.0,91.7,96.55,4.38,5.82,10,2.78,2.75,Good,INT4220,81.51
2.82,84.3,96.4,65.99,9.02,9.5,11,3.07,4.61,Excellent,INT4221,87.29
3.79,86.7,53.0,97.04,9.38,8.22,15,3.92,4.75,Excellent,INT4222,93.01
0.57,64.5,25.2,65.11,6.42,4.42,13,6.32,3.57,Fair,INT4223,49.38
2.09,42.8,77.2,72.63,0.18,0.73,16,6.35,1.07,Average,INT4224,60.76
0.42,15.4,36.9,74.44,4.73,2.93,11,4.77,2.89,Average,INT4225,68.68
3.34,24.5,12.1,58.2,7.4,3.45,12,5.46,3.96,Average,INT4226,56.7
2.59,92.5,87.8,83.44,2.68,4.36,10,3.62,2.07,Good,INT4227,78.05
2.62,39.1,41.2,66.83,0.0,0.98,4,5.26,1.0,Fair,INT4228,45.79
0.91,38.5,23.7,64.35,4.02,2.66,11,4.11,2.61,Fair,INT4229,42.58
0.95,90.8,4.3,24.81,2.0,1.54,10,2.2,1.8,Fair,INT4230,50.32
0.76,18.0,21.8,59.99,3.02,0.89,8,5.24,2.21,Fair,INT4231,43.49
2.03,38.1,84.3,47.71,2.05,9.07,15,4.17,1.82,Good,INT4232,73.25
1.22,16.0,12.4,58.38,6.05,3.68,3,2.9,3.42,Fair,INT4233,54.01
2.28,84.6,87.0,59.7,6.45,8.36,9,6.48,3.58,Average,INT4234,66.28
3.57,97.9,70.8,3.15,10.0,9.57,15,1.21,5.0,Excellent,INT4235,97.82
3.79,98.9,86.3,98.09,7.25,9.71,13,2.63,3.9,Excellent,INT4236,96.37
3.35,89.9,97.8,88.21,7.5,9.57,8,1.76,4.0,Excellent,INT4237,100.0
0.58,29.7,7.7,65.99,0.23,1.55,13,5.66,1.09,Fair,INT4238,45.62
2.03,31.6,56.1,97.58,2.6,2.45,8,5.24,2.04,Average,INT4239,67.51
1.36,7.0,63.9,3.33,0.0,2.04,10,2.93,1.0,Average,INT4240,61.74
1.77,53.8,56.8,72.77,10.0,5.13,8,4.61,5.0,Good,INT4241,70.51
3.57,38.4,58.3,73.42,6.38,3.97,15,3.76,3.55,Good,INT4242,84.56
1.51,58.8,22.8,70.54,3.53,2.53,12,3.92,2.41,Good,INT4243,71.42
0.85,5.9,35.8,61.65,0.0,2.61,12,3.87,1.0,Average,INT4244,60.01
3.02,60.4,71.7,69.33,9.57,9.28,12,3.58,4.83,Good,INT4245,83.73
0.47,12.5,2.7,0.0,0.47,0.24,8,6.69,1.19,Poor,INT4246,34.5
0.73,46.5,67.9,37.2,0.0,3.82,4,2.54,1.0,Average,INT4247,58.4
3.62,83.8,62.7,88.09,10.0,6.08,10,1.4,5.0,Excellent,INT4248,89.67
1.56,77.8,10.9,2.61,1.75,2.37,15,4.29,1.7,Average,INT4249,63.23
2.12,95.9,68.2,51.0,4.95,9.25,17,6.84,2.98,Good,INT4250,80.59
2.54,16.1,13.6,78.9,2.97,1.4,12,3.56,2.19,Average,INT4251,55.23
3.87,97.1,80.7,70.08,3.55,8.38,17,1.3,2.42,Excellent,INT4252,100.0
1.52,87.7,23.5,69.26,0.0,5.86,24,2.74,1.0,Average,INT4253,67.28
1.13,48.7,63.6,95.06,7.78,6.84,9,3.63,4.11,Good,INT4254,82.82
3.34,79.1,93.6,91.03,7.5,6.77,15,2.13,4.0,Excellent,INT4255,93.32
2.13,77.4,78.1,51.54,10.0,9.27,20,4.87,5.0,Good,INT4256,79.83
0.84,4.9,2.5,82.73,0.47,0.59,9,6.62,1.19,Fair,INT4257,45.74
2.95,68.6,54.7,54.23,7.0,8.59,13,3.88,3.8,Good,INT4258,79.45
3.52,86.0,66.5,97.51,1.02,5.75,10,2.84,1.41,Average,INT4259,63.81
0.39,28.5,3.3,55.35,4.82,3.5,5,3.41,2.93,Fair,INT4260,50.01
2.55,51.2,30.7,78.16,3.82,9.33,7,1.5,2.53,Good,INT4261,74.75
3.15,31.7,15.9,66.5,7.5,4.71,6,6.73,4.0,Average,INT4262,61.74
1.46,27.0,47.9,66.83,4.22,4.38,9,3.22,2.69,Average,INT4263,67.79
3.52,80.5,97.8,80.51,10.0,7.6,14,3.24,5.0,Excellent,INT4264,85.24
2.95,72.3,20.7,0.01,2.3,3.69,13,5.42,1.92,Good,INT4265,73.63
0.56,11.4,45.6,66.83,0.0,1.31,7,3.47,1.0,Fair,INT4266,53.35
1.92,86.6,56.1,99.39,7.0,7.2,11,5.03,3.8,Excellent,INT4267,88.47
0.69,49.3,16.0,79.64,4.6,2.68,7,1.19,2.84,Average,INT4268,61.79
3.28,73.9,92.6,58.03,10.0,5.38,11,5.49,5.0,Good,INT4269,72.68
0.53,27.0,63.6,59.5,5.05,0.06,8,6.77,3.02,Poor,INT4270,38.58
1.8,44.8,37.9,85.81,9.0,5.82,9,5.31,4.6,Average,INT4271,61.49
0.27,2.8,17.8,52.52,3.73,3.77,7,6.68,2.49,Fair,INT4272,43.48
1.11,31.4,58.5,36.22,0.0,7.22,3,2.04,1.0,Average,INT4273,69.42
0.58,52.1,52.9,57.41,3.08,3.63,12,3.97,2.23,Average,INT4274,58.56
3.26,34.5,37.2,71.66,0.0,0.94,10,4.53,1.0,Fair,INT4275,49.69
1.18,53.5,41.1,87.5,0.0,0.58,12,3.92,1.0,Fair,INT4276,52.17
1.77,43.7,82.4,72.94,5.88,5.8,5,3.17,3.35,Average,INT4277,57.18
1.84,79.1,28.7,20.67,4.4,7.09,10,2.91,2.76,Average,INT4278,63.97
1.99,61.3,76.7,2.88,5.48,7.91,13,1.7,3.19,Excellent,INT4279,88.36
1.15,32.9,43.6,68.38,7.7,6.64,11,3.71,4.08,Good,INT4280,72.39
3.89,81.7,94.0,20.03,3.92,9.05,10,1.83,2.57,Good,INT4281,84.5
0.95,8.2,77.0,79.22,1.38,0.86,6,5.55,1.55,Average,INT4282,62.9
3.09,94.7,93.8,0.9,6.4,9.39,16,1.96,3.56,Excellent,INT4283,88.01
1.65,11.1,81.7,53.11,6.18,8.36,12,1.1,3.47,Good,INT4284,81.74
1.22,30.3,66.8,70.12,2.0,2.11,6,4.46,1.8,Average,INT4285,65.91
2.67,88.5,90.0,70.7,8.9,8.46,15,4.83,4.56,Average,INT4286,68.56
1.33,6.8,64.0,66.69,0.0,0.79,2,6.19,1.0,Poor,INT4287,38.19
2.1,78.8,16.3,77.89,7.5,4.95,14,4.3,4.0,Good,INT4288,76.65
1.66,94.6,77.8,67.3,7.28,7.42,18,3.48,3.91,Good,INT4289,78.86
0.91,27.2,2.2,0.0,0.0,3.31,11,5.46,1.0,Fair,INT4290,48.51
3.09,88.7,86.4,66.59,4.68,8.56,11,4.46,2.87,Good,INT4291,84.72
0.18,66.9,28.2,58.11,4.68,0.72,7,1.67,2.87,Fair,INT4292,53.74
1.28,35.1,18.0,80.96,2.0,3.9,8,4.59,1.8,Average,INT4293,58.98
1.76,22.1,1.8,75.28,0.15,0.85,10,6.89,1.06,Poor,INT4294,39.71
2.81,82.8,64.2,65.25,5.3,6.2,12,3.61,3.12,Good,INT4295,77.36
3.08,95.0,86.1,86.38,5.05,8.38,12,2.58,3.02,Excellent,INT4296,90.98
3.0,80.2,77.2,55.13,10.0,9.17,11,1.71,5.0,Excellent,INT4297,91.56
0.31,20.2,18.5,66.83,0.0,2.93,10,1.8,1.0,Average,INT4298,59.29
3.0,94.4,50.4,49.23,7.0,7.01,11,3.13,3.8,Good,INT4299,71.97
2.79,55.9,59.8,90.11,9.05,8.73,11,4.98,4.62,Good,INT4300,76.91
1.61,82.8,36.7,98.63,1.05,4.87,17,1.05,1.42,Good,INT4301,76.87
3.43,57.7,71.7,81.47,4.0,3.95,12,6.84,2.6,Average,INT4302,60.19
0.8,47.8,14.1,3.33,2.85,0.22,10,5.76,2.14,Fair,INT4303,44.23
0.14,8.2,3.5,12.31,2.0,1.44,9,4.86,1.8,Fair,INT4304,48.51
0.42,20.8,43.9,43.94,4.25,1.94,7,6.02,2.7,Average,INT4305,60.35
2.04,84.5,77.1,29.76,6.02,6.44,21,1.71,3.41,Good,INT4306,80.58
1.89,7.5,62.9,54.71,5.45,2.41,8,3.66,3.18,Fair,INT4307,44.77
2.84,55.0,75.0,1.28,5.85,2.69,12,5.03,3.34,Fair,INT4308,53.24
2.02,55.9,10.2,56.3,0.0,1.06,6,5.81,1.0,Fair,INT4309,45.34
0.22,1.2,31.6,34.74,0.0,0.15,9,6.1,1.0,Fair,INT4310,46.42
1.56,54.1,14.9,83.51,0.0,3.21,16,2.32,1.0,Average,INT4311,61.71
0.35,52.9,27.8,74.49,7.95,1.15,15,6.47,4.18,Fair,INT4312,50.88
3.05,68.0,82.2,71.85,8.55,9.49,14,1.75,4.42,Good,INT4313,79.28
0.93,13.6,68.4,64.51,3.87,6.41,7,6.53,2.55,Fair,INT4314,51.9
1.53,37.6,86.5,69.13,7.25,7.5,8,7.0,3.9,Average,INT4315,64.32
3.72,54.4,91.0,67.49,4.7,4.31,13,1.77,2.88,Good,INT4316,83.62
0.77,24.3,22.5,82.31,2.0,2.01,8,4.97,1.8,Fair,INT4317,44.89
1.87,18.4,38.9,66.83,0.0,0.82,8,1.04,1.0,Fair,INT4318,53.55
0.89,41.3,59.7,54.63,7.5,8.81,6,3.41,4.0,Good,INT4319,77.47
3.8,72.2,41.5,83.0,4.8,7.89,6,4.14,2.92,Fair,INT4320,52.25
0.57,56.3,21.1,77.31,5.48,0.85,13,4.41,3.19,Fair,INT4321,53.12
0.44,10.3,43.4,71.51,2.0,1.07,5,6.78,1.8,Poor,INT4322,29.27
1.71,59.1,45.8,57.62,3.77,0.79,5,4.96,2.51,Average,INT4323,64.35
1.93,87.2,92.9,7.06,0.83,5.52,9,4.34,1.33,Good,INT4324,72.14
3.09,46.2,31.0,60.91,7.5,5.65,17,5.62,4.0,Good,INT4325,81.49
2.9,61.0,43.4,94.48,8.38,7.13,9,6.83,4.35,Good,INT4326,73.78
3.04,77.1,87.3,0.91,0.0,9.32,11,1.24,1.0,Good,INT4327,84.71
0.44,5.7,40.7,53.0,1.23,2.14,14,6.68,1.49,Fair,INT4328,44.15
3.06,80.1,69.1,83.52,0.0,6.92,12,1.43,1.0,Good,INT4329,79.19
0.16,2.1,16.4,62.05,0.0,0.02,7,5.76,1.0,Poor,INT4330,38.98
3.41,72.1,78.4,31.88,5.38,8.83,11,2.35,3.15,Average,INT4331,60.9
1.12,4.8,5.7,59.79,2.0,1.1,9,1.77,1.8,Average,INT4332,55.16
2.0,55.8,70.8,88.79,0.0,5.41,7,3.53,1.0,Average,INT4333,57.15
2.16,12.7,70.3,82.43,2.0,8.7,9,4.54,1.8,Fair,INT4334,54.68
0.58,67.7,59.5,80.59,0.57,2.45,6,3.24,1.23,Average,INT4335,64.44
3.15,78.6,37.8,83.4,10.0,8.48,11,1.25,5.0,Excellent,INT4336,100.0
1.8,28.8,33.7,0.0,5.28,5.2,14,4.23,3.11,Average,INT4337,60.35
3.25,82.5,70.3,72.23,10.0,8.2,16,6.04,5.0,Good,INT4338,77.78
2.24,43.4,28.8,44.3,5.72,5.14,13,3.45,3.29,Average,INT4339,68.42
3.56,69.3,83.8,81.83,6.57,8.68,11,2.51,3.63,Good,INT4340,80.39
1.25,16.4,38.2,89.59,5.25,1.37,7,3.92,3.1,Average,INT4341,61.6
2.08,72.7,63.9,6.79,3.82,7.34,7,1.0,2.53,Average,INT4342,66.46
0.62,40.5,22.0,88.52,5.42,2.66,6,5.54,3.17,Fair,INT4343,46.78
2.58,74.0,59.9,66.83,8.95,5.29,4,5.51,4.58,Good,INT4344,74.65
2.8,66.2,73.5,55.49,4.88,8.12,8,4.56,2.95,Excellent,INT4345,89.34
2.3,55.8,9.2,42.08,4.45,1.36,12,3.24,2.78,Fair,INT4346,50.31
0.21,6.6,11.6,97.43,5.5,1.16,3,5.7,3.2,Fair,INT4347,48.28
0.72,8.4,19.8,58.97,6.22,0.51,8,4.63,3.49,Average,INT4348,59.97
1.47,22.7,63.9,83.75,2.0,1.76,9,6.15,1.8,Fair,INT4349,48.04
1.23,63.9,58.2,78.83,1.15,6.6,5,3.92,1.46,Average,INT4350,56.64
0.26,4.1,45.6,58.64,0.8,1.72,9,5.35,1.32,Poor,INT4351,39.08
0.69,38.6,5.9,53.3,8.57,2.6,6,4.15,4.43,Average,INT4352,55.94
2.72,49.1,40.7,59.73,0.23,1.71,17,3.25,1.09,Average,INT4353,67.4
0.12,4.1,46.0,57.87,0.0,0.84,7,6.27,1.0,Poor,INT4354,37.74
0.17,30.2,7.2,59.33,0.45,1.19,3,4.68,1.18,Fair,INT4355,46.22
2.72,25.8,25.6,98.92,8.27,5.71,11,3.92,4.31,Average,INT4356,69.68
3.84,99.2,88.0,85.86,10.0,9.81,14,2.37,5.0,Excellent,INT4357,100.0
1.93,25.7,80.6,62.52,2.8,2.15,12,4.57,2.12,Average,INT4358,57.1
3.21,69.2,46.4,47.95,8.27,5.85,12,4.18,4.31,Good,INT4359,81.22
3.96,98.1,94.2,76.71,5.93,9.65,11,1.76,3.37,Excellent,INT4360,89.59
3.89,92.2,92.4,92.22,4.53,8.45,12,1.18,2.81,Excellent,INT4361,99.99
2.25,88.2,20.1,86.47,9.9,7.14,10,4.75,4.96,Good,INT4362,77.76
2.14,9.9,43.7,91.59,1.6,0.95,8,6.05,1.64,Average,INT4363,66.66
2.04,51.2,45.9,60.58,10.0,5.46,8,4.2,5.0,Good,INT4364,79.8
0.52,27.8,38.4,82.01,2.75,4.88,15,2.39,2.1,Average,INT4365,63.87
0.57,64.8,81.6,52.01,6.62,4.66,5,4.54,3.65,Fair,INT4366,53.28
3.36,92.5,76.6,53.45,10.0,9.33,17,1.82,5.0,Excellent,INT4367,90.83
3.1,79.5,55.7,85.68,9.7,8.37,11,3.19,4.88,Good,INT4368,79.43
3.36,93.2,98.5,51.22,9.12,9.48,18,2.39,4.65,Excellent,INT4369,92.48
3.11,92.5,74.1,78.99,2.8,8.44,17,2.15,2.12,Excellent,INT4370,93.12
1.69,23.5,35.2,92.02,7.5,8.71,13,1.88,4.0,Excellent,INT4371,94.22
3.65,86.5,86.9,69.0,9.07,9.35,11,3.27,4.63,Good,INT4372,78.62
2.68,38.6,57.0,19.19,5.1,5.86,8,3.92,3.04,Good,INT4373,82.11
2.52,81.3,79.4,85.69,2.72,4.59,16,3.2,2.09,Good,INT4374,71.91
3.6,85.9,98.0,96.48,7.5,7.37,13,3.84,4.0,Excellent,INT4375,85.81
3.53,52.0,18.1,85.86,7.75,6.23,13,3.52,4.1,Excellent,INT4376,85.03
2.75,29.0,49.4,6.61,10.0,1.9,6,3.4,5.0,Good,INT4377,82.48
0.12,5.6,10.3,61.5,8.73,1.61,10,5.62,4.49,Average,INT4378,55.32
3.27,14.1,41.1,50.77,0.55,2.43,9,2.14,1.22,Average,INT4379,59.13
0.1,26.5,9.3,84.73,2.35,1.49,9,4.45,1.94,Fair,INT4380,49.81
3.79,79.7,77.6,61.55,8.85,9.9,17,1.8,4.54,Excellent,INT4381,95.71
2.47,61.9,88.4,92.91,0.85,8.86,17,1.04,1.34,Excellent,INT4382,86.15
1.13,54.4,44.9,73.32,2.48,2.05,7,4.5,1.99,Average,INT4383,60.57
0.77,7.2,6.0,76.53,1.0,9.12,13,4.0,1.4,Fair,INT4384,49.84
0.93,51.5,31.7,87.7,10.0,6.42,17,6.34,5.0,Good,INT4385,71.47
2.62,67.6,69.4,88.97,3.38,2.64,14,4.66,2.35,Good,INT4386,80.62
2.71,50.5,11.2,13.4,10.0,2.14,11,6.8,5.0,Average,INT4387,65.98
3.02,66.1,85.7,7.25,3.95,6.64,15,1.66,2.58,Excellent,INT4388,89.17
0.85,52.1,80.6,99.11,1.15,1.97,14,1.89,1.46,Good,INT4389,79.33
3.48,90.4,91.6,9.65,5.05,9.14,13,1.04,3.02,Good,INT4390,83.7
1.53,19.3,30.4,91.21,0.0,0.56,14,2.24,1.0,Average,INT4391,64.0
3.28,88.9,87.9,49.74,7.5,9.45,17,3.76,4.0,Excellent,INT4392,86.39
0.14,6.0,3.9,83.17,0.37,2.28,10,4.77,1.15,Fair,INT4393,45.15
2.79,61.4,61.2,2.6,3.8,4.71,9,1.01,2.52,Good,INT4394,79.96
0.71,24.0,11.4,63.57,9.05,2.77,12,7.0,4.62,Fair,INT4395,48.16
0.53,26.6,13.0,50.28,4.78,1.26,13,5.96,2.91,Fair,INT4396,53.15
2.77,91.7,88.4,56.87,10.0,6.57,18,2.93,5.0,Excellent,INT4397,89.96
1.58,57.2,6.8,71.96,4.32,5.12,17,1.69,2.73,Average,INT4398,63.74
1.36,74.9,24.3,57.33,9.72,4.95,14,2.29,4.89,Good,INT4399,78.35
1.29,39.7,12.9,95.08,0.03,1.91,6,2.0,1.01,Average,INT4400,64.99
2.71,63.9,26.3,67.68,4.38,3.45,18,1.53,2.75,Average,INT4401,60.17
0.81,30.7,58.6,53.58,3.8,5.3,9,4.3,2.52,Fair,INT4402,53.13
0.23,3.9,36.4,62.45,2.62,4.35,4,2.53,2.05,Fair,INT4403,49.63
3.7,76.4,86.8,90.95,9.9,9.16,24,3.25,4.96,Excellent,INT4404,85.9
1.06,27.1,34.6,90.15,4.8,2.43,6,6.44,2.92,Average,INT4405,56.59
1.23,33.1,36.2,74.87,0.0,4.77,8,4.87,1.0,Fair,INT4406,48.84
0.6,16.8,43.7,66.97,4.4,0.56,13,7.0,2.76,Fair,INT4407,42.16
3.71,72.1,39.7,98.81,3.63,9.49,12,1.65,2.45,Excellent,INT4408,92.56
2.73,93.5,81.0,5.99,10.0,8.34,15,3.23,5.0,Good,INT4409,78.32
0.55,15.2,11.8,62.52,1.88,5.78,6,4.02,1.75,Average,INT4410,56.18
3.93,88.2,91.4,87.92,9.55,7.71,15,1.1,4.82,Excellent,INT4411,87.54
3.76,70.3,87.4,0.18,7.5,6.47,9,1.0,4.0,Excellent,INT4412,92.06
3.05,34.9,76.0,24.6,10.0,7.18,8,5.07,5.0,Average,INT4413,67.94
0.98,22.1,67.3,48.19,0.0,1.96,6,5.27,1.0,Average,INT4414,56.28
1.7,64.0,26.6,89.7,4.68,8.25,5,3.29,2.87,Good,INT4415,77.4
2.55,37.9,67.7,63.79,5.78,7.13,14,3.76,3.31,Average,INT4416,68.21
3.33,95.2,75.7,75.4,10.0,9.54,9,3.55,5.0,Good,INT4417,78.77
2.89,77.1,66.8,5.46,5.7,8.02,7,1.0,3.28,Excellent,INT4418,85.79
3.6,89.3,98.6,97.16,7.5,9.56,13,3.42,4.0,Excellent,INT4419,98.47
1.37,73.3,72.1,63.33,0.0,4.21,5,1.94,1.0,Average,INT4420,60.49
3.92,92.6,87.8,96.83,10.0,9.49,14,1.58,5.0,Excellent,INT4421,100.0
2.72,66.1,76.3,90.24,2.88,5.18,12,6.77,2.15,Average,INT4422,63.92
1.76,16.1,40.5,86.54,4.22,3.83,7,4.88,2.69,Good,INT4423,72.95
0.65,6.1,14.3,50.65,0.0,5.9,12,5.43,1.0,Fair,INT4424,50.94
0.98,41.4,25.2,80.27,1.3,1.4,12,2.63,1.52,Average,INT4425,68.3
1.2,67.7,77.0,62.2,9.7,7.24,9,2.98,4.88,Good,INT4426,77.01
1.46,46.1,47.8,59.47,9.07,6.69,8,2.86,4.63,Good,INT4427,76.4
0.84,38.2,40.8,93.32,0.0,5.1,9,1.88,1.0,Average,INT4428,69.22
2.32,77.5,87.0,86.26,2.97,4.82,19,1.59,2.19,Good,INT4429,84.8
0.17,2.3,6.8,66.83,2.88,0.34,8,3.92,2.15,Poor,INT4430,32.97
3.29,55.3,94.4,80.75,7.5,5.33,8,5.16,4.0,Good,INT4431,79.28
2.25,63.4,57.8,0.0,10.0,1.28,15,4.3,5.0,Excellent,INT4432,85.44
2.11,11.2,63.1,57.93,0.0,5.27,7,3.36,1.0,Fair,INT4433,47.82
1.64,42.8,79.5,76.59,10.0,2.39,22,6.81,5.0,Average,INT4434,69.69
3.77,96.1,98.3,0.88,8.7,7.43,22,1.14,4.48,Excellent,INT4435,93.76
2.24,55.8,91.7,54.81,5.52,7.69,20,2.91,3.21,Average,INT4436,65.27
3.21,47.4,16.8,73.35,6.7,5.1,10,2.62,3.68,Good,INT4437,76.69
1.95,26.3,54.4,79.51,6.42,3.94,5,5.99,3.57,Average,INT4438,59.64
0.57,5.9,15.5,52.35,6.05,1.16,8,6.48,3.42,Fair,INT4439,51.86
0.53,38.3,45.3,70.1,2.9,6.74,9,2.18,2.16,Average,INT4440,69.86
0.28,60.2,13.1,62.88,7.22,1.03,7,6.02,3.89,Fair,INT4441,40.82
0.67,14.3,6.2,51.53,3.75,1.47,4,5.64,2.5,Fair,INT4442,48.49
0.25,10.9,13.0,26.11,0.0,1.3,12,2.33,1.0,Average,INT4443,56.5
3.36,75.3,61.6,56.95,7.5,6.76,11,3.18,4.0,Good,INT4444,81.69
2.02,24.1,66.3,29.07,0.97,6.25,16,3.95,1.39,Average,INT4445,61.11
0.47,22.7,16.3,90.17,1.5,5.47,6,6.95,1.6,Average,INT4446,57.5
3.28,81.3,81.6,66.83,3.95,6.25,8,2.16,2.58,Excellent,INT4447,95.81
2.57,73.2,15.7,57.35,4.47,2.12,10,5.51,2.79,Fair,INT4448,52.24
3.44,34.4,34.3,55.01,9.45,8.9,14,2.92,4.78,Average,INT4449,64.63
2.56,71.7,57.3,64.9,7.08,8.23,15,5.01,3.83,Good,INT4450,77.12
3.31,65.3,82.7,67.48,3.87,7.54,12,3.78,2.55,Excellent,INT4451,93.61
0.36,30.1,49.0,68.22,0.0,1.71,7,4.3,1.0,Fair,INT4452,45.67
0.58,19.3,5.4,57.99,4.22,1.94,5,6.25,2.69,Fair,INT4453,51.88
1.92,85.0,59.8,41.26,9.23,5.27,15,5.69,4.69,Good,INT4454,72.01
0.91,41.9,58.8,44.94,0.0,3.78,9,6.69,1.0,Fair,INT4455,47.5
3.84,67.0,49.1,51.48,3.22,8.69,15,1.03,2.29,Good,INT4456,70.34
0.74,83.9,56.3,81.38,0.0,0.84,7,4.65,1.0,Fair,INT4457,53.28
0.74,51.5,28.3,35.28,3.15,2.72,9,1.93,2.26,Average,INT4458,62.33
1.11,42.4,73.2,50.49,2.4,4.48,18,3.94,1.96,Good,INT4459,75.89
2.74,69.1,57.4,83.69,5.2,5.85,7,4.44,3.08,Good,INT4460,75.27
2.94,89.9,87.0,63.73,9.2,8.61,16,3.01,4.68,Excellent,INT4461,88.44
3.16,83.1,93.5,81.44,5.22,7.65,15,4.16,3.09,Good,INT4462,83.38
0.21,31.1,21.5,67.1,1.92,1.18,10,7.0,1.77,Poor,INT4463,39.96
1.59,50.6,56.2,76.48,0.0,5.99,13,1.32,1.0,Average,INT4464,58.22
2.62,91.0,83.3,39.62,10.0,8.11,7,4.72,5.0,Good,INT4465,82.34
2.56,41.1,39.6,85.03,0.0,8.76,10,3.92,1.0,Good,INT4466,71.15
2.15,92.6,55.2,79.18,5.12,8.64,13,2.19,3.05,Good,INT4467,74.15
3.81,96.5,72.7,54.09,8.55,5.71,20,2.16,4.42,Excellent,INT4468,90.6
2.7,79.0,25.3,82.15,7.85,5.09,13,7.0,4.14,Average,INT4469,57.37
1.68,13.6,23.3,84.36,1.65,0.91,4,5.87,1.66,Fair,INT4470,45.4
2.94,62.7,75.8,68.54,7.5,6.85,14,6.49,4.0,Good,INT4471,72.6
3.38,51.4,77.5,93.79,10.0,7.51,4,7.0,5.0,Good,INT4472,79.24
2.39,58.2,88.6,66.83,2.0,6.62,10,2.45,1.8,Average,INT4473,62.24
3.44,30.4,90.7,58.76,10.0,6.92,11,3.42,5.0,Good,INT4474,81.72
2.57,74.4,25.3,95.21,3.4,7.66,11,5.44,2.36,Average,INT4475,65.92
2.86,78.0,41.4,72.04,2.75,4.14,10,3.76,2.1,Average,INT4476,65.3
3.65,50.3,92.0,86.19,8.65,9.19,18,3.05,4.46,Excellent,INT4477,91.46
2.99,89.5,82.6,90.7,4.73,7.72,13,3.01,2.89,Excellent,INT4478,90.78
1.26,35.8,36.9,75.26,0.13,3.45,6,4.73,1.05,Fair,INT4479,53.31
2.23,28.6,16.7,31.14,6.12,4.89,11,4.16,3.45,Fair,INT4480,53.98
2.94,58.0,32.3,95.77,2.0,7.98,11,2.28,1.8,Average,INT4481,63.57
1.21,11.8,59.8,30.29,5.12,5.09,6,3.55,3.05,Average,INT4482,64.03
0.49,23.2,3.9,2.15,0.0,1.58,12,3.83,1.0,Fair,INT4483,46.55
0.97,44.6,5.5,68.08,0.0,7.66,18,4.43,1.0,Average,INT4484,61.57
2.53,47.3,64.4,8.65,2.72,5.75,13,2.49,2.09,Average,INT4485,64.48
0.59,10.0,20.9,96.94,3.55,3.42,17,5.3,2.42,Average,INT4486,60.14
2.86,65.0,66.1,7.07,0.0,7.68,5,1.4,1.0,Average,INT4487,57.56
3.34,89.0,93.5,93.19,3.35,7.95,9,3.07,2.34,Excellent,INT4488,91.45
0.38,23.4,7.3,62.91,1.6,7.04,4,5.35,1.64,Fair,INT4489,40.43
2.98,36.9,10.8,98.53,2.77,4.24,3,3.97,2.11,Average,INT4490,65.58
3.12,99.4,85.9,49.91,7.5,9.7,15,2.78,4.0,Excellent,INT4491,90.0
2.69,16.3,19.9,50.35,10.0,4.34,10,5.06,5.0,Average,INT4492,63.92
0.53,23.1,14.1,51.71,6.2,1.77,11,4.81,3.48,Fair,INT4493,43.37
0.03,7.0,12.4,57.37,0.0,0.4,13,5.82,1.0,Poor,INT4494,32.28
3.38,90.5,64.0,59.38,10.0,4.71,21,5.26,5.0,Average,INT4495,69.01
2.18,43.9,37.3,62.39,3.4,4.66,5,4.51,2.36,Average,INT4496,68.61
1.77,67.7,78.4,61.14,9.65,3.25,3,3.56,4.86,Good,INT4497,73.55
1.31,65.6,70.3,98.46,3.95,3.92,16,1.89,2.58,Excellent,INT4498,86.23
1.1,34.1,54.0,81.81,0.95,6.02,15,2.65,1.38,Good,INT4499,72.05
3.45,23.7,60.5,84.63,2.0,7.19,10,3.81,1.8,Average,INT4500,67.01
0.66,26.9,8.7,66.83,6.98,3.45,5,4.3,3.79,Average,INT4501,68.13
2.82,94.2,94.3,94.64,10.0,8.68,18,3.87,5.0,Excellent,INT4502,87.23
1.0,27.3,25.6,83.39,2.5,0.93,10,2.33,2.0,Average,INT4503,59.32
2.53,83.6,58.1,7.9,7.25,9.71,5,1.0,3.9,Excellent,INT4504,89.57
0.55,62.4,22.5,97.82,2.32,5.6,13,3.91,1.93,Average,INT4505,59.98
3.49,26.1,88.0,56.28,0.0,8.97,8,3.17,1.0,Average,INT4506,69.93
3.1,36.5,45.6,54.83,10.0,3.29,10,5.56,5.0,Good,INT4507,73.37
2.32,13.2,73.2,1.94,1.12,7.24,11,1.42,1.45,Good,INT4508,84.76
3.06,90.6,87.2,93.31,4.68,5.29,8,4.34,2.87,Excellent,INT4509,90.76
1.33,40.8,44.5,79.19,3.8,6.22,9,6.29,2.52,Average,INT4510,59.04
3.2,90.8,55.8,68.3,4.35,8.37,14,1.81,2.74,Excellent,INT4511,89.79
2.22,67.2,66.3,54.3,5.07,7.94,8,3.59,3.03,Good,INT4512,81.66
1.82,79.1,21.9,65.28,2.0,3.99,16,1.63,1.8,Average,INT4513,62.83
0.33,14.0,11.3,66.83,0.0,0.61,4,4.59,1.0,Fair,INT4514,47.89
1.24,56.9,20.8,74.41,1.45,3.16,12,4.66,1.58,Average,INT4515,65.11
2.68,51.5,44.1,60.81,0.0,5.26,11,3.93,1.0,Average,INT4516,57.45
2.99,66.7,25.5,37.19,0.0,5.29,16,3.97,1.0,Average,INT4517,67.1
0.77,76.0,40.4,97.83,4.22,4.3,5,6.59,2.69,Average,INT4518,60.91
3.0,58.7,95.4,91.99,7.08,7.22,23,2.34,3.83,Excellent,INT4519,100.0
1.86,48.2,78.8,0.0,6.32,4.98,4,3.92,3.53,Good,INT4520,80.97
3.23,43.6,14.5,62.14,7.35,7.19,10,6.59,3.94,Average,INT4521,68.94
2.43,78.4,59.4,67.74,8.93,8.28,12,4.16,4.57,Good,INT4522,84.18
2.5,54.9,81.4,90.6,7.5,7.29,13,6.58,4.0,Good,INT4523,77.9
1.45,24.7,56.2,96.15,4.07,4.55,13,4.43,2.63,Average,INT4524,58.41
2.52,89.1,45.9,97.35,4.45,5.15,11,5.73,2.78,Average,INT4525,68.59
0.87,29.6,22.3,84.16,4.68,6.98,3,3.54,2.87,Average,INT4526,64.76
1.84,79.3,29.0,60.57,3.5,3.24,15,5.86,2.4,Fair,INT4527,53.01
0.91,27.9,3.4,51.99,3.1,2.14,16,6.12,2.24,Fair,INT4528,43.94
2.52,37.8,59.7,26.44,5.78,6.18,12,3.98,3.31,Good,INT4529,70.0
3.6,88.8,92.8,76.11,8.52,9.21,13,1.98,4.41,Good,INT4530,80.03
3.57,78.5,65.5,73.1,0.23,4.86,13,2.17,1.09,Good,INT4531,78.94
3.91,97.0,58.9,1.92,10.0,9.0,10,2.38,5.0,Excellent,INT4532,98.01
3.05,23.1,82.1,73.25,0.0,9.01,8,2.74,1.0,Fair,INT4533,53.71
3.43,11.1,49.9,66.83,4.38,7.99,10,3.19,2.75,Good,INT4534,75.01
2.87,55.3,65.6,51.21,2.75,4.37,8,4.57,2.1,Average,INT4535,65.63
0.66,47.8,9.3,66.83,1.0,4.52,16,4.95,1.4,Fair,INT4536,51.04
2.36,48.1,14.5,47.06,8.12,3.34,6,3.81,4.25,Average,INT4537,69.24
2.0,52.4,48.4,81.53,2.0,4.44,6,5.13,1.8,Average,INT4538,56.77
3.72,78.9,86.3,58.58,10.0,5.83,13,1.18,5.0,Excellent,INT4539,88.22
2.39,41.7,44.8,88.23,0.0,6.62,19,1.53,1.0,Good,INT4540,79.96
3.07,71.4,61.3,68.22,2.8,5.11,11,2.52,2.12,Average,INT4541,69.41
2.02,86.9,22.7,66.63,3.48,9.05,23,4.29,2.39,Good,INT4542,74.49
1.1,24.5,12.6,54.9,0.0,1.45,13,2.66,1.0,Average,INT4543,62.21
1.06,11.3,27.7,55.98,4.85,5.97,13,2.23,2.94,Average,INT4544,63.76
2.52,43.9,65.0,41.35,8.17,4.15,12,3.77,4.27,Average,INT4545,64.88
0.61,53.9,6.4,89.77,3.02,2.8,20,6.07,2.21,Average,INT4546,61.58
2.37,81.5,76.4,5.13,9.25,5.2,7,1.0,4.7,Good,INT4547,83.54
3.05,25.6,64.9,83.27,3.5,3.99,12,4.43,2.4,Good,INT4548,71.88
2.15,59.3,80.8,96.72,5.18,6.64,9,4.77,3.07,Average,INT4549,66.99
2.21,8.8,37.9,51.03,4.05,1.77,6,6.21,2.62,Fair,INT4550,52.77
0.4,23.7,36.1,28.03,2.57,0.97,5,6.77,2.03,Poor,INT4551,34.83
2.52,68.7,91.7,3.31,5.28,3.62,12,1.54,3.11,Good,INT4552,75.97
3.38,77.5,61.3,82.32,5.1,9.69,12,1.87,3.04,Excellent,INT4553,95.29
2.18,65.4,53.8,64.65,6.0,4.92,12,3.92,3.4,Average,INT4554,65.14
3.6,78.8,28.2,74.72,2.08,5.23,7,3.71,1.83,Average,INT4555,56.88
1.76,39.4,41.3,52.1,1.57,6.47,11,4.09,1.63,Fair,INT4556,51.44
0.96,12.7,56.6,59.62,0.0,1.93,9,4.63,1.0,Average,INT4557,56.18
3.24,77.0,74.0,71.22,0.32,7.15,10,5.56,1.13,Average,INT4558,61.02
2.2,78.0,49.3,91.7,6.1,5.99,14,6.42,3.44,Average,INT4559,68.44
0.05,11.4,2.5,73.98,0.0,0.18,1,6.64,1.0,Poor,INT4560,37.66
2.1,50.3,67.1,79.32,2.22,5.43,10,4.83,1.89,Good,INT4561,73.56
0.55,58.2,17.9,93.69,4.62,1.48,12,2.51,2.85,Average,INT4562,63.47
0.33,79.1,21.8,32.27,6.68,3.47,12,6.67,3.67,Fair,INT4563,54.59
3.45,86.5,92.5,8.61,10.0,7.65,10,3.92,5.0,Excellent,INT4564,99.49
2.93,74.4,80.3,1.08,8.5,5.17,18,3.92,4.4,Good,INT4565,78.73
0.92,4.2,28.0,33.14,0.0,1.45,8,6.8,1.0,Poor,INT4566,35.5
2.47,31.0,39.1,38.38,4.85,4.9,9,2.55,2.94,Excellent,INT4567,89.87
3.8,75.7,95.7,66.83,10.0,9.68,10,2.66,5.0,Excellent,INT4568,100.0
3.47,92.9,90.2,99.16,5.22,9.74,17,1.65,3.09,Excellent,INT4569,100.0
1.75,21.5,23.6,61.16,3.63,2.9,3,6.63,2.45,Fair,INT4570,49.91
2.09,33.5,10.3,53.32,0.0,3.64,5,3.58,1.0,Fair,INT4571,52.52
3.29,54.6,20.9,27.59,4.42,4.18,16,5.27,2.77,Good,INT4572,71.66
3.14,66.0,27.4,69.89,4.82,8.22,13,2.59,2.93,Good,INT4573,78.06
1.73,46.0,72.1,51.07,3.53,7.69,10,5.24,2.41,Good,INT4574,76.5
2.68,49.1,23.2,59.83,0.93,6.75,3,5.45,1.37,Average,INT4575,56.49
3.68,29.8,24.8,94.98,0.85,6.15,14,3.92,1.34,Good,INT4576,76.83
3.11,73.7,58.2,66.52,10.0,6.41,10,3.05,5.0,Excellent,INT4577,87.96
1.07,33.0,48.0,92.5,9.23,3.27,9,2.34,4.69,Good,INT4578,79.76
0.16,7.2,11.8,54.67,0.9,2.13,13,7.0,1.36,Poor,INT4579,29.86
0.69,6.1,26.8,26.85,0.0,3.1,14,4.93,1.0,Fair,INT4580,45.64
0.9,45.6,30.7,75.2,4.32,0.89,15,6.66,2.73,Average,INT4581,57.87
1.34,19.0,16.4,52.98,0.0,3.75,10,2.36,1.0,Fair,INT4582,44.22
1.56,39.6,53.0,69.62,6.62,2.49,5,5.33,3.65,Average,INT4583,56.98
3.21,19.6,55.4,94.84,3.7,8.23,15,5.61,2.48,Average,INT4584,64.95
1.98,17.4,40.9,62.07,7.3,5.55,12,5.64,3.92,Average,INT4585,65.23
0.46,17.8,53.0,85.3,1.05,5.26,6,7.0,1.42,Fair,INT4586,47.01
3.02,94.3,89.7,65.12,7.32,9.22,12,3.2,3.93,Excellent,INT4587,85.7
1.52,63.3,45.4,52.25,0.0,7.22,10,1.82,1.0,Average,INT4588,56.71
0.79,27.1,20.3,66.83,5.4,5.04,11,5.08,3.16,Average,INT4589,63.78
1.8,7.1,13.5,91.74,4.68,3.02,5,5.57,2.87,Fair,INT4590,46.21
3.65,36.3,15.0,66.83,9.35,4.62,12,4.64,4.74,Average,INT4591,69.6
3.92,95.7,97.7,58.88,10.0,8.43,7,2.53,5.0,Excellent,INT4592,98.97
3.38,89.6,63.5,95.0,7.7,6.51,15,3.55,4.08,Excellent,INT4593,88.03
1.63,72.7,83.7,89.48,7.55,8.18,15,3.31,4.02,Good,INT4594,81.72
2.39,86.9,55.2,59.69,6.85,1.15,9,3.13,3.74,Average,INT4595,64.83
2.91,70.2,94.9,53.09,10.0,8.21,14,4.85,5.0,Good,INT4596,84.58
3.62,71.0,77.3,8.56,6.85,6.1,16,5.89,3.74,Good,INT4597,81.38
2.98,64.4,95.5,87.3,10.0,9.71,19,2.38,5.0,Excellent,INT4598,100.0
2.76,65.0,43.0,74.73,7.98,5.72,15,2.99,4.19,Average,INT4599,65.06
3.53,98.2,70.8,17.55,4.9,8.99,18,2.34,2.96,Excellent,INT4600,92.25
2.3,31.8,60.2,78.5,2.0,8.32,13,2.27,1.8,Average,INT4601,66.43
1.19,38.2,3.6,74.61,4.53,1.95,16,5.29,2.81,Fair,INT4602,47.38
0.74,32.3,7.7,75.9,2.9,0.81,6,6.38,2.16,Poor,INT4603,35.14
2.39,43.1,28.1,93.95,4.73,4.8,5,3.05,2.89,Average,INT4604,69.81
2.92,67.9,33.8,94.74,2.68,6.38,13,5.83,2.07,Good,INT4605,72.94
1.46,83.4,66.6,72.68,8.02,4.27,11,5.99,4.21,Average,INT4606,66.94
1.63,42.3,52.4,72.79,7.3,2.96,10,6.26,3.92,Average,INT4607,67.64
3.77,92.5,79.9,75.76,5.8,9.6,16,2.01,3.32,Good,INT4608,84.23
1.1,5.1,33.5,75.98,4.65,2.49,7,6.83,2.86,Average,INT4609,58.96
2.67,84.0,58.9,97.52,6.57,6.49,11,2.97,3.63,Excellent,INT4610,87.19
2.1,69.7,95.0,82.47,7.9,3.36,13,3.15,4.16,Good,INT4611,71.86
3.89,74.5,92.3,63.87,7.92,9.31,16,1.54,4.17,Excellent,INT4612,89.11
1.49,36.7,43.2,76.58,1.78,4.65,11,3.49,1.71,Good,INT4613,77.35
2.28,83.6,86.8,60.44,6.48,6.59,14,1.97,3.59,Excellent,INT4614,88.44
3.13,59.0,87.7,1.78,2.85,4.54,12,2.85,2.14,Good,INT4615,82.12
3.53,96.5,75.6,79.26,7.5,9.17,11,2.46,4.0,Excellent,INT4616,88.6
0.04,6.2,1.4,22.72,0.0,0.13,2,5.95,1.0,Fair,INT4617,43.2
1.02,11.6,3.8,51.68,5.8,1.58,9,6.34,3.32,Fair,INT4618,43.78
3.42,91.2,82.1,66.83,5.28,8.77,12,2.32,3.11,Excellent,INT4619,85.23
1.58,51.7,43.5,71.38,2.42,6.2,9,5.99,1.97,Average,INT4620,59.9
0.77,50.1,7.5,53.09,3.9,4.23,6,6.61,2.56,Average,INT4621,64.1
1.07,46.5,25.6,90.75,0.0,3.62,16,5.65,1.0,Average,INT4622,57.93
1.6,48.2,52.2,67.2,4.68,7.68,12,2.31,2.87,Good,INT4623,72.62
3.71,95.1,87.0,95.68,6.38,9.64,10,5.32,3.55,Excellent,INT4624,87.46
1.64,55.9,57.3,57.72,4.15,7.0,13,6.2,2.66,Fair,INT4625,47.5
1.96,38.7,42.1,8.71,0.15,1.04,7,4.68,1.06,Fair,INT4626,52.04
1.0,39.9,82.0,42.22,2.82,2.48,8,3.21,2.13,Average,INT4627,64.27
3.2,50.3,68.2,59.46,0.0,2.75,7,4.05,1.0,Fair,INT4628,54.44
0.69,15.4,59.0,96.87,4.05,6.83,11,4.5,2.62,Good,INT4629,75.09
0.08,11.8,4.3,50.52,0.0,0.59,5,4.17,1.0,Fair,INT4630,41.52
3.56,89.1,41.9,70.63,10.0,4.75,14,2.03,5.0,Excellent,INT4631,88.16
3.19,74.5,30.9,96.34,2.8,5.3,11,3.12,2.12,Excellent,INT4632,92.63
0.71,17.0,20.8,69.22,3.9,2.02,7,5.56,2.56,Fair,INT4633,49.24
1.38,17.8,38.3,54.66,1.95,4.25,11,5.93,1.78,Average,INT4634,62.54
3.37,82.4,87.3,38.0,5.52,4.6,10,2.29,3.21,Good,INT4635,81.37
0.45,9.0,16.6,74.9,1.35,0.67,8,7.0,1.54,Fair,INT4636,44.74
0.13,26.6,28.2,59.26,0.23,0.14,7,2.79,1.09,Average,INT4637,56.39
1.59,12.8,55.9,73.33,8.1,0.31,11,5.29,4.24,Average,INT4638,59.77
2.39,34.6,21.5,91.82,6.5,5.75,11,5.17,3.6,Average,INT4639,68.6
3.08,33.8,34.6,93.63,8.38,5.61,14,3.92,4.35,Good,INT4640,71.31
3.19,83.8,45.4,66.83,4.82,4.95,9,6.35,2.93,Fair,INT4641,53.39
2.93,61.3,45.2,58.05,5.18,9.04,5,3.92,3.07,Good,INT4642,82.32
1.16,41.2,47.6,63.76,9.57,1.85,8,6.5,4.83,Average,INT4643,64.02
3.81,31.0,81.7,79.74,3.68,3.13,10,1.87,2.47,Excellent,INT4644,87.56
1.6,39.0,57.1,68.05,7.38,3.41,18,4.99,3.95,Good,INT4645,75.2
1.07,33.8,25.4,92.2,0.0,0.35,10,5.8,1.0,Average,INT4646,55.97
2.82,82.2,46.7,85.83,10.0,5.97,15,5.37,5.0,Good,INT4647,83.53
1.46,30.9,60.3,66.83,10.0,6.05,16,2.11,5.0,Good,INT4648,71.25
3.14,48.8,72.5,81.23,3.22,7.0,16,6.38,2.29,Good,INT4649,74.84
2.21,86.5,30.1,55.65,7.48,7.36,15,2.23,3.99,Average,INT4650,69.53
1.58,86.9,10.4,62.75,1.67,3.92,9,1.54,1.67,Average,INT4651,62.71
1.28,75.7,79.3,58.89,2.92,3.97,5,5.52,2.17,Average,INT4652,60.07
1.19,71.5,79.4,58.65,1.2,2.38,13,3.52,1.48,Fair,INT4653,54.89
0.88,77.7,44.7,28.77,4.47,4.79,7,5.91,2.79,Average,INT4654,63.28
2.17,92.6,47.2,9.61,4.25,2.29,15,3.92,2.7,Good,INT4655,71.51
3.21,74.6,91.6,27.33,7.85,1.42,6,2.41,4.14,Excellent,INT4656,89.34
3.15,23.2,55.7,99.51,10.0,5.18,4,5.8,5.0,Average,INT4657,69.54
2.37,91.6,56.6,71.09,6.35,6.88,10,3.81,3.54,Good,INT4658,75.69
0.27,16.5,61.6,54.85,0.0,7.13,4,2.5,1.0,Average,INT4659,62.53
3.13,26.9,29.6,32.82,9.35,6.74,13,5.2,4.74,Good,INT4660,75.4
2.63,31.5,36.5,79.19,10.0,6.31,4,3.9,5.0,Good,INT4661,83.57
2.45,59.8,70.6,98.95,7.4,5.54,15,4.48,3.96,Good,INT4662,78.54
1.48,10.8,50.3,78.6,5.3,2.82,9,3.69,3.12,Average,INT4663,61.6
0.7,11.2,53.2,97.45,4.85,2.86,14,5.85,2.94,Average,INT4664,63.42
2.94,21.8,67.3,72.21,0.0,5.75,5,6.05,1.0,Poor,INT4665,38.76
2.01,22.7,15.0,33.26,2.88,6.07,11,4.84,2.15,Average,INT4666,60.63
0.97,80.9,59.5,42.74,0.0,7.88,13,2.1,1.0,Average,INT4667,63.7
2.5,55.0,90.6,84.87,5.02,5.74,11,6.47,3.01,Average,INT4668,64.7
3.55,81.2,53.6,45.17,3.97,4.97,9,5.46,2.59,Average,INT4669,67.24
1.64,50.2,23.1,66.44,3.4,6.68,9,5.56,2.36,Average,INT4670,66.79
0.25,12.5,1.8,51.46,8.98,3.39,6,3.34,4.59,Average,INT4671,60.89
0.87,65.3,44.8,71.99,10.0,4.57,13,6.0,5.0,Average,INT4672,65.79
0.42,32.4,39.4,75.55,3.08,3.47,3,4.9,2.23,Fair,INT4673,45.56
3.79,74.1,86.6,80.35,10.0,8.66,7,1.28,5.0,Excellent,INT4674,87.42
1.3,9.2,15.7,63.8,3.7,2.55,7,3.27,2.48,Average,INT4675,56.57
0.18,29.1,21.8,71.37,0.0,1.58,8,6.32,1.0,Poor,INT4676,36.37
2.56,26.0,60.7,0.0,0.0,3.33,3,1.77,1.0,Average,INT4677,68.15
2.41,65.5,57.2,84.35,7.15,4.99,12,6.71,3.86,Average,INT4678,65.68
0.79,30.4,11.7,88.68,8.05,5.31,12,5.09,4.22,Average,INT4679,61.2
1.47,26.6,59.7,47.09,10.0,7.66,14,4.99,5.0,Good,INT4680,81.33
1.96,74.8,46.3,67.08,0.25,8.01,12,2.3,1.1,Average,INT4681,68.18
2.41,42.1,7.4,99.97,4.22,6.1,11,2.92,2.69,Average,INT4682,59.28
1.91,47.8,62.1,92.43,9.18,3.43,10,6.68,4.67,Average,INT4683,68.23
0.97,21.7,24.4,2.21,0.0,0.69,6,2.57,1.0,Fair,INT4684,50.85
1.95,29.0,60.7,59.76,9.9,4.02,6,6.09,4.96,Average,INT4685,69.07
0.91,31.4,13.9,33.18,1.17,1.9,5,3.49,1.47,Fair,INT4686,52.35
0.95,20.4,52.1,72.62,2.95,5.01,7,1.82,2.18,Average,INT4687,67.36
2.91,49.7,88.9,8.0,2.62,8.28,11,1.14,2.05,Excellent,INT4688,95.31
3.65,86.4,95.2,88.92,4.55,8.99,13,4.52,2.82,Excellent,INT4689,87.1
1.57,35.1,37.7,62.03,5.72,0.27,4,6.5,3.29,Fair,INT4690,48.77
2.22,85.9,81.8,63.6,10.0,6.0,16,3.57,5.0,Good,INT4691,77.65
1.36,34.6,12.9,79.67,3.9,3.72,10,3.6,2.56,Average,INT4692,59.04
3.4,26.0,66.5,64.16,7.5,7.98,11,3.13,4.0,Good,INT4693,79.35
3.25,78.2,14.8,55.45,6.08,8.69,12,4.3,3.43,Good,INT4694,70.34
3.08,9.0,22.6,84.21,0.0,2.07,18,4.0,1.0,Average,INT4695,63.2
0.29,25.3,65.7,57.15,2.52,0.85,9,6.15,2.01,Poor,INT4696,39.78
2.35,80.0,14.5,54.42,2.0,2.41,10,4.52,1.8,Fair,INT4697,51.4
1.88,49.8,6.2,82.4,3.32,2.88,8,4.23,2.33,Average,INT4698,66.11
3.52,77.7,85.3,90.51,0.0,5.17,14,1.75,1.0,Good,INT4699,74.15
2.0,43.5,21.1,56.98,3.95,3.56,5,7.0,2.58,Average,INT4700,58.03
3.08,91.1,94.1,26.31,10.0,9.57,10,2.52,5.0,Excellent,INT4701,94.12
2.2,88.9,17.8,99.96,2.12,4.62,9,1.05,1.85,Average,INT4702,67.42
2.2,18.4,26.0,92.55,7.4,1.82,10,5.28,3.96,Good,INT4703,71.8
2.6,40.5,86.3,87.59,7.72,5.95,17,4.63,4.09,Good,INT4704,74.61
3.21,75.9,46.9,83.11,10.0,6.08,10,3.79,5.0,Good,INT4705,84.71
1.16,90.2,56.0,71.09,4.55,8.12,18,3.18,2.82,Good,INT4706,70.68
2.42,32.1,54.1,86.53,4.93,7.86,11,5.75,2.97,Average,INT4707,62.0
2.48,67.0,36.8,86.21,2.22,2.11,24,2.44,1.89,Good,INT4708,74.66
0.3,38.5,24.6,57.83,2.2,2.12,9,6.41,1.88,Fair,INT4709,50.56
0.7,41.0,26.7,89.81,0.05,1.28,2,5.27,1.02,Fair,INT4710,46.27
2.37,77.5,68.6,72.44,6.08,5.69,7,3.87,3.43,Average,INT4711,67.85
0.37,45.1,64.0,56.06,0.0,1.55,11,3.5,1.0,Fair,INT4712,47.58
3.32,85.1,98.6,8.4,3.0,5.23,15,2.88,2.2,Good,INT4713,81.11
0.11,9.6,25.1,36.17,4.68,3.61,6,5.18,2.87,Fair,INT4714,47.5
2.45,36.8,32.3,69.22,9.33,3.02,3,3.78,4.73,Average,INT4715,61.8
1.53,31.3,52.1,50.87,0.0,2.86,11,2.54,1.0,Fair,INT4716,48.61
2.36,97.7,70.0,69.14,10.0,7.93,11,4.94,5.0,Good,INT4717,79.82
0.53,44.1,18.6,90.44,7.5,3.6,12,6.58,4.0,Good,INT4718,75.02
2.26,47.1,35.6,49.68,0.0,3.13,12,3.25,1.0,Average,INT4719,56.51
0.85,4.1,42.7,17.64,5.42,0.3,6,6.27,3.17,Fair,INT4720,41.61
1.33,33.8,8.8,43.89,5.62,0.41,9,3.14,3.25,Good,INT4721,76.44
1.59,20.2,11.3,64.57,0.45,1.13,4,1.71,1.18,Average,INT4722,58.17
2.93,70.9,39.0,73.88,3.05,4.21,8,3.92,2.22,Good,INT4723,71.44
1.29,46.8,41.6,70.23,2.0,0.7,10,3.56,1.8,Average,INT4724,57.91
3.62,97.5,99.0,61.16,4.15,8.52,15,1.99,2.66,Excellent,INT4725,100.0
3.51,97.0,73.7,5.81,6.02,8.32,19,1.0,3.41,Excellent,INT4726,91.62
1.44,28.3,33.7,84.18,9.8,2.84,6,6.12,4.92,Average,INT4727,57.12
2.33,14.4,32.2,92.55,7.2,4.45,16,5.97,3.88,Average,INT4728,63.15
3.23,63.6,71.4,97.96,4.3,9.57,7,5.54,2.72,Excellent,INT4729,86.36
3.68,79.0,70.4,58.88,8.83,8.1,11,1.79,4.53,Excellent,INT4730,85.78
3.72,90.0,79.1,42.4,10.0,7.43,14,2.07,5.0,Excellent,INT4731,100.0
1.34,33.7,89.8,52.18,3.25,4.33,9,1.89,2.3,Average,INT4732,55.82
3.48,31.6,64.8,66.83,2.0,7.62,12,4.96,1.8,Fair,INT4733,47.22
1.73,46.0,12.6,56.27,10.0,0.62,11,6.09,5.0,Average,INT4734,60.54
3.51,25.8,84.3,91.89,7.43,3.44,15,3.92,3.97,Good,INT4735,77.08
0.57,17.3,35.6,55.69,2.0,0.84,1,1.4,1.8,Fair,INT4736,53.1
1.88,4.9,16.2,52.08,0.13,0.78,6,3.92,1.05,Fair,INT4737,44.92
3.33,78.9,76.4,54.8,8.38,8.7,10,2.98,4.35,Good,INT4738,84.2
3.58,96.7,83.7,98.58,6.2,9.74,15,3.67,3.48,Excellent,INT4739,93.91
0.3,31.0,14.2,82.75,3.08,5.94,9,4.89,2.23,Average,INT4740,60.41
2.44,56.0,15.3,64.39,8.4,6.29,17,3.92,4.36,Good,INT4741,72.01
2.08,83.6,78.1,62.04,9.92,7.32,9,1.17,4.97,Good,INT4742,83.24
3.36,69.8,69.9,7.73,5.55,8.27,14,1.0,3.22,Excellent,INT4743,86.4
0.44,36.2,52.7,87.83,3.77,3.77,10,6.79,2.51,Fair,INT4744,53.97
3.08,46.9,21.1,48.26,0.0,7.17,16,2.38,1.0,Average,INT4745,63.55
3.29,45.2,41.0,80.49,3.82,7.14,14,1.66,2.53,Good,INT4746,80.12
3.69,48.1,76.9,52.04,8.57,6.57,14,1.95,4.43,Average,INT4747,67.99
1.7,71.4,54.5,3.33,3.0,5.38,5,1.11,2.2,Excellent,INT4748,85.66
2.33,57.9,51.9,43.88,3.05,2.99,3,3.18,2.22,Average,INT4749,61.16
0.81,82.0,56.2,98.19,7.43,4.94,9,5.32,3.97,Good,INT4750,84.62
2.36,90.5,90.1,79.36,4.45,2.63,11,3.51,2.78,Average,INT4751,63.64
0.85,45.3,55.6,44.54,0.0,5.49,12,3.31,1.0,Average,INT4752,55.67
1.16,29.8,51.3,69.08,9.28,7.4,8,4.84,4.71,Average,INT4753,57.25
0.84,29.9,54.3,58.79,2.88,3.05,8,3.68,2.15,Average,INT4754,66.7
1.44,52.8,47.6,48.93,3.9,6.36,10,6.16,2.56,Average,INT4755,57.72
0.96,39.4,13.9,85.39,5.22,6.98,12,6.63,3.09,Good,INT4756,72.09
2.64,79.3,78.0,8.31,9.18,6.94,10,1.0,4.67,Good,INT4757,81.13
2.17,61.9,89.9,57.92,8.1,5.61,7,5.61,4.24,Average,INT4758,62.17
2.65,18.1,5.6,53.85,6.72,3.65,15,3.28,3.69,Good,INT4759,70.18
0.56,30.8,23.3,95.6,2.25,0.8,17,7.0,1.9,Fair,INT4760,43.14
2.84,12.2,14.0,61.65,3.2,5.95,12,4.04,2.28,Average,INT4761,64.38
2.22,76.7,77.7,67.21,10.0,8.73,14,7.0,5.0,Average,INT4762,67.57
0.25,27.4,13.9,64.03,2.18,2.31,7,5.5,1.87,Poor,INT4763,33.29
3.16,77.5,80.0,70.68,3.55,6.51,15,2.9,2.42,Average,INT4764,65.15
3.54,77.1,83.8,85.7,7.5,5.92,17,4.14,4.0,Good,INT4765,82.52
0.56,73.5,65.8,71.08,1.02,5.39,8,6.96,1.41,Fair,INT4766,50.6
0.85,8.3,38.2,59.13,6.57,0.63,8,6.35,3.63,Fair,INT4767,45.6
3.68,65.7,89.8,49.65,10.0,8.7,14,1.6,5.0,Excellent,INT4768,100.0
0.16,14.4,30.8,66.83,6.0,0.59,5,4.93,3.4,Fair,INT4769,45.25
2.98,23.0,54.2,99.03,0.15,2.36,12,2.89,1.06,Average,INT4770,64.32
3.36,66.3,69.5,2.75,8.1,7.84,10,1.0,4.24,Excellent,INT4771,89.14
0.78,44.1,10.9,50.36,10.0,4.4,12,3.35,5.0,Good,INT4772,74.88
1.74,43.9,83.7,75.78,0.0,4.46,15,2.52,1.0,Good,INT4773,73.66
0.6,46.9,27.6,57.54,0.15,6.53,5,5.53,1.06,Fair,INT4774,52.14
2.06,31.3,8.9,22.79,10.0,8.39,17,3.15,5.0,Good,INT4775,75.28
3.48,84.5,79.4,84.91,4.68,8.49,16,6.36,2.87,Good,INT4776,75.06
2.23,15.7,38.5,5.46,2.15,1.27,11,1.0,1.86,Good,INT4777,74.43
1.29,46.5,16.2,73.03,4.18,4.94,9,2.57,2.67,Average,INT4778,55.57
2.84,47.9,52.4,83.84,6.8,5.39,6,2.84,3.72,Good,INT4779,74.3
3.2,96.4,77.1,76.91,8.1,9.69,12,2.59,4.24,Excellent,INT4780,94.25
2.44,71.4,99.0,81.49,10.0,7.6,15,1.02,5.0,Excellent,INT4781,97.07
3.59,99.1,98.6,79.84,10.0,9.31,10,2.03,5.0,Excellent,INT4782,100.0
1.95,38.9,77.3,83.29,7.5,6.45,15,4.5,4.0,Good,INT4783,81.96
1.49,16.0,59.6,32.08,0.8,3.11,9,2.82,1.32,Average,INT4784,67.53
2.66,46.5,74.6,63.44,8.45,1.41,8,3.62,4.38,Average,INT4785,64.5
2.94,79.6,59.5,72.0,7.25,0.94,13,3.33,3.9,Good,INT4786,81.55
2.75,42.4,47.8,72.31,6.9,8.65,6,6.56,3.76,Average,INT4787,61.19
0.81,63.3,51.4,88.72,4.88,0.92,11,6.25,2.95,Average,INT4788,58.32
3.2,68.2,52.4,68.37,0.0,1.54,11,4.17,1.0,Fair,INT4789,52.05
3.73,56.6,88.2,58.13,4.25,8.4,9,3.47,2.7,Good,INT4790,79.91
1.3,57.2,29.1,62.57,2.05,1.3,12,3.92,1.82,Good,INT4791,73.67
0.19,4.7,6.2,40.51,3.12,0.09,22,7.0,2.25,Fair,INT4792,44.43
3.85,76.9,65.6,86.58,8.3,2.76,15,1.11,4.32,Excellent,INT4793,91.26
2.44,65.4,36.9,73.52,1.75,6.79,11,2.57,1.7,Good,INT4794,75.48
2.37,59.7,8.5,62.47,1.6,3.49,14,3.22,1.64,Average,INT4795,65.94
1.85,85.7,69.8,70.81,7.5,7.35,6,2.45,4.0,Good,INT4796,80.17
0.68,49.5,77.7,94.49,4.9,6.03,13,1.71,2.96,Good,INT4797,72.65
1.52,25.6,67.7,78.34,0.0,3.97,7,5.68,1.0,Fair,INT4798,53.75
2.13,50.0,35.8,46.27,6.08,5.61,17,1.63,3.43,Good,INT4799,81.81
1.3,89.2,66.4,93.19,4.8,4.86,10,4.94,2.92,Good,INT4800,74.37
3.64,75.2,82.9,53.95,7.15,7.02,13,1.43,3.86,Excellent,INT4801,94.21
3.16,97.6,95.1,96.73,4.68,8.31,18,1.0,2.87,Excellent,INT4802,100.0
3.18,38.6,44.9,91.58,6.9,3.71,9,6.33,3.76,Good,INT4803,76.52
3.08,76.9,56.4,99.59,3.4,9.01,9,2.16,2.36,Good,INT4804,71.01
0.44,21.3,4.2,81.15,4.7,1.23,14,5.99,2.88,Fair,INT4805,47.47
1.92,77.0,30.8,88.96,4.68,0.92,12,4.37,2.87,Good,INT4806,77.51
2.24,90.7,74.6,66.83,0.4,8.1,11,1.52,1.16,Good,INT4807,70.93
2.02,37.5,41.5,62.96,5.78,1.98,13,6.48,3.31,Average,INT4808,63.38
2.94,55.9,23.9,67.74,10.0,6.75,17,2.74,5.0,Good,INT4809,83.87
2.84,90.2,49.3,94.7,7.2,5.81,11,5.75,3.88,Good,INT4810,77.33
1.96,25.3,44.4,52.8,6.55,7.39,11,1.71,3.62,Average,INT4811,60.51
0.66,3.9,66.8,79.57,8.85,2.1,13,6.36,4.54,Average,INT4812,56.45
1.39,23.4,41.9,2.14,4.5,8.16,8,1.0,2.8,Good,INT4813,78.13
2.27,10.4,51.4,69.33,0.0,5.44,10,4.06,1.0,Average,INT4814,59.99
2.89,71.1,41.5,94.23,7.9,2.57,16,5.45,4.16,Good,INT4815,71.1
0.27,56.9,9.7,92.69,3.92,1.48,7,6.62,2.57,Average,INT4816,56.34
2.66,14.7,33.0,51.67,4.68,3.84,14,6.31,2.87,Average,INT4817,57.87
1.68,10.9,8.8,63.65,7.62,0.74,8,6.41,4.05,Fair,INT4818,48.89
1.35,18.9,12.8,73.77,4.18,0.6,8,6.19,2.67,Poor,INT4819,39.91
1.21,77.6,70.7,70.41,7.22,6.27,12,2.33,3.89,Good,INT4820,73.69
0.48,20.1,20.4,40.23,5.35,8.86,12,3.1,3.14,Average,INT4821,62.39
0.16,22.8,6.7,55.14,4.02,0.68,3,2.87,2.61,Fair,INT4822,45.46
2.29,56.7,66.8,77.16,5.07,6.76,11,3.33,3.03,Average,INT4823,64.53
2.19,83.0,28.6,65.09,2.28,3.29,6,3.43,1.91,Average,INT4824,56.74
1.28,51.4,46.2,83.04,5.93,3.5,10,4.27,3.37,Average,INT4825,60.73
1.01,46.5,45.9,38.48,3.32,7.14,6,2.27,2.33,Average,INT4826,65.23
1.07,41.9,18.5,6.74,9.07,8.57,15,4.7,4.63,Average,INT4827,65.02
2.25,56.3,40.4,52.62,8.93,5.17,17,2.4,4.57,Good,INT4828,79.79
3.63,95.4,95.1,99.63,5.8,9.79,14,3.92,3.32,Excellent,INT4829,89.7
1.07,26.3,48.8,75.38,7.5,3.97,7,4.37,4.0,Good,INT4830,84.07
1.12,2.3,28.6,21.32,8.52,0.62,5,5.29,4.41,Fair,INT4831,51.32
0.66,18.0,53.0,77.06,7.2,1.82,6,3.92,3.88,Average,INT4832,61.9
3.79,80.2,81.1,93.52,7.6,8.11,13,4.49,4.04,Good,INT4833,84.93
1.38,45.0,23.8,51.93,6.28,5.68,10,2.15,3.51,Good,INT4834,79.72
2.89,43.9,37.3,59.71,4.53,5.76,11,4.2,2.81,Good,INT4835,73.48
2.96,19.7,72.7,56.97,0.0,5.1,9,1.7,1.0,Good,INT4836,70.56
0.83,54.5,44.6,4.24,3.68,6.16,10,3.39,2.47,Average,INT4837,69.73
2.59,82.2,73.0,88.31,5.1,8.04,13,3.14,3.04,Excellent,INT4838,88.85
2.06,69.6,25.4,4.76,5.75,9.12,13,1.25,3.3,Good,INT4839,70.98
2.1,73.2,51.9,94.64,2.88,4.95,10,2.42,2.15,Good,INT4840,77.44
0.59,4.8,20.3,63.85,0.0,1.41,5,6.79,1.0,Fair,INT4841,42.08
0.34,2.9,2.9,62.11,5.6,1.03,9,6.96,3.24,Fair,INT4842,42.53
0.4,30.6,56.1,7.89,2.0,1.75,9,2.69,1.8,Average,INT4843,68.88
3.71,72.3,56.8,3.18,3.3,3.64,13,1.28,2.32,Good,INT4844,83.23
2.65,80.0,19.2,13.87,2.97,7.7,14,2.19,2.19,Good,INT4845,80.65
3.35,74.6,66.3,67.66,7.38,8.92,12,3.15,3.95,Good,INT4846,83.11
1.09,58.9,34.1,92.89,1.15,4.33,10,7.0,1.46,Average,INT4847,55.14
3.53,97.0,84.5,51.37,10.0,9.57,17,1.87,5.0,Excellent,INT4848,94.02
0.58,19.8,59.4,50.16,5.45,0.82,8,5.26,3.18,Fair,INT4849,53.5
2.48,68.2,73.9,4.07,8.0,5.15,7,1.26,4.2,Good,INT4850,74.47
1.95,43.9,17.7,95.7,5.85,2.28,13,6.93,3.34,Average,INT4851,69.68
3.52,73.5,35.3,95.07,6.8,7.83,16,3.17,3.72,Excellent,INT4852,86.72
3.21,77.9,66.5,75.94,2.5,8.29,13,5.34,2.0,Average,INT4853,68.87
1.24,59.8,26.2,77.66,5.95,5.09,5,2.59,3.38,Average,INT4854,61.36
1.09,50.8,57.4,39.2,6.68,1.13,16,4.84,3.67,Average,INT4855,56.19
3.6,93.3,97.1,62.19,7.5,8.98,10,2.25,4.0,Excellent,INT4856,86.02
2.2,48.2,90.9,90.76,0.05,8.6,12,1.52,1.02,Good,INT4857,84.7
1.72,12.2,18.9,66.83,6.32,1.11,6,6.73,3.53,Average,INT4858,56.33
1.37,38.4,56.3,74.37,5.38,1.09,14,6.96,3.15,Average,INT4859,58.75
2.02,80.1,64.6,47.28,10.0,2.09,3,6.8,5.0,Good,INT4860,71.72
0.45,49.8,6.0,55.18,0.0,2.48,9,5.14,1.0,Fair,INT4861,53.64
2.09,9.3,12.8,75.98,5.25,3.65,10,6.16,3.1,Average,INT4862,65.89
2.2,93.1,57.4,78.88,0.0,6.53,10,1.12,1.0,Average,INT4863,65.12
3.12,83.5,36.3,87.12,6.4,7.28,16,2.67,3.56,Good,INT4864,82.2
1.83,77.0,33.9,61.74,4.68,8.91,17,2.82,2.87,Good,INT4865,78.97
0.78,2.5,7.7,34.11,0.0,2.44,10,4.93,1.0,Poor,INT4866,38.01
2.91,49.4,60.7,78.48,8.75,3.57,16,3.49,4.5,Good,INT4867,77.87
3.62,80.3,87.4,99.16,6.15,5.7,13,1.62,3.46,Good,INT4868,79.21
0.93,14.7,37.4,60.87,5.25,5.5,4,4.56,3.1,Fair,INT4869,42.59
2.34,4.2,30.9,99.3,3.7,2.14,14,6.04,2.48,Average,INT4870,63.53
0.21,32.9,3.8,51.38,0.0,5.33,6,3.24,1.0,Average,INT4871,60.91
3.27,65.2,75.3,91.3,1.65,6.06,15,1.74,1.66,Good,INT4872,76.75
0.51,70.9,38.6,23.46,3.35,5.64,14,1.91,2.34,Average,INT4873,69.72
1.75,60.3,47.9,65.02,6.88,5.94,12,2.91,3.75,Excellent,INT4874,85.65
2.69,57.3,83.6,52.89,9.75,4.64,7,2.78,4.9,Good,INT4875,81.49
1.04,56.4,15.4,48.17,5.58,2.44,17,3.92,3.23,Average,INT4876,64.48
0.68,55.1,18.3,67.75,2.0,7.12,11,4.33,1.8,Fair,INT4877,48.14
1.96,41.5,51.5,55.26,4.68,5.17,13,5.19,2.87,Average,INT4878,68.95
3.36,86.5,55.1,55.21,8.85,9.82,19,2.94,4.54,Good,INT4879,77.7
0.06,2.6,10.1,0.0,0.0,0.49,7,5.64,1.0,Poor,INT4880,28.99
3.39,83.4,87.5,66.83,10.0,6.78,10,2.0,5.0,Excellent,INT4881,96.13
1.08,52.0,65.1,59.86,2.0,1.02,19,3.31,1.8,Average,INT4882,56.77
1.77,49.2,44.1,56.48,5.3,5.88,2,5.88,3.12,Average,INT4883,59.26
3.06,66.7,55.3,34.8,4.18,5.46,11,1.97,2.67,Good,INT4884,75.65
1.55,50.2,64.7,60.67,6.2,8.71,20,2.06,3.48,Good,INT4885,80.95
2.75,11.9,59.4,55.33,6.4,8.99,5,5.84,3.56,Average,INT4886,68.4
1.74,51.9,50.7,61.49,6.38,7.18,14,3.92,3.55,Good,INT4887,70.12
1.06,46.1,27.7,50.42,2.0,3.12,7,5.49,1.8,Poor,INT4888,38.64
3.21,92.3,91.6,0.0,10.0,9.63,21,1.0,5.0,Excellent,INT4889,100.0
3.34,80.4,77.0,79.61,10.0,8.78,14,3.92,5.0,Good,INT4890,76.62
3.91,79.8,83.0,85.99,6.35,5.3,16,2.58,3.54,Good,INT4891,84.54
2.2,59.6,31.1,46.06,4.18,8.04,5,1.65,2.67,Good,INT4892,80.16
0.29,5.0,43.4,57.22,2.0,1.2,5,4.96,1.8,Fair,INT4893,46.67
2.84,85.7,42.3,79.75,5.4,9.28,6,2.28,3.16,Excellent,INT4894,89.44
0.18,32.2,27.9,28.86,4.75,2.53,11,3.49,2.9,Fair,INT4895,50.14
2.42,24.0,22.2,70.06,2.68,5.97,14,1.49,2.07,Average,INT4896,56.38
3.3,83.0,90.3,78.45,4.88,7.17,12,2.28,2.95,Good,INT4897,80.62
1.23,16.9,74.7,77.94,0.0,1.99,7,2.35,1.0,Average,INT4898,60.14
0.69,39.8,36.9,55.95,0.0,4.92,15,1.85,1.0,Average,INT4899,56.44
0.49,12.7,52.3,25.45,0.0,3.06,13,6.13,1.0,Fair,INT4900,43.94
2.36,69.6,35.5,9.67,5.38,2.71,11,1.0,3.15,Good,INT4901,77.04
0.67,32.9,62.4,66.29,0.0,3.28,5,3.59,1.0,Average,INT4902,59.49
2.25,54.6,19.5,54.09,4.78,0.52,12,1.94,2.91,Average,INT4903,57.23
1.47,30.8,51.7,56.37,4.05,3.6,9,3.03,2.62,Average,INT4904,60.05
2.74,30.7,57.4,0.0,4.65,5.55,20,6.61,2.86,Good,INT4905,74.14
3.5,87.3,87.7,88.46,4.68,9.35,13,2.17,2.87,Excellent,INT4906,91.07
3.33,55.5,49.1,99.81,4.02,5.89,10,6.93,2.61,Average,INT4907,62.2
0.64,44.7,65.4,62.7,4.58,4.14,8,2.51,2.83,Average,INT4908,69.58
0.21,13.5,7.2,74.39,0.0,3.31,9,5.19,1.0,Fair,INT4909,40.94
0.97,8.9,85.1,61.82,0.0,1.71,3,3.92,1.0,Fair,INT4910,40.95
0.69,12.7,4.9,66.83,2.08,1.96,8,5.96,1.83,Fair,INT4911,49.33
1.17,21.7,52.9,55.77,4.95,5.41,13,4.25,2.98,Average,INT4912,61.62
3.18,17.4,67.0,56.36,10.0,4.64,9,4.41,5.0,Good,INT4913,71.74
2.86,47.6,64.6,53.59,5.55,7.31,6,2.36,3.22,Good,INT4914,76.21
3.35,61.7,63.1,58.24,5.93,5.76,9,2.21,3.37,Good,INT4915,77.3
0.25,29.7,18.5,74.7,0.68,1.79,10,6.31,1.27,Poor,INT4916,37.55
2.17,16.1,46.4,43.38,7.3,8.52,12,3.13,3.92,Excellent,INT4917,88.99
2.53,63.5,90.9,93.97,1.15,3.17,8,3.1,1.46,Good,INT4918,72.16
1.35,92.9,42.9,87.02,6.85,2.92,14,6.0,3.74,Good,INT4919,72.6
3.67,71.5,69.6,73.09,4.62,5.15,12,2.87,2.85,Good,INT4920,77.15
3.21,46.9,30.2,99.22,2.38,8.45,13,6.81,1.95,Average,INT4921,68.55
2.81,80.2,49.9,72.81,10.0,5.9,14,5.68,5.0,Good,INT4922,76.27
3.02,77.4,29.2,66.83,10.0,3.84,11,4.99,5.0,Good,INT4923,77.41
1.86,18.1,43.8,99.63,7.35,3.24,3,6.23,3.94,Average,INT4924,61.09
3.18,20.1,25.4,1.6,2.62,0.43,11,3.92,2.05,Good,INT4925,72.88
3.57,78.6,42.8,77.49,6.65,4.25,21,2.47,3.66,Average,INT4926,69.16
2.01,38.3,55.7,65.45,4.68,9.45,9,3.61,2.87,Good,INT4927,80.45
2.34,80.2,70.0,75.18,0.0,4.05,6,2.51,1.0,Good,INT4928,73.99
1.8,27.2,37.6,77.94,0.0,2.99,10,3.92,1.0,Fair,INT4929,47.49
0.96,34.5,36.6,31.86,3.82,4.13,7,6.15,2.53,Fair,INT4930,50.01
3.12,30.4,24.8,77.84,0.0,4.98,6,3.6,1.0,Average,INT4931,58.04
3.45,85.4,68.6,87.8,2.52,4.52,12,3.45,2.01,Good,INT4932,79.85
1.11,51.1,28.7,63.33,3.12,5.85,4,6.37,2.25,Fair,INT4933,51.58
1.8,40.8,50.8,69.17,7.38,8.01,5,3.66,3.95,Average,INT4934,62.97
0.4,14.9,19.7,63.41,2.0,0.79,11,4.3,1.8,Fair,INT4935,49.59
3.11,75.8,33.3,91.03,7.5,6.91,19,3.51,4.0,Excellent,INT4936,92.46
2.39,95.0,93.8,51.07,10.0,6.09,14,6.47,5.0,Good,INT4937,74.16
3.22,30.9,74.9,93.56,10.0,7.71,7,3.93,5.0,Excellent,INT4938,88.27
0.52,52.0,33.1,58.5,3.18,2.75,19,5.18,2.27,Fair,INT4939,47.3
0.16,45.9,42.8,53.68,9.6,2.97,11,5.96,4.84,Average,INT4940,63.9
0.91,85.1,92.0,55.97,2.35,2.07,14,2.67,1.94,Average,INT4941,68.12
0.34,33.4,51.5,58.05,2.0,0.79,7,3.25,1.8,Fair,INT4942,51.73
0.36,17.4,26.5,76.65,5.25,2.03,10,6.36,3.1,Fair,INT4943,46.18
2.23,74.5,32.5,78.53,0.0,3.87,9,3.43,1.0,Good,INT4944,74.37
0.23,19.1,10.8,67.86,0.0,1.18,6,6.1,1.0,Fair,INT4945,43.64
2.68,91.6,37.4,97.93,4.98,8.28,12,6.26,2.99,Good,INT4946,78.24
0.38,53.8,17.5,51.91,4.5,7.44,5,4.44,2.8,Poor,INT4947,37.95
0.99,49.8,65.4,66.75,3.9,3.55,14,5.78,2.56,Average,INT4948,63.59
0.72,20.6,46.7,59.06,2.03,6.14,4,6.05,1.81,Fair,INT4949,54.0
1.16,27.6,59.6,66.83,7.0,7.29,6,6.38,3.8,Average,INT4950,56.52
2.82,66.4,41.1,52.81,5.22,7.38,12,3.92,3.09,Average,INT4951,62.75
1.03,26.2,61.5,97.41,2.0,2.68,12,1.67,1.8,Good,INT4952,71.75
2.31,55.6,80.6,60.04,5.35,6.7,11,3.43,3.14,Good,INT4953,77.09
0.33,6.2,1.7,65.14,0.83,1.05,15,4.85,1.33,Average,INT4954,55.01
3.46,82.4,78.0,51.15,5.42,9.55,7,3.77,3.17,Good,INT4955,75.0
2.86,55.3,95.9,0.0,9.15,7.98,12,5.63,4.66,Average,INT4956,66.77
3.64,48.9,69.0,83.38,6.4,7.37,16,2.98,3.56,Excellent,INT4957,86.08
0.94,22.4,5.2,98.74,10.0,8.39,9,5.08,5.0,Good,INT4958,81.9
3.07,63.6,53.1,80.32,1.07,6.85,18,3.92,1.43,Good,INT4959,80.34
0.75,20.8,5.9,86.07,1.38,4.24,11,5.78,1.55,Average,INT4960,61.63
0.38,31.0,16.2,54.4,9.02,4.13,5,3.8,4.61,Average,INT4961,56.87
3.43,82.2,54.3,81.39,5.18,8.85,13,2.22,3.07,Excellent,INT4962,88.67
3.86,87.6,92.0,72.69,3.77,8.14,11,3.11,2.51,Excellent,INT4963,89.86
0.48,34.1,46.5,94.29,0.0,4.32,12,5.08,1.0,Fair,INT4964,54.68
1.46,58.5,50.5,69.41,1.35,2.64,14,3.92,1.54,Average,INT4965,66.72
2.76,47.4,95.1,52.04,2.75,9.49,13,1.96,2.1,Excellent,INT4966,94.22
0.21,7.1,12.7,61.41,1.82,1.5,7,7.0,1.73,Fair,INT4967,48.91
0.34,27.6,21.7,62.97,0.0,4.55,4,5.62,1.0,Fair,INT4968,53.21
0.57,25.7,78.1,40.13,3.63,4.44,6,7.0,2.45,Fair,INT4969,51.04
2.3,83.0,76.7,65.2,5.52,7.61,8,3.93,3.21,Good,INT4970,74.49
3.1,44.2,86.1,29.07,10.0,7.72,10,4.09,5.0,Excellent,INT4971,89.07
0.1,7.6,6.5,52.48,4.42,2.86,6,6.07,2.77,Fair,INT4972,47.95
1.38,41.0,37.3,91.84,6.08,6.23,11,3.95,3.43,Average,INT4973,59.27
0.19,4.8,1.9,9.27,3.63,0.02,5,5.24,2.45,Fair,INT4974,40.87
0.6,39.3,80.6,94.37,4.68,2.16,13,2.6,2.87,Average,INT4975,64.06
1.42,55.3,12.5,56.27,4.68,4.78,12,3.96,2.87,Average,INT4976,68.64
2.98,64.9,84.1,23.1,0.45,7.33,17,1.47,1.18,Good,INT4977,77.78
1.42,81.3,67.4,66.83,6.05,6.91,14,1.87,3.42,Average,INT4978,65.01
3.68,97.5,49.9,7.87,6.45,9.71,9,1.0,3.58,Excellent,INT4979,88.92
2.25,58.9,93.0,9.84,4.9,8.87,14,1.0,2.96,Excellent,INT4980,95.6
1.29,20.4,17.5,78.73,2.1,0.3,12,7.0,1.84,Fair,INT4981,42.04
2.09,64.2,16.2,64.35,2.95,4.96,13,2.53,2.18,Average,INT4982,63.08
2.48,72.7,68.1,55.02,7.4,8.34,13,5.22,3.96,Excellent,INT4983,86.8
2.68,33.5,24.0,75.12,7.75,4.59,16,5.59,4.1,Fair,INT4984,49.18
1.31,46.8,36.1,66.74,10.0,4.55,11,4.76,5.0,Good,INT4985,72.92
2.46,34.3,57.1,91.33,8.52,6.09,15,1.42,4.41,Good,INT4986,78.82
3.43,61.8,37.4,64.36,7.43,8.1,9,5.2,3.97,Good,INT4987,72.45
3.63,29.3,31.3,69.68,7.2,5.56,19,4.78,3.88,Good,INT4988,74.5
1.37,61.9,70.2,61.49,6.18,6.39,8,4.94,3.47,Good,INT4989,71.2
3.08,51.8,80.6,96.01,10.0,8.34,16,5.2,5.0,Good,INT4990,79.53
2.12,35.9,40.5,76.84,8.9,3.34,9,6.43,4.56,Average,INT4991,68.36
1.83,55.6,38.1,20.94,9.8,5.97,7,4.52,4.92,Average,INT4992,66.9
2.1,42.1,42.6,95.79,0.0,4.52,7,3.45,1.0,Average,INT4993,66.13
1.27,12.3,11.8,59.47,1.48,4.86,5,4.95,1.59,Fair,INT4994,52.72
2.69,71.2,54.4,52.42,4.68,8.57,14,1.51,2.87,Good,INT4995,81.5
2.28,75.0,85.9,43.49,4.0,7.22,6,6.23,2.6,Average,INT4996,58.36
1.9,37.4,70.9,86.35,0.0,2.99,7,1.24,1.0,Average,INT4997,69.04
0.97,49.6,34.2,96.16,2.0,2.96,7,2.49,1.8,Average,INT4998,61.29
1.46,43.8,20.3,81.86,8.83,5.91,14,6.28,4.53,Good,INT4999,72.08
0.89,60.3,8.2,97.59,2.0,5.36,8,3.92,1.8,Average,INT5000,65.42
2.53,45.2,28.1,54.62,4.5,5.65,8,3.86,2.8,Average,INT5001,65.68
2.62,27.5,48.4,53.04,10.0,2.78,8,3.5,5.0,Average,INT5002,67.0
1.87,32.7,37.2,53.35,0.62,5.13,9,6.3,1.25,Average,INT5003,62.04
1.96,34.5,45.1,98.31,0.32,2.64,16,3.49,1.13,Average,INT5004,58.49
1.01,51.7,30.5,75.14,1.35,3.43,6,3.92,1.54,Fair,INT5005,45.95
0.98,21.4,9.3,52.58,0.0,2.75,7,1.76,1.0,Average,INT5006,60.82
0.51,3.0,44.6,61.06,0.08,0.9,10,5.51,1.03,Fair,INT5007,48.69
2.11,55.3,38.4,62.24,3.15,3.05,11,5.89,2.26,Average,INT5008,60.25
0.88,85.6,58.0,66.89,9.05,5.33,8,1.79,4.62,Good,INT5009,73.99
0.57,55.1,16.6,52.18,4.02,2.87,12,3.9,2.61,Fair,INT5010,50.46
1.47,32.1,65.9,95.24,0.18,3.33,9,1.75,1.07,Average,INT5011,67.22
0.84,8.5,59.5,75.78,0.0,1.81,8,5.02,1.0,Fair,INT5012,45.41
3.7,71.2,43.8,83.55,10.0,8.9,11,4.71,5.0,Excellent,INT5013,92.69
0.49,49.3,22.5,53.36,4.18,7.01,4,4.64,2.67,Fair,INT5014,54.99
3.72,80.9,50.2,52.71,3.68,7.99,16,2.1,2.47,Good,INT5015,81.28
3.41,76.4,73.2,79.32,10.0,7.45,7,2.76,5.0,Excellent,INT5016,94.07
3.34,43.4,50.3,0.2,4.62,6.85,16,1.12,2.85,Good,INT5017,84.75
2.86,79.7,31.7,76.42,6.57,5.71,4,2.8,3.63,Good,INT5018,78.01
2.05,9.5,25.5,93.89,1.43,2.68,13,4.69,1.57,Average,INT5019,59.7
2.83,45.7,90.7,60.75,6.38,8.27,10,5.96,3.55,Good,INT5020,70.63
0.17,5.5,15.4,53.79,0.0,1.39,4,4.73,1.0,Fair,INT5021,47.73
3.2,87.6,75.0,66.83,5.82,3.78,10,3.53,3.33,Good,INT5022,79.85
0.44,9.9,15.4,82.89,0.0,1.8,10,6.92,1.0,Poor,INT5023,35.72
1.46,63.5,60.2,72.18,2.72,5.17,7,4.86,2.09,Good,INT5024,70.71
0.44,3.8,33.5,64.53,0.0,0.92,2,6.45,1.0,Poor,INT5025,34.03
1.77,19.7,53.1,70.93,6.3,2.09,15,4.02,3.52,Excellent,INT5026,85.36
1.04,28.7,39.5,45.13,7.05,2.14,14,2.29,3.82,Average,INT5027,61.62
2.61,78.2,55.5,95.53,4.05,6.78,18,1.47,2.62,Excellent,INT5028,91.24
1.45,50.5,65.5,55.17,4.38,3.16,17,5.15,2.75,Average,INT5029,58.67
1.68,10.5,20.6,66.83,3.18,2.78,11,1.84,2.27,Good,INT5030,75.08
1.98,88.7,61.3,76.88,10.0,5.99,15,2.82,5.0,Good,INT5031,83.01
2.81,62.9,81.7,84.91,10.0,9.73,8,3.91,5.0,Good,INT5032,83.18
0.33,23.0,76.7,81.53,4.42,7.2,13,4.16,2.77,Fair,INT5033,49.82
2.76,91.7,87.1,97.08,6.7,8.19,10,4.27,3.68,Excellent,INT5034,86.93
3.84,43.7,84.5,89.78,5.6,8.7,9,1.56,3.24,Excellent,INT5035,89.4
1.07,59.3,26.3,38.67,5.58,8.68,9,3.4,3.23,Good,INT5036,79.81
1.89,41.1,74.3,39.46,7.85,7.2,8,4.87,4.14,Fair,INT5037,52.09
2.89,9.3,20.1,37.61,4.22,0.99,8,6.49,2.69,Fair,INT5038,51.45
2.86,30.9,34.5,84.67,8.2,4.73,12,5.49,4.28,Good,INT5039,74.93
0.94,51.0,38.9,91.9,1.65,2.03,24,3.92,1.66,Average,INT5040,58.4
2.94,89.9,42.7,77.02,0.35,4.88,5,5.14,1.14,Good,INT5041,71.15
0.18,36.0,9.1,80.27,0.0,1.41,6,4.54,1.0,Fair,INT5042,49.18
0.69,85.2,30.0,76.35,0.0,4.44,12,2.38,1.0,Average,INT5043,62.86
0.93,14.2,15.2,50.88,1.43,2.9,4,4.55,1.57,Average,INT5044,64.75
0.93,4.8,7.5,53.6,4.68,2.32,8,5.02,2.87,Average,INT5045,62.46
3.07,53.3,23.2,23.99,3.32,8.35,15,5.09,2.33,Average,INT5046,60.2
0.7,46.7,55.6,32.28,5.42,1.49,4,3.53,3.17,Fair,INT5047,46.72
1.02,4.8,42.9,70.04,0.0,4.59,8,4.49,1.0,Average,INT5048,58.58
1.59,19.3,20.4,66.84,3.05,1.71,9,2.89,2.22,Average,INT5049,60.16
2.43,42.3,80.7,81.87,4.45,6.77,8,3.76,2.78,Average,INT5050,67.74
3.61,92.0,90.2,76.78,8.2,9.58,18,2.18,4.28,Excellent,INT5051,96.32
1.82,68.3,53.2,53.1,10.0,7.52,8,5.4,5.0,Good,INT5052,74.87
2.26,31.7,20.7,16.41,2.85,4.23,12,2.13,2.14,Average,INT5053,59.59
3.13,76.6,78.3,63.89,3.9,7.85,11,1.03,2.56,Excellent,INT5054,88.64
1.92,29.7,90.9,97.64,2.22,8.74,13,3.85,1.89,Good,INT5055,71.87
2.39,35.1,46.2,54.32,6.95,3.15,10,4.94,3.78,Average,INT5056,65.12
2.11,11.9,60.6,96.94,2.0,4.56,7,3.92,1.8,Average,INT5057,58.63
2.8,51.6,49.0,65.56,4.2,7.65,6,2.36,2.68,Good,INT5058,74.0
0.63,18.8,60.3,38.75,4.38,2.59,9,4.21,2.75,Average,INT5059,57.18
1.87,62.1,41.5,55.44,8.38,8.23,11,2.76,4.35,Average,INT5060,64.55
0.05,3.7,0.4,53.55,2.0,2.38,7,6.84,1.8,Poor,INT5061,26.68
0.86,18.5,12.7,71.48,2.0,4.59,5,6.24,1.8,Fair,INT5062,42.63
0.44,64.6,28.8,4.18,4.93,4.83,10,4.13,2.97,Average,INT5063,57.53
2.36,41.9,63.5,33.59,2.0,0.8,12,2.75,1.8,Average,INT5064,58.7
0.8,9.4,13.3,78.12,3.0,0.39,4,5.58,2.2,Fair,INT5065,41.3
3.78,74.2,81.9,6.99,6.42,8.26,20,1.26,3.57,Excellent,INT5066,89.96
0.7,3.1,6.4,69.43,0.0,0.51,7,3.77,1.0,Fair,INT5067,49.47
3.06,77.3,94.7,95.32,5.68,8.72,12,3.19,3.27,Good,INT5068,80.67
0.38,19.7,52.7,92.79,0.0,0.1,13,6.44,1.0,Fair,INT5069,46.94
3.96,68.3,84.2,2.53,10.0,9.64,12,1.39,5.0,Excellent,INT5070,99.24
2.51,31.9,24.6,61.91,8.83,6.06,8,4.55,4.53,Good,INT5071,80.63
0.2,11.1,3.2,59.66,4.68,1.08,9,5.48,2.87,Fair,INT5072,44.44
3.77,64.8,90.0,97.7,3.65,9.74,16,4.29,2.46,Good,INT5073,79.21
1.36,33.6,37.7,60.14,0.0,2.63,6,1.84,1.0,Average,INT5074,58.95
3.74,79.7,55.2,90.41,6.82,3.94,15,6.86,3.73,Good,INT5075,76.41
1.8,37.6,48.8,68.45,4.73,5.18,12,3.68,2.89,Average,INT5076,61.68
0.94,37.7,9.1,99.28,4.42,3.38,8,4.76,2.77,Fair,INT5077,48.69
3.09,32.7,67.9,68.41,0.93,4.22,8,2.28,1.37,Average,INT5078,65.17
0.35,28.6,23.1,67.58,0.0,8.15,11,3.94,1.0,Fair,INT5079,48.18
1.0,17.9,16.0,81.87,3.42,4.24,9,3.72,2.37,Average,INT5080,65.16
2.64,83.4,68.9,98.08,8.7,9.13,13,1.59,4.48,Excellent,INT5081,95.49
0.87,66.9,53.1,61.96,6.7,7.21,9,1.81,3.68,Good,INT5082,82.19
2.12,14.1,46.4,0.82,5.82,6.6,10,6.2,3.33,Average,INT5083,57.85
1.32,41.5,75.3,87.73,0.0,3.73,7,2.05,1.0,Average,INT5084,66.65
2.85,51.1,78.5,78.17,4.45,2.72,9,1.86,2.78,Average,INT5085,63.64
2.26,55.0,52.6,87.79,3.0,6.65,7,4.16,2.2,Average,INT5086,56.7
2.94,67.9,54.6,92.99,10.0,6.75,14,5.52,5.0,Good,INT5087,81.76
0.94,19.5,22.2,74.3,3.35,5.24,6,1.63,2.34,Average,INT5088,62.77
1.1,62.5,10.2,80.99,3.45,2.96,8,4.08,2.38,Good,INT5089,74.89
3.36,87.7,78.1,76.87,4.68,8.72,14,1.41,2.87,Good,INT5090,74.22
3.15,43.1,36.9,0.4,0.0,2.41,12,1.28,1.0,Good,INT5091,72.25
3.37,60.3,94.0,94.5,10.0,7.47,19,1.32,5.0,Excellent,INT5092,87.87
0.39,11.0,18.0,67.78,4.07,1.05,5,5.77,2.63,Average,INT5093,56.12
1.16,21.3,72.6,60.41,0.0,6.6,6,1.62,1.0,Good,INT5094,70.36
3.44,84.4,69.0,4.03,9.92,7.3,21,1.0,4.97,Excellent,INT5095,86.4
1.38,74.2,29.7,60.4,8.93,1.82,16,3.17,4.57,Average,INT5096,67.76
1.24,68.0,51.6,74.92,0.52,2.25,12,5.65,1.21,Fair,INT5097,49.51
3.52,71.5,89.2,95.18,7.6,9.31,13,2.65,4.04,Good,INT5098,80.74
1.59,68.5,58.5,57.09,10.0,5.3,14,3.89,5.0,Good,INT5099,74.83
1.46,34.2,31.7,9.35,2.28,1.85,12,1.0,1.91,Average,INT5100,64.34
1.91,5.1,59.5,58.31,4.68,5.75,13,3.22,2.87,Average,INT5101,66.31
3.17,32.7,58.8,95.04,2.57,7.64,13,4.68,2.03,Fair,INT5102,49.7
2.2,29.2,5.8,80.09,4.68,6.15,19,4.79,2.87,Fair,INT5103,53.22
3.11,73.9,39.3,51.59,5.1,0.78,11,2.63,3.04,Average,INT5104,66.27
3.02,69.6,93.4,81.66,7.5,8.74,8,2.78,4.0,Excellent,INT5105,93.3
2.44,90.7,60.4,66.83,8.32,8.28,15,1.3,4.33,Excellent,INT5106,100.0
1.42,34.5,8.8,53.96,2.7,0.71,15,2.81,2.08,Fair,INT5107,52.95
3.23,30.2,59.7,2.28,1.7,3.36,17,1.75,1.68,Good,INT5108,79.91
2.79,40.8,67.6,95.77,9.82,7.27,8,6.07,4.93,Good,INT5109,72.54
0.75,31.3,7.0,50.48,2.0,1.06,3,6.98,1.8,Poor,INT5110,28.03
0.25,36.6,74.7,48.88,7.15,4.26,4,7.0,3.86,Average,INT5111,63.5
2.58,60.5,83.2,73.75,10.0,2.44,4,6.12,5.0,Average,INT5112,62.33
2.96,82.1,18.1,67.35,6.52,8.53,6,5.0,3.61,Good,INT5113,77.94
0.29,18.3,20.3,81.38,0.0,0.93,16,4.92,1.0,Fair,INT5114,45.85
2.45,18.8,6.5,52.64,0.0,2.56,11,2.33,1.0,Fair,INT5115,52.63
3.02,43.4,82.1,87.65,10.0,6.38,17,4.98,5.0,Good,INT5116,76.8
2.84,87.6,42.7,50.22,4.2,2.65,18,3.6,2.68,Average,INT5117,69.36
3.3,67.7,50.2,65.35,7.5,4.27,13,3.92,4.0,Good,INT5118,78.26
0.53,2.2,35.6,75.2,0.0,2.69,14,5.72,1.0,Fair,INT5119,41.9
1.34,80.4,28.1,68.85,0.97,4.34,10,2.52,1.39,Good,INT5120,71.62
2.45,22.3,22.2,65.37,3.2,7.89,7,2.98,2.28,Good,INT5121,74.67
0.06,3.7,0.9,91.54,2.35,1.41,10,6.35,1.94,Fair,INT5122,41.53
3.51,79.1,92.6,96.74,4.62,7.47,7,1.62,2.85,Excellent,INT5123,89.3
3.43,95.3,82.8,93.69,8.1,2.81,14,3.72,4.24,Good,INT5124,75.71
0.14,22.9,10.5,53.17,1.43,1.23,7,6.51,1.57,Fair,INT5125,40.92
1.93,50.0,27.5,94.21,2.22,1.64,7,4.18,1.89,Average,INT5126,63.88
2.36,74.7,86.6,8.63,10.0,6.29,18,4.57,5.0,Good,INT5127,80.2
2.7,87.6,98.1,70.46,0.0,7.83,19,2.62,1.0,Good,INT5128,73.14
3.4,93.4,70.1,64.17,3.58,8.91,15,2.75,2.43,Good,INT5129,84.53
0.35,11.9,5.2,54.91,7.43,1.29,4,5.83,3.97,Fair,INT5130,40.56
1.49,22.7,61.3,73.95,0.18,1.66,10,4.12,1.07,Average,INT5131,59.65
3.81,73.6,60.4,97.31,10.0,7.62,10,4.17,5.0,Excellent,INT5132,95.84
3.84,93.4,79.9,78.05,10.0,8.19,14,3.92,5.0,Excellent,INT5133,97.72
0.67,61.8,3.2,0.0,2.3,5.2,14,1.0,1.92,Average,INT5134,69.9
2.04,4.6,21.1,55.64,10.0,3.22,11,6.97,5.0,Average,INT5135,55.28
2.0,16.9,7.7,3.21,2.0,2.28,6,3.65,1.8,Fair,INT5136,52.12
2.3,9.9,62.0,73.22,0.0,4.1,6,4.16,1.0,Fair,INT5137,49.6
2.67,71.4,40.4,97.56,4.68,6.82,16,1.4,2.87,Good,INT5138,75.87
0.28,4.9,33.1,68.04,0.2,0.44,16,5.19,1.08,Fair,INT5139,45.86
1.92,35.6,63.2,93.87,5.7,4.06,9,6.69,3.28,Good,INT5140,75.31
0.77,67.2,44.3,31.23,4.6,5.49,13,3.97,2.84,Average,INT5141,63.02
2.73,62.8,76.7,80.85,10.0,3.35,11,1.47,5.0,Excellent,INT5142,100.0
2.67,47.1,47.3,80.03,9.12,3.92,16,4.05,4.65,Good,INT5143,70.62
3.23,66.0,37.6,92.99,0.0,5.29,8,5.67,1.0,Average,INT5144,63.12
0.9,56.2,17.6,8.56,4.5,1.47,3,3.92,2.8,Average,INT5145,69.62
2.08,42.1,65.7,59.5,10.0,1.73,11,3.92,5.0,Average,INT5146,68.48
2.94,65.1,23.6,60.98,6.6,4.61,6,4.72,3.64,Good,INT5147,71.23
1.55,42.9,87.5,65.02,9.62,1.54,8,6.23,4.85,Good,INT5148,75.21
3.04,82.1,63.3,57.68,10.0,7.42,19,5.06,5.0,Good,INT5149,74.51
0.79,16.3,14.4,51.85,0.0,2.37,5,1.48,1.0,Fair,INT5150,53.95
3.61,83.3,88.1,76.72,10.0,7.58,15,2.91,5.0,Good,INT5151,84.28
3.6,89.0,70.6,76.43,10.0,5.83,21,2.49,5.0,Excellent,INT5152,94.24
3.28,93.8,64.4,92.2,10.0,8.85,3,6.78,5.0,Good,INT5153,80.77
2.44,49.7,21.0,97.44,1.6,5.88,9,5.73,1.64,Average,INT5154,56.23
1.13,39.3,56.5,76.93,9.05,3.13,7,4.86,4.62,Average,INT5155,60.26
3.51,95.3,70.5,96.5,4.3,9.05,10,3.92,2.72,Excellent,INT5156,90.63
2.23,79.1,55.2,86.26,4.47,5.35,7,2.34,2.79,Good,INT5157,72.77
1.37,72.0,80.5,42.08,10.0,5.2,10,5.74,5.0,Average,INT5158,60.44
1.68,27.1,21.0,96.42,4.58,1.78,4,3.41,2.83,Average,INT5159,65.14
1.48,20.3,30.3,83.37,0.83,0.93,11,1.89,1.33,Good,INT5160,72.25
2.62,10.6,11.1,70.7,1.92,1.34,2,4.9,1.77,Average,INT5161,63.69
1.68,82.2,75.3,5.88,4.8,9.34,9,1.68,2.92,Excellent,INT5162,87.63
3.68,77.1,73.2,70.07,0.0,5.76,16,3.23,1.0,Good,INT5163,72.78
1.73,11.2,44.5,55.71,8.93,4.5,14,4.14,4.57,Average,INT5164,62.44
1.54,76.7,45.4,48.71,0.0,6.1,10,1.93,1.0,Good,INT5165,74.48
0.36,11.8,10.5,91.2,5.6,1.56,17,6.71,3.24,Fair,INT5166,47.76
0.28,14.9,79.7,86.44,4.47,1.56,2,2.43,2.79,Average,INT5167,58.91
0.27,7.9,30.8,61.46,5.95,2.45,4,1.99,3.38,Average,INT5168,61.78
3.73,91.0,87.7,97.83,3.32,9.09,10,2.4,2.33,Excellent,INT5169,87.76
3.81,83.5,43.9,66.83,9.85,5.2,20,6.06,4.94,Average,INT5170,67.88
0.33,28.7,54.9,66.63,3.7,2.14,6,3.42,2.48,Fair,INT5171,49.2
0.26,11.2,16.4,66.83,0.0,0.19,9,3.93,1.0,Fair,INT5172,43.38
3.27,96.7,76.2,5.01,7.0,2.47,13,1.54,3.8,Good,INT5173,82.42
1.63,18.2,67.3,8.73,2.55,1.68,20,1.0,2.02,Good,INT5174,70.5
3.85,82.8,87.5,81.16,7.5,9.59,18,3.87,4.0,Excellent,INT5175,86.92
2.2,72.6,37.6,66.61,6.65,4.98,8,6.27,3.66,Good,INT5176,73.24
2.09,38.8,11.3,99.48,2.77,7.79,4,6.12,2.11,Average,INT5177,60.25
3.12,56.1,68.5,90.4,0.0,8.48,18,1.85,1.0,Good,INT5178,77.49
0.13,50.6,14.8,66.83,2.72,3.0,12,4.06,2.09,Average,INT5179,64.19
0.18,22.9,5.3,86.19,0.0,0.59,10,6.77,1.0,Fair,INT5180,45.29
2.07,44.2,72.2,52.7,0.0,3.45,11,2.9,1.0,Average,INT5181,62.02
1.16,16.7,37.1,36.04,5.75,1.77,9,6.14,3.3,Fair,INT5182,41.27
3.81,71.1,35.9,89.25,9.75,9.78,17,1.98,4.9,Excellent,INT5183,92.39
3.15,64.1,71.4,74.13,9.15,6.19,14,6.6,4.66,Average,INT5184,57.69
0.04,8.5,4.9,48.97,2.0,1.72,2,5.7,1.8,Fair,INT5185,41.04
1.2,64.5,54.5,76.3,6.22,4.08,12,3.92,3.49,Average,INT5186,62.31
2.79,52.5,23.6,83.79,0.0,2.63,7,5.29,1.0,Average,INT5187,58.18
3.61,44.3,50.9,48.03,4.6,8.28,15,3.64,2.84,Good,INT5188,78.43
1.23,25.7,35.3,67.84,4.15,5.1,7,6.58,2.66,Poor,INT5189,38.88
2.11,20.0,76.2,78.57,0.52,6.35,13,2.68,1.21,Good,INT5190,80.14
3.05,86.0,97.3,95.49,7.5,8.1,18,2.75,4.0,Excellent,INT5191,99.37
1.0,10.8,24.7,98.82,0.23,3.77,5,5.69,1.09,Fair,INT5192,49.19
0.71,9.4,5.4,61.36,4.85,2.45,10,5.15,2.94,Fair,INT5193,43.98
1.43,52.9,35.0,26.23,1.92,6.0,8,6.44,1.77,Poor,INT5194,36.0
2.82,29.7,82.7,83.83,2.0,7.94,15,2.03,1.8,Average,INT5195,66.32
1.21,16.9,49.8,70.73,3.28,1.53,12,5.68,2.31,Fair,INT5196,48.95
2.05,62.2,30.4,51.21,10.0,7.79,6,3.92,5.0,Average,INT5197,67.08
3.4,68.8,48.9,67.34,4.12,8.84,17,1.25,2.65,Excellent,INT5198,95.79
1.99,41.0,53.0,90.34,0.0,6.02,13,3.74,1.0,Average,INT5199,64.46
2.22,90.3,43.6,54.27,2.92,7.76,15,2.62,2.17,Good,INT5200,81.58
2.21,84.7,64.8,74.73,8.38,8.87,11,3.18,4.35,Good,INT5201,81.92
2.23,20.1,91.5,66.83,9.23,3.85,10,6.92,4.69,Average,INT5202,57.62
0.27,23.6,80.3,66.83,0.0,2.15,9,4.67,1.0,Average,INT5203,59.1
1.23,17.6,27.0,60.97,1.43,1.25,3,5.26,1.57,Fair,INT5204,45.32
0.07,19.2,6.9,76.3,6.88,1.01,7,6.78,3.75,Fair,INT5205,48.87
0.73,29.5,16.8,50.55,3.5,3.66,11,3.02,2.4,Average,INT5206,56.07
2.33,46.6,58.4,53.5,9.95,3.97,15,5.6,4.98,Good,INT5207,71.43
2.14,62.0,85.4,66.8,5.12,4.54,12,3.3,3.05,Good,INT5208,77.36
0.21,16.0,12.2,83.74,0.0,1.48,11,6.06,1.0,Fair,INT5209,47.01
1.26,16.0,19.0,81.92,2.88,2.57,5,2.2,2.15,Average,INT5210,61.93
2.05,67.6,52.3,69.04,10.0,1.43,7,6.58,5.0,Average,INT5211,64.84
2.62,74.1,30.0,50.36,9.35,8.56,14,2.52,4.74,Good,INT5212,73.68
1.96,16.6,25.5,62.61,10.0,6.94,7,3.45,5.0,Good,INT5213,79.11
0.39,5.7,4.4,61.41,4.58,0.69,7,5.42,2.83,Fair,INT5214,40.99
1.45,37.3,63.8,1.47,4.78,6.35,10,3.32,2.91,Average,INT5215,63.16
3.32,32.1,45.2,66.83,2.9,2.58,10,4.31,2.16,Average,INT5216,64.92
2.58,87.4,87.1,82.35,3.6,5.57,10,3.56,2.44,Good,INT5217,84.92
0.99,92.4,7.3,87.79,0.0,4.18,8,5.68,1.0,Fair,INT5218,48.0
1.82,10.1,19.4,66.08,6.4,8.46,8,2.09,3.56,Average,INT5219,65.27
3.75,78.5,80.1,74.48,6.08,7.81,18,1.03,3.43,Good,INT5220,78.26
3.1,92.7,77.9,97.29,7.5,8.44,15,2.68,4.0,Excellent,INT5221,98.2
2.94,61.1,42.3,72.47,10.0,5.7,9,4.17,5.0,Excellent,INT5222,92.4
3.77,96.4,97.3,66.83,4.93,9.73,21,2.13,2.97,Excellent,INT5223,98.99
3.01,91.1,79.4,90.5,10.0,9.3,15,3.59,5.0,Excellent,INT5224,97.87
0.8,27.8,26.6,79.7,4.05,5.9,14,3.8,2.62,Fair,INT5225,51.12
2.54,56.9,48.7,64.87,0.0,6.55,10,1.0,1.0,Average,INT5226,68.64
0.62,43.2,27.8,73.88,0.97,4.85,8,4.04,1.39,Fair,INT5227,54.86
1.26,38.7,48.1,88.74,1.0,7.49,6,6.21,1.4,Average,INT5228,55.92
3.92,90.5,62.9,66.83,7.5,6.72,9,1.93,4.0,Excellent,INT5229,96.39
2.98,56.2,63.2,74.87,6.42,9.62,7,4.61,3.57,Good,INT5230,82.79
0.59,91.8,71.4,89.78,5.88,6.3,14,4.62,3.35,Average,INT5231,55.09
0.65,39.2,83.6,63.05,1.2,8.61,11,3.14,1.48,Average,INT5232,67.71
1.66,66.4,17.3,56.11,6.68,2.56,9,4.76,3.67,Good,INT5233,70.68
2.79,63.1,78.7,66.83,4.12,8.07,16,3.81,2.65,Average,INT5234,68.16
0.88,25.3,20.6,97.18,3.02,2.48,8,4.48,2.21,Fair,INT5235,53.29
2.95,70.4,62.4,0.84,4.07,8.27,7,1.0,2.63,Good,INT5236,79.99
2.59,5.8,16.1,81.76,5.75,4.02,11,4.86,3.3,Average,INT5237,61.34
1.92,31.4,68.4,81.21,3.28,5.72,11,4.56,2.31,Average,INT5238,64.26
0.82,26.4,62.6,6.82,1.88,6.2,10,1.61,1.75,Average,INT5239,68.98
1.93,16.6,86.6,69.51,0.0,2.46,15,3.67,1.0,Fair,INT5240,53.86
3.63,49.4,37.5,85.35,10.0,6.29,12,6.63,5.0,Good,INT5241,77.23
2.37,54.9,14.4,98.6,2.92,6.47,13,3.32,2.17,Good,INT5242,75.45
1.97,82.8,91.8,58.4,6.72,4.14,5,3.87,3.69,Average,INT5243,64.43
3.23,71.6,65.9,70.52,4.55,6.62,11,3.92,2.82,Good,INT5244,73.64
0.64,7.4,15.3,54.75,5.55,0.58,15,5.48,3.22,Poor,INT5245,39.47
0.15,9.1,28.3,62.12,0.0,2.3,9,4.49,1.0,Fair,INT5246,47.55
3.57,74.9,44.8,68.84,10.0,6.33,13,6.24,5.0,Average,INT5247,65.56
2.16,11.9,47.1,44.69,2.1,3.5,11,5.79,1.84,Fair,INT5248,50.91
3.58,74.3,64.4,61.53,10.0,4.19,15,4.04,5.0,Good,INT5249,76.85
0.47,52.8,51.6,61.38,0.0,2.21,5,3.68,1.0,Average,INT5250,55.63
1.6,24.5,61.0,88.89,4.32,5.87,14,3.2,2.73,Average,INT5251,60.2
2.17,50.8,73.0,98.13,4.68,3.45,5,7.0,2.87,Average,INT5252,56.3
1.23,22.4,37.3,66.18,0.0,1.49,14,5.61,1.0,Fair,INT5253,42.52
3.7,82.6,97.7,84.4,7.08,9.51,10,1.72,3.83,Excellent,INT5254,89.74
1.47,41.7,54.0,62.9,8.4,5.96,12,6.46,4.36,Fair,INT5255,53.87
3.16,59.1,58.5,63.74,8.73,8.11,11,4.13,4.49,Excellent,INT5256,93.0
3.8,78.1,72.8,83.65,10.0,8.34,16,1.23,5.0,Excellent,INT5257,95.68
1.49,4.3,11.0,90.13,1.3,1.09,10,4.56,1.52,Fair,INT5258,54.85
0.92,39.7,55.3,1.72,10.0,3.07,17,3.78,5.0,Good,INT5259,71.74
1.41,65.9,13.8,79.93,8.43,3.85,4,6.3,4.37,Average,INT5260,59.79
3.2,91.0,83.4,53.34,6.2,4.69,11,2.26,3.48,Excellent,INT5261,88.15
2.13,88.9,40.4,24.77,7.5,4.02,10,6.22,4.0,Average,INT5262,69.83
0.85,36.8,22.1,63.12,7.75,7.99,12,4.67,4.1,Average,INT5263,66.04
3.01,86.4,42.4,66.83,2.15,7.69,9,1.17,1.86,Good,INT5264,78.87
1.43,11.7,29.8,85.32,5.88,5.76,8,3.92,3.35,Average,INT5265,61.28
0.65,34.2,40.4,30.27,4.98,4.13,9,4.39,2.99,Fair,INT5266,47.89
1.16,69.8,18.7,78.37,5.82,2.47,8,2.48,3.33,Average,INT5267,67.04
1.5,42.3,4.7,58.52,5.68,2.48,12,4.04,3.27,Good,INT5268,70.71
1.8,58.2,90.6,57.02,1.85,4.09,12,5.84,1.74,Fair,INT5269,41.97
0.78,17.7,59.5,51.45,2.0,4.55,9,2.42,1.8,Average,INT5270,59.28
0.68,35.1,64.4,42.01,2.0,6.24,7,2.23,1.8,Fair,INT5271,53.91
3.2,60.3,95.2,72.04,1.07,7.89,11,2.18,1.43,Good,INT5272,79.64
2.94,35.9,38.9,68.0,3.12,3.85,17,2.33,2.25,Average,INT5273,63.21
1.58,69.8,58.9,82.42,5.02,5.77,14,6.01,3.01,Good,INT5274,71.92
1.56,28.7,65.7,73.51,3.25,2.71,12,3.84,2.3,Average,INT5275,58.61
2.72,32.3,77.7,98.17,0.0,2.79,10,2.72,1.0,Good,INT5276,77.8
0.6,46.5,73.0,46.07,6.08,5.68,17,2.34,3.43,Good,INT5277,72.19
3.24,79.1,86.5,87.01,1.5,6.95,17,3.38,1.6,Excellent,INT5278,86.3
1.03,16.5,6.4,62.86,3.05,1.28,5,6.91,2.22,Fair,INT5279,49.0
3.59,73.8,84.4,75.44,10.0,9.52,7,3.4,5.0,Excellent,INT5280,86.04
0.75,6.3,75.9,77.63,10.0,0.98,15,6.61,5.0,Average,INT5281,67.11
2.56,60.0,85.7,66.46,10.0,7.93,15,3.71,5.0,Good,INT5282,80.12
3.13,51.1,42.0,73.59,10.0,6.24,17,3.92,5.0,Excellent,INT5283,97.01
1.33,22.7,28.2,63.96,8.5,2.25,7,6.59,4.4,Fair,INT5284,54.98
1.62,40.9,85.1,50.3,4.88,3.31,17,3.41,2.95,Average,INT5285,66.4
1.94,52.1,67.0,60.78,9.42,6.68,13,4.94,4.77,Average,INT5286,68.41
2.04,16.8,34.5,85.0,6.45,0.39,2,7.0,3.58,Average,INT5287,60.81
2.54,97.6,83.0,15.63,3.9,8.42,13,1.51,2.56,Excellent,INT5288,96.39
1.85,50.9,74.6,26.4,4.68,7.93,8,1.96,2.87,Good,INT5289,80.48
3.81,94.9,72.6,70.4,10.0,6.8,24,3.92,5.0,Good,INT5290,80.54
1.29,33.7,20.1,51.87,4.68,4.18,7,2.59,2.87,Average,INT5291,56.37
2.65,56.7,87.5,33.58,3.32,4.29,5,1.89,2.33,Excellent,INT5292,88.7
3.56,93.0,88.7,6.8,6.48,8.76,13,1.0,3.59,Excellent,INT5293,95.51
3.79,88.3,95.3,6.69,6.42,7.73,7,1.0,3.57,Excellent,INT5294,86.94
0.69,14.1,42.6,60.29,0.75,7.41,16,5.53,1.3,Fair,INT5295,51.9
3.73,97.7,96.5,62.87,7.35,9.44,17,3.92,3.94,Excellent,INT5296,86.43
2.56,29.2,84.2,90.84,4.0,8.25,14,3.88,2.6,Excellent,INT5297,93.25
0.8,22.0,49.7,60.45,6.18,1.22,5,4.52,3.47,Fair,INT5298,52.65
0.7,64.3,63.2,11.79,4.68,5.3,7,3.12,2.87,Average,INT5299,69.13
3.55,91.1,44.5,9.42,7.92,6.64,13,1.36,4.17,Good,INT5300,78.67
2.0,43.8,47.1,78.06,10.0,5.96,16,5.93,5.0,Good,INT5301,75.86
3.14,96.4,77.2,8.23,2.3,7.37,17,1.39,1.92,Good,INT5302,83.56
2.03,59.8,60.3,94.99,2.0,4.65,19,5.56,1.8,Fair,INT5303,54.79
1.94,5.3,75.8,60.99,7.82,4.59,10,6.83,4.13,Fair,INT5304,51.09
3.24,46.7,66.5,87.07,10.0,7.6,7,4.01,5.0,Good,INT5305,76.4
1.78,42.9,44.5,57.95,4.68,4.55,11,4.26,2.87,Fair,INT5306,46.22
2.02,41.5,64.1,66.83,5.52,5.41,7,3.8,3.21,Good,INT5307,78.93
2.73,90.0,96.3,93.53,8.8,6.43,7,2.84,4.52,Excellent,INT5308,95.21
2.44,50.9,70.1,72.9,3.5,9.12,9,6.53,2.4,Average,INT5309,64.96
0.46,7.6,32.4,55.18,0.0,2.92,4,6.42,1.0,Fair,INT5310,42.65
3.73,56.3,74.2,91.02,9.42,9.54,13,3.45,4.77,Excellent,INT5311,93.75
1.36,48.5,25.6,56.8,4.68,2.34,7,3.92,2.87,Average,INT5312,61.8
0.4,3.1,5.4,85.29,0.0,7.31,6,7.0,1.0,Fair,INT5313,42.64
0.3,26.9,3.8,56.18,0.0,1.23,8,7.0,1.0,Poor,INT5314,38.11
1.42,60.5,40.5,52.41,0.0,6.22,9,4.5,1.0,Average,INT5315,58.18
3.04,68.4,74.1,66.83,10.0,7.57,15,3.55,5.0,Good,INT5316,76.43
1.51,11.1,40.0,56.35,0.0,3.75,7,2.32,1.0,Fair,INT5317,51.78
0.66,27.5,41.7,62.99,0.0,1.63,7,7.0,1.0,Poor,INT5318,34.61
0.67,31.0,45.5,55.18,2.57,3.09,9,2.15,2.03,Good,INT5319,77.7
0.45,16.2,37.9,75.67,3.35,7.02,8,4.19,2.34,Average,INT5320,63.99
2.62,94.3,63.9,53.49,9.82,7.07,13,2.96,4.93,Good,INT5321,76.04
2.44,28.1,55.4,61.17,4.95,6.85,7,2.75,2.98,Good,INT5322,78.54
0.57,5.7,16.5,72.0,2.5,3.94,7,3.04,2.0,Fair,INT5323,52.53
2.93,54.7,74.7,73.7,7.5,7.89,16,6.99,4.0,Good,INT5324,72.72
2.09,51.3,52.4,66.83,0.0,6.32,11,1.76,1.0,Average,INT5325,69.48
3.51,89.8,71.0,85.28,5.02,3.05,10,4.48,3.01,Average,INT5326,65.89
3.76,76.3,62.1,52.36,10.0,7.74,18,1.79,5.0,Good,INT5327,75.96
2.09,24.2,61.6,54.03,3.68,3.1,8,1.46,2.47,Average,INT5328,62.24
2.36,83.8,94.1,53.04,10.0,7.9,22,3.87,5.0,Good,INT5329,83.71
2.37,62.7,23.0,71.16,6.88,8.38,6,4.51,3.75,Average,INT5330,68.45
1.76,27.2,34.2,52.09,0.08,4.8,9,2.55,1.03,Fair,INT5331,46.42
3.57,87.8,80.4,87.3,10.0,8.25,17,2.74,5.0,Excellent,INT5332,90.54
3.08,69.3,71.0,61.15,5.38,9.56,12,1.67,3.15,Good,INT5333,75.37
3.21,88.0,93.5,63.54,9.0,8.87,13,3.24,4.6,Excellent,INT5334,91.56
3.03,57.5,5.0,74.32,4.75,3.1,17,6.48,2.9,Fair,INT5335,51.4
0.88,29.6,59.4,48.31,3.35,1.68,11,6.57,2.34,Average,INT5336,68.18
0.45,63.7,73.2,8.78,0.0,1.42,8,2.67,1.0,Average,INT5337,58.12
1.59,78.6,78.0,85.66,0.18,2.19,9,4.43,1.07,Average,INT5338,59.69
0.17,17.9,14.2,51.9,0.0,5.42,16,6.5,1.0,Fair,INT5339,52.57
2.04,96.5,69.0,0.42,0.0,8.41,11,1.48,1.0,Good,INT5340,73.28
3.47,25.2,28.2,71.11,6.55,2.21,12,5.77,3.62,Average,INT5341,60.66
1.2,23.8,7.4,90.43,3.42,4.11,16,6.76,2.37,Average,INT5342,59.31
0.74,58.8,30.0,69.0,2.22,6.51,4,1.94,1.89,Average,INT5343,64.12
0.58,23.3,6.5,25.53,2.03,0.25,3,1.79,1.81,Average,INT5344,58.33
0.66,33.8,42.5,62.97,6.7,7.37,14,6.93,3.68,Average,INT5345,57.14
3.13,78.3,20.1,64.46,3.35,8.2,9,4.49,2.34,Good,INT5346,79.9
1.32,58.3,26.9,4.71,1.45,7.1,12,1.0,1.58,Good,INT5347,78.09
3.2,95.7,59.1,60.64,5.15,9.04,11,2.21,3.06,Good,INT5348,72.76
0.44,26.4,49.3,34.74,0.0,0.47,6,3.7,1.0,Fair,INT5349,49.22
3.39,19.5,92.7,65.26,1.23,3.14,10,5.02,1.49,Average,INT5350,59.47
0.71,8.7,21.6,83.95,4.12,3.67,11,5.17,2.65,Fair,INT5351,44.76
1.15,44.3,14.6,94.47,0.0,3.3,9,7.0,1.0,Fair,INT5352,54.93
3.25,88.7,66.2,83.73,10.0,9.1,14,3.92,5.0,Good,INT5353,84.21
2.69,78.7,84.8,30.55,6.68,9.28,17,4.59,3.67,Excellent,INT5354,90.82
1.22,27.4,16.9,77.18,5.82,6.41,11,3.92,3.33,Average,INT5355,65.96
1.99,85.1,85.5,53.45,7.15,5.93,8,3.87,3.86,Good,INT5356,70.82
2.89,80.8,46.3,0.48,4.68,5.19,11,2.3,2.87,Good,INT5357,74.91
2.04,62.6,57.4,40.08,7.5,2.34,13,7.0,4.0,Good,INT5358,75.59
0.15,64.9,5.1,66.39,0.0,3.31,8,6.01,1.0,Fair,INT5359,52.94
0.38,44.5,50.8,61.03,4.68,4.16,10,3.98,2.87,Fair,INT5360,52.33
3.21,93.9,40.7,73.31,6.38,6.61,13,4.71,3.55,Good,INT5361,79.42
1.61,57.9,50.7,83.32,0.0,7.32,14,2.65,1.0,Average,INT5362,64.42
1.61,47.1,40.1,69.25,0.0,5.06,8,4.61,1.0,Fair,INT5363,49.38
1.79,42.4,5.9,90.13,2.0,2.69,8,4.75,1.8,Fair,INT5364,52.86
2.63,69.0,70.2,86.93,5.93,9.55,15,4.49,3.37,Good,INT5365,84.29
1.18,28.8,7.5,3.04,2.1,0.94,11,7.0,1.84,Poor,INT5366,32.79
2.15,88.3,47.5,99.26,10.0,8.89,12,4.76,5.0,Good,INT5367,82.41
2.99,79.1,71.9,64.76,4.02,8.61,11,2.92,2.61,Average,INT5368,61.84
0.31,12.5,27.8,82.24,2.05,2.55,4,5.95,1.82,Poor,INT5369,38.68
3.46,88.9,84.1,92.77,4.68,8.13,11,2.07,2.87,Good,INT5370,82.77
2.64,66.7,26.3,9.1,0.0,5.69,5,3.63,1.0,Average,INT5371,61.15
3.52,87.4,59.3,58.11,10.0,6.0,16,3.39,5.0,Good,INT5372,83.83
2.45,78.6,44.2,38.76,8.8,4.97,11,3.18,4.52,Good,INT5373,76.68
0.78,36.2,4.0,79.52,4.38,3.15,7,5.8,2.75,Average,INT5374,58.77
1.48,6.8,17.8,52.78,0.0,0.64,9,3.89,1.0,Fair,INT5375,40.05
3.36,58.7,28.6,99.29,1.55,6.87,11,6.21,1.62,Good,INT5376,76.44
2.74,81.6,73.3,90.0,7.92,4.82,18,4.26,4.17,Good,INT5377,83.55
2.57,87.0,34.4,93.44,4.7,8.48,12,2.76,2.88,Excellent,INT5378,86.39
3.34,79.1,31.9,84.71,5.8,9.06,15,6.26,3.32,Good,INT5379,79.27
1.9,29.7,63.9,59.3,6.0,8.82,5,2.08,3.4,Average,INT5380,57.48
3.51,85.6,85.4,51.55,10.0,7.11,11,2.54,5.0,Excellent,INT5381,87.86
1.85,19.7,9.3,93.23,5.22,2.52,3,3.83,3.09,Average,INT5382,69.34
0.86,5.5,12.8,69.82,4.12,1.83,8,2.64,2.65,Fair,INT5383,50.92
3.35,83.6,84.3,3.98,7.5,9.14,18,1.17,4.0,Excellent,INT5384,88.36
3.85,96.6,75.2,78.08,10.0,8.7,14,4.81,5.0,Excellent,INT5385,86.43
3.53,71.3,58.7,71.04,6.05,8.69,17,4.54,3.42,Good,INT5386,71.42
1.01,61.9,26.7,82.58,1.82,3.15,9,3.3,1.73,Average,INT5387,55.75
1.34,12.9,17.9,74.19,2.03,0.32,8,6.69,1.81,Fair,INT5388,43.35
1.53,39.9,18.4,84.86,6.68,4.33,8,4.36,3.67,Average,INT5389,68.2
3.21,42.9,65.9,66.83,8.48,3.97,13,6.31,4.39,Good,INT5390,80.56
3.28,55.3,54.7,59.78,3.5,5.28,12,1.75,2.4,Average,INT5391,64.16
2.94,25.0,87.9,45.85,3.25,4.49,17,4.02,2.3,Good,INT5392,79.99
0.9,3.2,14.1,49.63,0.42,2.64,9,6.66,1.17,Fair,INT5393,51.6
2.9,30.7,61.6,66.83,3.08,6.09,9,4.42,2.23,Good,INT5394,79.55
3.74,70.9,73.3,7.16,4.2,6.11,18,5.15,2.68,Good,INT5395,77.85
1.58,33.6,42.4,66.83,8.27,9.06,10,3.18,4.31,Average,INT5396,63.92
2.5,52.4,43.6,82.67,3.15,4.54,8,1.27,2.26,Good,INT5397,73.53
3.29,87.8,87.2,70.96,10.0,8.77,27,3.35,5.0,Good,INT5398,82.64
1.44,14.5,57.8,71.97,7.3,6.36,14,3.02,3.92,Good,INT5399,77.79
1.34,74.7,96.1,94.72,10.0,7.83,12,5.87,5.0,Good,INT5400,73.98
3.35,77.1,75.9,8.42,3.73,3.96,11,2.16,2.49,Good,INT5401,75.73
0.4,44.6,45.0,82.24,5.52,1.2,7,3.92,3.21,Fair,INT5402,44.79
0.83,30.2,39.4,52.9,7.5,3.49,3,6.87,4.0,Average,INT5403,57.29
0.64,40.2,25.6,84.79,1.45,6.93,14,2.62,1.58,Average,INT5404,62.55
3.68,75.1,54.3,49.6,10.0,8.57,10,2.59,5.0,Excellent,INT5405,92.23
0.52,23.6,11.0,39.22,4.5,0.91,7,6.79,2.8,Fair,INT5406,42.49
0.29,56.2,37.6,60.98,6.85,2.17,6,3.92,3.74,Average,INT5407,58.56
2.43,62.6,85.6,65.07,2.35,8.66,11,4.12,1.94,Good,INT5408,71.23
0.82,31.7,55.3,71.34,2.68,1.74,6,2.79,2.07,Average,INT5409,66.03
1.19,56.4,38.7,60.59,2.6,3.74,15,3.92,2.04,Average,INT5410,59.31
2.12,50.5,86.0,51.67,2.48,5.35,12,4.8,1.99,Average,INT5411,61.48
3.49,78.8,62.0,70.7,0.57,9.08,12,2.96,1.23,Good,INT5412,74.51
1.85,57.1,31.4,90.86,8.32,5.29,4,5.08,4.33,Good,INT5413,79.97
1.96,59.0,72.7,69.38,5.07,7.98,21,1.14,3.03,Good,INT5414,72.58
3.61,95.3,96.2,3.1,6.42,9.71,12,1.29,3.57,Excellent,INT5415,87.91
2.41,11.8,27.2,60.49,7.02,1.93,12,3.41,3.81,Good,INT5416,79.32
2.55,44.8,7.6,70.83,1.02,1.31,13,3.18,1.41,Fair,INT5417,52.73
2.16,63.3,72.4,96.38,6.0,7.39,12,2.49,3.4,Good,INT5418,76.07
1.68,12.6,69.4,78.32,4.32,7.42,11,3.87,2.73,Average,INT5419,69.28
2.55,19.4,2.5,95.1,1.05,4.99,10,3.34,1.42,Good,INT5420,70.2
3.83,76.3,89.7,95.1,0.73,9.16,16,3.92,1.29,Good,INT5421,78.94
1.95,70.4,30.7,97.21,4.38,3.04,15,2.95,2.75,Excellent,INT5422,88.52
0.43,36.1,40.5,68.74,0.0,2.98,13,6.92,1.0,Fair,INT5423,49.24
2.54,73.2,11.7,50.16,10.0,0.73,14,3.08,5.0,Good,INT5424,71.08
3.52,67.8,60.8,96.7,4.35,9.77,17,3.37,2.74,Excellent,INT5425,97.16
0.87,45.8,54.7,56.87,3.15,6.8,12,4.21,2.26,Average,INT5426,64.3
0.74,30.5,48.5,66.83,3.63,1.45,9,6.89,2.45,Fair,INT5427,49.42
2.07,27.2,25.1,52.77,2.7,0.32,4,2.68,2.08,Fair,INT5428,48.77
1.55,76.1,96.2,66.83,6.15,6.36,14,5.05,3.46,Good,INT5429,70.1
3.19,13.0,25.0,81.04,2.35,7.78,11,4.93,1.94,Fair,INT5430,50.87
1.06,19.1,17.5,37.58,5.65,5.18,13,4.58,3.26,Good,INT5431,72.36
3.59,95.5,76.6,51.28,9.3,9.75,19,1.19,4.72,Excellent,INT5432,91.0
2.9,33.1,31.7,73.82,9.95,3.52,13,5.31,4.98,Average,INT5433,69.63
3.58,98.0,86.0,72.11,4.75,9.78,15,1.05,2.9,Excellent,INT5434,85.44
1.12,13.0,20.2,87.84,1.95,0.74,7,4.56,1.78,Average,INT5435,65.51
0.76,41.5,25.1,63.98,2.0,0.72,10,5.63,1.8,Fair,INT5436,44.0
2.38,47.0,73.9,60.88,5.48,3.33,17,3.92,3.19,Good,INT5437,79.73
0.53,21.8,46.2,6.0,2.35,2.15,8,5.63,1.94,Poor,INT5438,35.93
3.36,80.0,72.6,4.51,10.0,6.41,18,1.24,5.0,Excellent,INT5439,90.85
1.35,23.0,30.6,79.96,2.0,4.49,5,5.61,1.8,Fair,INT5440,44.08
2.08,85.9,85.3,73.58,10.0,8.82,17,3.85,5.0,Excellent,INT5441,86.23
0.49,17.2,29.5,66.84,5.58,3.39,6,2.56,3.23,Average,INT5442,63.36
1.92,86.8,67.8,68.72,0.15,7.47,19,1.63,1.06,Good,INT5443,78.74
0.96,22.0,4.0,68.55,4.68,1.25,14,6.71,2.87,Fair,INT5444,53.07
2.7,89.0,86.0,98.62,2.08,9.32,13,1.87,1.83,Excellent,INT5445,87.99
1.25,5.8,62.8,29.52,0.0,3.66,5,2.16,1.0,Good,INT5446,70.93
0.86,35.1,42.3,90.9,2.18,6.44,15,3.59,1.87,Good,INT5447,75.78
2.53,63.2,18.1,85.41,0.62,7.07,14,4.38,1.25,Average,INT5448,57.13
1.1,65.2,12.9,66.83,6.38,4.32,7,4.48,3.55,Average,INT5449,56.97
1.99,87.3,80.8,5.24,7.6,9.22,14,1.9,4.04,Good,INT5450,82.45
2.76,64.1,62.5,8.45,3.15,6.94,11,3.11,2.26,Good,INT5451,77.33
3.06,79.8,77.8,66.83,6.38,5.97,18,3.92,3.55,Average,INT5452,69.78
3.78,95.1,69.3,70.27,7.5,8.11,18,2.06,4.0,Excellent,INT5453,95.06
1.71,29.1,32.6,77.76,7.0,3.06,8,3.1,3.8,Good,INT5454,72.1
1.08,24.9,3.8,62.66,2.0,0.72,7,5.65,1.8,Fair,INT5455,43.56
2.82,73.1,76.8,51.77,6.78,8.22,9,2.23,3.71,Average,INT5456,64.68
3.04,79.0,88.0,91.8,10.0,6.1,14,3.61,5.0,Excellent,INT5457,92.47
1.51,40.6,89.4,94.82,0.0,6.79,13,3.92,1.0,Average,INT5458,58.46
1.73,41.7,50.5,25.63,4.3,3.56,11,6.49,2.72,Fair,INT5459,53.72
0.77,76.8,66.6,89.35,7.48,3.89,12,6.53,3.99,Average,INT5460,58.01
0.6,35.7,38.2,87.06,1.2,0.8,10,5.9,1.48,Fair,INT5461,47.39
3.64,36.5,81.2,58.92,5.68,2.92,11,2.8,3.27,Good,INT5462,83.02
3.2,39.3,55.7,71.09,4.68,4.89,8,1.3,2.87,Good,INT5463,78.83
2.21,30.0,62.9,31.46,2.45,4.13,10,3.31,1.98,Average,INT5464,66.28
1.7,63.5,97.2,88.0,5.78,6.29,13,2.34,3.31,Excellent,INT5465,95.02
1.91,23.1,74.3,91.88,5.88,7.61,13,4.23,3.35,Good,INT5466,77.92
1.94,91.6,61.6,54.74,10.0,9.28,13,5.91,5.0,Average,INT5467,69.23
2.09,34.2,60.2,78.15,5.8,8.6,8,5.92,3.32,Average,INT5468,59.94
1.46,43.0,57.6,88.09,10.0,6.47,19,5.6,5.0,Good,INT5469,72.89
3.43,47.5,87.3,89.31,10.0,8.76,13,3.03,5.0,Excellent,INT5470,88.71
1.51,26.2,12.9,29.03,0.0,2.32,10,4.67,1.0,Fair,INT5471,41.24
3.1,67.0,87.8,76.28,5.25,7.52,15,3.28,3.1,Good,INT5472,83.57
3.44,75.5,92.2,92.88,5.62,8.98,9,1.82,3.25,Excellent,INT5473,86.6
0.15,8.0,61.2,65.93,2.7,1.41,7,5.45,2.08,Poor,INT5474,38.26
1.88,86.1,74.7,0.0,4.58,8.0,11,1.29,2.83,Good,INT5475,84.49
0.28,14.0,29.3,90.22,2.82,1.27,7,3.2,2.13,Average,INT5476,55.65
0.68,11.3,55.3,54.47,6.85,5.85,12,2.55,3.74,Good,INT5477,73.48
2.77,35.1,69.6,92.97,7.48,1.77,11,5.46,3.99,Good,INT5478,73.28
3.24,41.6,89.5,65.56,4.68,7.89,10,5.66,2.87,Good,INT5479,76.34
0.24,19.3,3.5,66.83,3.82,0.23,10,3.0,2.53,Fair,INT5480,49.36
1.57,60.1,50.9,61.71,8.05,4.48,6,6.15,4.22,Fair,INT5481,54.8
2.01,56.8,75.5,28.6,6.12,1.07,10,2.67,3.45,Fair,INT5482,53.77
3.44,17.1,82.5,66.83,3.65,7.99,11,3.32,2.46,Average,INT5483,68.53
3.52,85.9,92.0,84.64,4.68,7.89,15,5.66,2.87,Good,INT5484,75.02
2.01,38.7,74.4,60.7,6.72,5.51,5,5.11,3.69,Average,INT5485,64.05
3.37,97.9,54.3,96.74,5.65,7.98,24,7.0,3.26,Good,INT5486,75.73
3.89,97.2,75.5,75.82,6.02,7.94,17,2.29,3.41,Excellent,INT5487,86.19
0.07,41.7,6.6,73.0,0.28,2.96,5,4.69,1.11,Fair,INT5488,42.23
2.34,47.5,11.3,71.71,0.0,4.6,13,4.33,1.0,Average,INT5489,61.62
0.84,40.7,58.9,84.63,1.88,2.21,5,6.73,1.75,Average,INT5490,61.79
2.32,58.2,90.7,33.26,8.98,4.31,14,2.01,4.59,Good,INT5491,80.86
0.14,3.4,12.0,56.43,0.0,0.42,6,5.41,1.0,Fair,INT5492,44.02
2.26,30.4,70.3,55.57,5.02,4.67,10,4.4,3.01,Average,INT5493,68.98
0.93,60.9,54.2,71.42,3.58,2.21,9,2.7,2.43,Average,INT5494,69.31
1.45,78.3,59.3,53.7,1.4,3.24,12,3.59,1.56,Average,INT5495,57.65
3.62,77.9,29.4,76.47,10.0,7.36,15,2.88,5.0,Excellent,INT5496,89.66
1.51,20.6,44.5,82.37,8.08,3.03,5,4.27,4.23,Average,INT5497,62.82
0.54,3.0,9.4,6.39,2.28,1.01,7,6.22,1.91,Poor,INT5498,33.05
0.85,33.7,29.4,90.02,2.57,3.93,12,4.42,2.03,Fair,INT5499,48.33
3.08,85.3,67.4,83.49,10.0,6.37,7,4.46,5.0,Good,INT5500,81.69
3.48,89.5,49.8,82.52,9.1,7.81,12,4.0,4.64,Good,INT5501,84.71
2.74,78.1,21.7,71.04,6.38,5.35,9,1.2,3.55,Good,INT5502,83.04
2.77,69.1,38.5,98.1,3.15,5.49,12,2.19,2.26,Good,INT5503,82.0
3.14,62.1,22.6,63.71,10.0,7.48,18,4.45,5.0,Good,INT5504,79.56
3.28,87.5,33.7,78.89,10.0,1.11,18,2.43,5.0,Good,INT5505,77.28
3.88,47.0,44.3,41.39,7.95,6.52,10,2.23,4.18,Excellent,INT5506,89.98
3.54,60.5,31.1,87.24,5.15,5.74,2,3.69,3.06,Good,INT5507,84.89
0.7,59.3,35.0,52.39,7.8,2.29,13,3.28,4.12,Average,INT5508,56.86
1.02,21.4,23.3,52.29,2.28,2.97,12,2.96,1.91,Average,INT5509,63.09
1.23,36.3,7.4,90.54,2.0,5.05,13,3.68,1.8,Average,INT5510,56.56
1.7,65.2,39.0,71.71,0.42,6.73,13,2.12,1.17,Average,INT5511,64.68
2.26,47.5,20.0,67.06,10.0,1.73,9,6.32,5.0,Average,INT5512,64.96
1.1,69.8,79.0,80.38,10.0,4.78,14,5.85,5.0,Good,INT5513,74.75
3.11,84.3,57.2,85.09,9.25,2.46,5,5.07,4.7,Good,INT5514,74.91
1.03,65.7,18.8,24.42,6.65,6.57,6,1.48,3.66,Good,INT5515,73.47
0.1,36.2,24.3,22.7,0.0,0.81,7,5.56,1.0,Fair,INT5516,41.16
0.72,9.9,25.8,97.91,0.0,1.11,8,5.72,1.0,Fair,INT5517,47.89
1.47,51.0,47.9,79.48,5.75,1.8,9,5.52,3.3,Average,INT5518,59.98
1.9,96.6,92.9,6.86,4.68,7.0,14,1.89,2.87,Good,INT5519,75.91
1.42,87.3,25.2,90.07,10.0,2.36,22,3.92,5.0,Good,INT5520,75.03
0.29,4.9,40.8,76.26,4.07,0.41,5,5.53,2.63,Poor,INT5521,37.2
3.12,75.6,64.1,24.62,10.0,7.91,7,4.45,5.0,Good,INT5522,80.28
0.57,27.0,26.2,24.83,1.15,4.6,16,4.83,1.46,Average,INT5523,56.79
2.64,81.1,52.8,69.84,10.0,8.08,15,3.31,5.0,Good,INT5524,77.18
2.36,83.3,38.9,1.53,4.85,2.5,21,3.8,2.94,Good,INT5525,74.1
1.74,68.4,19.2,4.32,0.0,2.31,10,1.22,1.0,Average,INT5526,62.33
3.52,65.5,17.6,66.83,10.0,7.83,10,4.56,5.0,Good,INT5527,73.53
3.62,95.4,89.2,94.66,2.1,8.56,14,1.87,1.84,Excellent,INT5528,95.26
1.83,57.6,45.5,56.09,4.78,4.96,3,3.28,2.91,Average,INT5529,64.36
2.25,58.9,21.3,81.48,7.15,4.86,8,2.28,3.86,Good,INT5530,73.85
0.86,3.7,33.5,38.49,0.37,1.24,15,4.22,1.15,Fair,INT5531,49.45
3.49,92.1,94.8,80.29,6.05,6.85,19,2.29,3.42,Good,INT5532,84.98
3.53,79.4,48.4,7.96,7.5,7.95,17,5.28,4.0,Good,INT5533,79.39
0.06,12.9,5.1,55.08,4.93,1.65,8,5.62,2.97,Poor,INT5534,31.69
1.9,29.4,78.9,79.12,0.13,3.89,22,1.5,1.05,Average,INT5535,66.66
3.41,96.4,83.7,84.15,8.52,8.89,15,1.61,4.41,Excellent,INT5536,96.65
1.93,52.8,45.4,84.01,0.0,1.87,6,1.58,1.0,Good,INT5537,73.97
0.32,7.0,40.0,81.85,1.55,1.66,12,6.41,1.62,Average,INT5538,62.65
0.94,21.3,57.4,75.01,4.85,2.05,10,4.25,2.94,Average,INT5539,63.47
2.18,54.4,75.4,37.67,5.48,1.64,5,3.57,3.19,Average,INT5540,69.43
1.95,78.3,62.2,51.26,8.15,3.12,11,1.21,4.26,Good,INT5541,75.53
0.35,24.1,46.3,84.51,0.5,2.07,12,5.16,1.2,Fair,INT5542,54.61
1.01,22.8,42.4,82.74,0.0,2.57,21,6.3,1.0,Poor,INT5543,37.71
2.01,57.6,4.7,66.83,6.95,3.92,10,6.31,3.78,Good,INT5544,71.44
1.84,52.1,76.8,20.16,6.95,3.45,6,4.52,3.78,Average,INT5545,67.46
3.01,74.1,73.6,60.53,6.2,8.29,15,1.6,3.48,Good,INT5546,81.76
3.58,95.3,91.7,63.01,5.93,4.99,12,1.29,3.37,Excellent,INT5547,85.92
3.62,87.0,94.2,9.79,2.0,8.37,14,1.09,1.8,Good,INT5548,76.46
0.7,61.7,39.7,61.14,4.22,0.88,16,2.7,2.69,Average,INT5549,63.87
1.62,52.4,58.3,45.37,5.58,5.55,10,2.14,3.23,Excellent,INT5550,89.53
1.96,29.9,59.1,62.6,0.0,5.98,15,2.38,1.0,Average,INT5551,69.59
1.12,31.9,8.7,55.54,5.07,4.04,7,3.61,3.03,Average,INT5552,56.37
0.56,42.3,78.6,2.54,2.0,2.69,10,6.84,1.8,Fair,INT5553,44.74
1.23,44.4,23.4,94.63,2.0,2.12,9,4.51,1.8,Fair,INT5554,53.43
1.15,24.4,56.6,16.21,4.68,4.36,6,6.39,2.87,Fair,INT5555,43.09
3.13,61.9,61.7,66.83,10.0,9.5,17,5.27,5.0,Good,INT5556,80.79
3.73,75.2,85.3,49.08,8.67,8.72,22,1.83,4.47,Excellent,INT5557,94.96
2.57,57.2,78.8,66.2,6.48,5.52,8,5.42,3.59,Average,INT5558,68.73
3.38,82.2,54.3,35.07,10.0,7.99,20,2.6,5.0,Excellent,INT5559,95.55
1.32,82.1,56.6,80.72,10.0,4.52,15,5.18,5.0,Good,INT5560,84.35
2.48,69.2,89.6,55.36,7.28,8.41,15,2.84,3.91,Good,INT5561,75.05
0.29,16.5,20.8,53.72,0.0,5.12,10,6.53,1.0,Poor,INT5562,30.34
3.27,97.2,69.0,65.93,2.97,2.67,13,2.96,2.19,Excellent,INT5563,86.85
1.29,66.5,61.0,65.97,6.12,2.62,4,3.0,3.45,Average,INT5564,64.7
0.08,3.9,36.7,8.7,2.18,3.04,10,6.45,1.87,Poor,INT5565,38.51
2.84,90.3,91.7,0.89,1.82,7.6,8,1.0,1.73,Good,INT5566,75.47
1.24,24.4,32.1,64.15,4.65,6.0,10,5.36,2.86,Average,INT5567,57.54
0.33,15.0,14.1,72.22,5.22,0.52,13,3.92,3.09,Average,INT5568,57.23
0.33,11.8,11.5,68.39,2.0,2.71,10,5.94,1.8,Fair,INT5569,43.11
0.7,36.0,58.5,0.0,2.03,6.25,13,6.44,1.81,Average,INT5570,58.78
3.19,79.8,34.5,80.18,10.0,7.22,15,6.95,5.0,Good,INT5571,72.66
2.59,69.0,34.7,82.68,5.2,5.09,12,1.0,3.08,Good,INT5572,80.93
1.62,40.1,15.4,60.53,3.77,3.61,8,6.06,2.51,Average,INT5573,64.26
0.76,20.4,13.1,30.83,2.0,1.19,9,5.05,1.8,Fair,INT5574,48.54
0.55,27.5,44.1,51.06,5.68,0.75,13,4.87,3.27,Poor,INT5575,38.91
3.6,63.1,78.8,33.2,7.75,7.79,8,1.45,4.1,Good,INT5576,75.39
0.66,17.7,34.0,63.25,4.12,7.21,13,4.5,2.65,Average,INT5577,62.52
1.67,29.5,19.3,53.27,1.6,1.1,7,6.7,1.64,Fair,INT5578,50.88
2.97,42.8,4.1,80.13,5.45,1.75,15,6.44,3.18,Average,INT5579,68.38
3.71,72.8,73.6,99.91,10.0,6.94,8,3.77,5.0,Excellent,INT5580,85.77
3.45,82.0,95.8,0.0,10.0,8.95,8,1.0,5.0,Excellent,INT5581,94.31
3.36,48.6,43.7,91.06,0.0,3.06,16,3.38,1.0,Average,INT5582,69.31
0.65,18.7,9.1,55.94,2.0,5.16,8,6.17,1.8,Poor,INT5583,37.88
1.01,79.4,75.9,44.36,3.0,2.94,10,5.15,2.2,Average,INT5584,69.59
0.83,76.7,11.6,82.16,3.1,3.7,9,3.6,2.24,Average,INT5585,58.36
2.54,14.8,92.9,95.14,4.9,5.57,10,1.67,2.96,Good,INT5586,81.38
0.44,34.4,89.6,55.7,1.57,3.66,17,3.84,1.63,Fair,INT5587,54.92
2.88,71.3,46.0,65.77,1.48,6.5,11,4.29,1.59,Average,INT5588,61.18
0.16,7.9,34.3,54.54,0.6,0.19,4,6.44,1.24,Poor,INT5589,35.2
0.32,22.0,2.2,70.37,2.0,0.53,5,5.26,1.8,Fair,INT5590,42.03
1.74,93.1,26.2,95.58,6.08,6.87,13,2.46,3.43,Good,INT5591,81.63
2.58,29.8,39.8,89.08,3.6,4.97,9,4.06,2.44,Good,INT5592,74.31
2.92,87.9,92.9,86.15,4.58,9.38,10,1.37,2.83,Excellent,INT5593,88.73
0.74,82.9,41.6,76.65,4.1,2.74,15,6.78,2.64,Average,INT5594,59.1
1.6,17.9,38.7,94.17,4.68,6.07,18,3.92,2.87,Average,INT5595,60.03
2.55,38.4,14.9,72.47,0.0,5.32,10,3.54,1.0,Average,INT5596,59.98
1.1,15.6,22.2,57.48,5.3,2.06,9,3.5,3.12,Fair,INT5597,50.41
3.04,84.3,46.5,91.88,10.0,8.0,14,3.92,5.0,Good,INT5598,82.82
2.15,80.8,31.2,63.98,4.68,2.16,9,5.37,2.87,Average,INT5599,69.37
0.47,19.8,7.5,52.68,4.02,1.65,8,4.79,2.61,Fair,INT5600,46.65
2.89,56.5,60.3,56.3,4.68,3.67,11,2.74,2.87,Average,INT5601,58.45
3.61,68.2,80.8,80.45,7.18,9.15,23,2.8,3.87,Excellent,INT5602,95.26
3.67,94.9,79.4,47.43,9.95,7.39,16,1.76,4.98,Excellent,INT5603,85.88
3.48,58.9,21.4,32.38,10.0,6.84,9,5.17,5.0,Good,INT5604,75.76
1.65,55.6,70.7,0.0,2.15,5.93,15,1.0,1.86,Good,INT5605,74.02
0.39,37.8,25.8,66.83,4.1,2.09,6,4.29,2.64,Average,INT5606,55.11
1.61,57.2,45.7,96.03,7.35,5.67,11,6.42,3.94,Good,INT5607,70.83
0.63,66.4,47.2,79.25,4.35,5.62,8,6.36,2.74,Average,INT5608,62.13
2.6,82.5,86.8,66.83,6.3,4.23,12,3.42,3.52,Good,INT5609,80.46
3.59,75.2,31.4,87.65,0.52,8.04,8,3.74,1.21,Good,INT5610,77.97
2.22,79.8,73.7,62.89,5.12,3.89,12,1.42,3.05,Good,INT5611,76.91
2.63,16.5,13.2,65.51,9.35,0.36,8,5.21,4.74,Average,INT5612,65.53
0.35,12.7,18.2,51.46,4.68,5.49,9,5.43,2.87,Fair,INT5613,46.05
3.52,76.2,44.7,50.95,3.02,2.98,12,2.56,2.21,Average,INT5614,58.04
3.02,66.5,80.2,32.41,10.0,7.57,11,3.64,5.0,Excellent,INT5615,85.98
0.78,13.2,47.1,52.33,5.1,0.46,8,6.28,3.04,Fair,INT5616,53.08
0.42,11.0,45.3,55.4,0.47,1.59,13,6.65,1.19,Fair,INT5617,50.3
1.86,64.3,83.0,56.31,10.0,6.55,4,2.4,5.0,Good,INT5618,75.16
3.77,94.5,70.4,73.16,9.5,8.44,20,4.14,4.8,Excellent,INT5619,89.5
2.95,75.1,78.1,86.55,6.35,3.42,3,1.75,3.54,Good,INT5620,72.63
3.87,51.6,92.9,66.83,6.28,8.58,8,1.45,3.51,Good,INT5621,82.56
1.37,75.6,50.7,77.32,5.93,7.01,8,6.04,3.37,Good,INT5622,73.71
3.0,50.5,63.3,48.42,3.05,6.69,11,6.22,2.22,Average,INT5623,69.81
0.4,33.1,22.5,66.83,4.8,2.53,7,5.87,2.92,Average,INT5624,62.19
0.96,47.3,82.8,6.24,0.0,6.91,8,1.21,1.0,Good,INT5625,72.13
1.54,18.6,58.3,57.33,2.75,3.26,15,5.82,2.1,Fair,INT5626,49.12
2.78,61.9,53.3,57.69,8.08,8.75,7,3.25,4.23,Good,INT5627,73.2
1.02,18.9,20.4,73.25,7.5,2.12,7,3.4,4.0,Excellent,INT5628,85.67
3.71,88.3,93.1,89.52,10.0,9.18,4,4.66,5.0,Excellent,INT5629,88.75
3.54,56.2,92.4,85.2,0.0,8.66,13,1.32,1.0,Good,INT5630,70.49
1.14,4.1,18.5,35.87,3.77,0.25,8,5.66,2.51,Fair,INT5631,52.08
1.31,74.1,73.3,75.52,4.15,6.81,11,4.25,2.66,Average,INT5632,61.13
3.47,83.1,86.6,72.2,10.0,4.61,13,3.92,5.0,Excellent,INT5633,96.16
3.83,86.8,72.7,71.19,4.28,5.73,12,1.65,2.71,Good,INT5634,80.44
1.93,39.8,57.5,77.13,6.08,4.53,12,2.19,3.43,Good,INT5635,71.44
0.31,16.4,43.4,99.1,4.25,3.25,12,1.0,2.7,Good,INT5636,72.11
1.13,40.1,44.6,90.65,0.65,2.17,15,4.04,1.26,Average,INT5637,68.69
0.65,44.5,70.4,95.19,0.0,2.53,7,5.64,1.0,Fair,INT5638,42.21
3.87,64.6,69.1,0.0,4.68,7.7,14,1.0,2.87,Excellent,INT5639,86.71
3.35,91.3,80.1,66.83,2.52,9.25,15,1.46,2.01,Excellent,INT5640,85.67
0.8,47.1,80.7,54.24,6.6,2.0,7,4.14,3.64,Average,INT5641,59.52
0.27,35.9,2.5,63.16,8.3,3.48,10,6.31,4.32,Fair,INT5642,54.36
2.72,94.4,86.1,72.09,10.0,8.96,11,2.75,5.0,Excellent,INT5643,89.36
3.37,79.5,50.2,82.1,4.88,6.86,14,2.93,2.95,Average,INT5644,66.9
1.7,15.9,45.6,75.04,4.5,7.46,16,4.3,2.8,Average,INT5645,56.27
3.77,81.0,36.1,95.16,10.0,9.41,10,2.4,5.0,Excellent,INT5646,95.61
3.54,81.0,68.8,4.3,5.6,7.54,11,1.0,3.24,Excellent,INT5647,99.52
2.39,33.3,43.5,3.76,5.7,2.57,10,5.2,3.28,Average,INT5648,69.37
0.4,39.1,20.4,92.65,3.95,2.02,9,5.11,2.58,Fair,INT5649,52.5
0.35,19.7,46.5,74.09,0.0,0.64,4,4.67,1.0,Fair,INT5650,48.48
0.27,10.1,1.7,50.35,0.0,0.49,8,5.83,1.0,Poor,INT5651,39.62
0.22,41.4,18.8,89.25,0.0,4.59,14,4.65,1.0,Average,INT5652,56.36
3.6,70.2,72.0,30.08,2.75,8.62,12,2.2,2.1,Good,INT5653,81.06
2.1,45.8,57.4,59.06,0.0,3.9,15,2.84,1.0,Average,INT5654,69.47
3.59,51.9,75.3,83.54,2.3,9.87,6,1.98,1.92,Excellent,INT5655,90.2
2.75,44.8,41.0,93.76,0.0,3.16,14,2.25,1.0,Good,INT5656,78.37
0.67,12.5,5.8,99.72,3.45,3.56,10,5.38,2.38,Average,INT5657,64.22
1.42,73.7,64.8,75.9,4.82,4.05,16,5.69,2.93,Good,INT5658,76.57
0.37,3.4,3.9,54.66,0.0,3.65,12,6.6,1.0,Poor,INT5659,32.33
0.88,5.6,39.5,0.0,1.27,1.83,9,4.3,1.51,Fair,INT5660,51.85
3.06,65.4,32.5,66.18,0.0,5.13,13,1.64,1.0,Good,INT5661,70.02
0.82,21.7,54.5,55.18,0.6,0.79,12,1.21,1.24,Average,INT5662,56.14
1.84,33.9,34.4,90.77,6.9,8.07,9,5.66,3.76,Average,INT5663,59.96
2.84,68.0,38.7,64.84,5.78,2.41,6,4.27,3.31,Average,INT5664,57.64
3.14,73.6,64.3,98.79,4.45,8.07,9,4.61,2.78,Good,INT5665,74.67
3.06,87.5,48.6,85.13,5.68,6.08,13,5.59,3.27,Good,INT5666,75.11
1.86,34.0,31.1,58.67,7.45,2.41,12,5.49,3.98,Average,INT5667,56.34
1.41,24.9,35.5,73.8,4.32,0.13,14,5.65,2.73,Poor,INT5668,37.22
3.24,61.3,31.4,73.34,5.7,6.86,10,1.0,3.28,Excellent,INT5669,88.02
1.22,22.9,13.0,74.63,2.55,1.69,6,5.62,2.02,Fair,INT5670,43.76
1.25,16.6,63.3,43.35,1.17,4.1,6,6.18,1.47,Average,INT5671,61.65
2.04,46.4,81.8,31.43,8.85,9.43,13,2.37,4.54,Good,INT5672,75.04
0.53,28.0,69.6,84.32,2.0,4.81,4,5.19,1.8,Average,INT5673,56.66
3.68,46.5,73.2,74.36,10.0,8.86,14,2.71,5.0,Excellent,INT5674,88.17
1.21,55.7,20.0,89.55,4.1,4.42,8,6.62,2.64,Good,INT5675,71.37
3.69,79.4,56.7,4.1,10.0,5.84,14,1.12,5.0,Excellent,INT5676,96.74
0.62,16.1,11.7,61.53,2.55,1.03,11,4.3,2.02,Fair,INT5677,51.74
3.13,28.8,76.9,66.83,7.88,4.19,10,2.06,4.15,Good,INT5678,71.1
2.25,79.4,57.6,85.16,7.5,6.46,9,5.16,4.0,Good,INT5679,75.92
2.2,92.6,59.4,69.16,5.2,5.82,8,1.82,3.08,Good,INT5680,73.91
3.38,93.8,82.4,72.33,10.0,3.9,11,2.81,5.0,Excellent,INT5681,90.53
1.17,79.3,38.3,62.98,2.1,6.69,9,3.78,1.84,Fair,INT5682,44.9
0.06,6.0,4.8,57.83,2.03,0.51,3,6.69,1.81,Poor,INT5683,28.42
3.69,57.6,37.5,64.37,9.6,5.81,12,2.12,4.84,Good,INT5684,84.44
2.24,79.5,86.1,66.4,2.62,4.4,7,1.81,2.05,Excellent,INT5685,88.47
0.58,26.1,60.5,36.86,7.4,2.18,8,5.29,3.96,Average,INT5686,68.75
3.52,56.7,65.6,82.77,10.0,7.59,19,4.25,5.0,Excellent,INT5687,86.69
1.32,30.0,12.5,63.66,0.0,0.54,4,6.71,1.0,Poor,INT5688,32.09
0.45,41.6,65.4,52.55,0.0,5.14,14,1.4,1.0,Average,INT5689,61.64
3.03,20.0,23.6,68.66,6.52,4.05,9,4.44,3.61,Good,INT5690,75.86
2.14,58.9,76.6,92.78,2.0,8.35,9,2.82,1.8,Average,INT5691,67.27
3.1,66.8,61.3,74.92,6.32,6.34,8,3.92,3.53,Good,INT5692,84.3
1.52,53.0,22.4,98.24,9.3,5.56,10,5.11,4.72,Good,INT5693,71.5
3.08,37.5,81.4,50.82,0.0,3.9,6,4.55,1.0,Fair,INT5694,48.78
1.06,58.3,21.3,0.0,0.0,3.43,6,5.84,1.0,Fair,INT5695,47.11
2.34,40.1,79.8,59.67,4.68,5.11,10,2.5,2.87,Average,INT5696,64.57
3.13,77.8,50.8,52.78,10.0,9.09,16,3.84,5.0,Excellent,INT5697,87.28
2.89,48.1,91.9,76.82,6.57,4.07,10,3.41,3.63,Good,INT5698,82.99
1.43,64.1,82.2,80.2,5.72,3.46,12,7.0,3.29,Average,INT5699,62.16
2.42,36.9,16.4,87.76,0.0,2.35,13,2.28,1.0,Good,INT5700,82.19
1.67,34.4,38.9,86.3,0.0,3.96,5,2.86,1.0,Average,INT5701,65.33
0.43,56.3,67.8,52.17,0.7,5.23,7,3.19,1.28,Fair,INT5702,47.03
1.96,82.7,42.5,90.13,0.0,6.89,8,4.73,1.0,Average,INT5703,66.88
1.56,63.8,41.0,0.0,0.0,5.38,14,2.69,1.0,Fair,INT5704,53.9
0.13,1.5,1.6,46.93,4.1,0.56,7,6.87,2.64,Poor,INT5705,37.17
2.92,69.8,36.6,76.88,3.82,7.79,14,2.98,2.53,Good,INT5706,71.44
1.45,43.3,46.2,80.62,3.68,2.26,6,6.28,2.47,Fair,INT5707,51.91
1.08,31.6,21.4,17.74,0.0,2.35,12,1.26,1.0,Fair,INT5708,53.58
3.15,56.8,44.8,70.87,5.4,5.84,11,5.07,3.16,Average,INT5709,69.69
0.17,46.5,5.0,66.78,3.0,3.6,13,6.81,2.2,Fair,INT5710,52.22
1.01,64.6,58.1,67.52,4.78,2.72,11,1.58,2.91,Fair,INT5711,54.6
1.01,25.0,3.7,54.57,7.5,2.14,13,6.87,4.0,Average,INT5712,61.27
2.61,32.8,70.3,57.99,5.0,3.33,14,3.33,3.0,Fair,INT5713,50.86
3.86,96.8,56.6,58.09,10.0,8.12,15,6.2,5.0,Average,INT5714,65.43
0.18,3.9,16.1,68.66,0.0,0.25,15,5.24,1.0,Poor,INT5715,36.59
3.53,46.2,89.0,94.72,6.32,7.47,11,2.99,3.53,Excellent,INT5716,91.86
1.85,25.6,14.1,60.3,2.0,2.9,14,3.92,1.8,Average,INT5717,55.71
3.43,65.5,47.3,45.33,2.57,7.16,16,3.18,2.03,Good,INT5718,80.19
3.25,91.5,61.3,65.58,5.62,5.65,13,3.92,3.25,Good,INT5719,76.19
3.79,79.4,77.6,66.83,9.38,6.38,7,1.47,4.75,Excellent,INT5720,92.42
2.34,60.4,18.4,52.51,1.53,1.0,6,1.99,1.61,Average,INT5721,65.62
1.74,10.5,49.7,59.83,4.7,5.2,16,3.54,2.88,Fair,INT5722,51.64
0.96,68.7,26.4,3.54,7.18,6.57,10,5.54,3.87,Average,INT5723,63.2
3.18,82.7,77.3,99.65,4.73,3.75,20,3.92,2.89,Average,INT5724,66.43
3.31,82.9,94.2,78.54,10.0,8.74,15,2.17,5.0,Excellent,INT5725,94.84
0.23,63.6,31.3,56.95,2.0,1.25,13,5.05,1.8,Fair,INT5726,42.47
0.35,57.5,20.2,63.61,0.0,6.1,9,2.47,1.0,Average,INT5727,69.12
2.37,41.2,85.3,58.39,4.73,6.16,18,1.37,2.89,Good,INT5728,82.28
2.04,53.5,72.2,56.23,5.93,6.89,8,1.79,3.37,Average,INT5729,62.88
0.55,72.6,8.6,89.86,6.18,1.01,9,3.92,3.47,Fair,INT5730,51.22
1.26,69.4,16.7,74.79,9.6,1.36,8,6.04,4.84,Average,INT5731,66.59
3.12,87.3,88.1,81.56,9.85,8.54,13,2.85,4.94,Good,INT5732,82.75
3.12,38.0,88.9,32.65,4.22,9.2,24,4.95,2.69,Good,INT5733,78.02
1.03,75.4,13.6,9.94,5.75,1.85,5,4.41,3.3,Average,INT5734,64.25
2.18,23.4,16.8,62.88,9.07,6.44,7,4.78,4.63,Average,INT5735,61.99
0.38,34.5,26.8,0.46,1.12,0.5,6,5.25,1.45,Fair,INT5736,52.1
1.28,25.9,16.9,9.53,0.08,0.65,16,4.31,1.03,Average,INT5737,59.36
2.92,82.5,86.3,21.77,7.0,7.45,20,2.4,3.8,Good,INT5738,78.9
0.87,23.0,83.5,3.75,7.4,4.85,9,1.4,3.96,Good,INT5739,72.72
2.62,65.9,79.1,92.61,6.28,3.79,24,3.38,3.51,Good,INT5740,74.7
0.66,40.3,12.7,56.02,3.53,0.48,9,6.07,2.41,Fair,INT5741,46.63
3.15,52.7,81.5,94.87,2.12,7.18,12,4.8,1.85,Good,INT5742,80.89
3.1,95.1,84.1,53.97,8.67,4.9,20,6.16,4.47,Good,INT5743,72.32
2.0,20.4,45.2,67.45,8.67,7.38,9,6.95,4.47,Average,INT5744,57.78
3.55,38.5,74.8,42.32,6.72,6.52,7,1.69,3.69,Good,INT5745,73.21
3.63,84.6,52.2,77.97,7.3,8.59,8,4.99,3.92,Good,INT5746,77.55
2.17,46.1,10.9,23.61,8.4,2.25,12,5.12,4.36,Average,INT5747,59.64
0.35,5.2,20.9,89.95,0.1,2.66,7,6.54,1.04,Fair,INT5748,40.0
0.54,3.9,6.2,98.66,0.0,0.46,8,6.89,1.0,Fair,INT5749,40.9
0.24,4.5,0.9,59.06,4.38,0.99,10,5.03,2.75,Poor,INT5750,36.59
3.49,51.3,65.4,94.76,0.0,3.81,13,2.44,1.0,Good,INT5751,81.29
1.87,67.4,67.3,77.84,7.5,7.74,9,5.4,4.0,Good,INT5752,71.7
2.15,78.0,91.4,0.0,2.62,9.21,14,1.25,2.05,Good,INT5753,79.61
2.86,50.4,80.9,58.8,0.0,6.14,9,6.14,1.0,Fair,INT5754,52.88
0.98,59.0,52.3,53.66,10.0,4.68,12,6.94,5.0,Good,INT5755,74.39
3.15,83.9,81.3,52.99,7.5,3.41,12,3.23,4.0,Good,INT5756,78.58
1.54,47.1,59.8,94.16,4.15,5.52,6,5.07,2.66,Good,INT5757,78.72
2.68,26.6,53.5,83.71,4.68,2.78,14,3.74,2.87,Average,INT5758,65.06
2.2,33.4,27.5,68.51,0.0,5.19,17,3.25,1.0,Fair,INT5759,52.5
0.22,4.5,9.2,59.52,0.0,0.31,3,2.66,1.0,Fair,INT5760,47.99
2.92,53.4,28.8,90.83,3.08,3.63,7,5.38,2.23,Fair,INT5761,47.77
0.93,14.2,76.8,80.16,4.93,7.47,10,6.72,2.97,Fair,INT5762,46.98
2.58,34.4,2.2,68.02,3.02,3.8,7,6.72,2.21,Fair,INT5763,52.79
3.1,34.0,74.9,40.98,0.0,8.31,16,2.47,1.0,Average,INT5764,61.0
0.23,9.4,21.6,66.83,0.85,0.88,10,6.54,1.34,Fair,INT5765,42.8
0.95,50.3,35.5,66.95,0.0,0.98,8,5.78,1.0,Fair,INT5766,49.86
2.25,31.4,27.2,54.48,3.82,8.05,12,2.91,2.53,Good,INT5767,76.83
3.61,96.4,54.2,95.56,3.65,9.77,10,1.7,2.46,Excellent,INT5768,89.25
0.81,21.3,68.1,69.37,5.0,2.35,22,2.44,3.0,Good,INT5769,70.19
0.91,4.7,54.7,40.73,6.5,1.25,12,6.19,3.6,Fair,INT5770,44.99
0.77,16.0,52.4,60.22,5.7,2.54,10,4.87,3.28,Average,INT5771,56.21
0.22,39.8,60.1,94.87,4.98,4.88,13,5.52,2.99,Average,INT5772,55.35
0.99,50.1,23.9,22.42,0.0,5.89,7,2.43,1.0,Average,INT5773,57.2
2.42,90.9,78.1,44.23,10.0,6.55,20,5.67,5.0,Good,INT5774,74.68
3.8,99.0,98.8,9.26,4.8,9.53,21,1.63,2.92,Excellent,INT5775,100.0
0.27,73.5,44.9,51.75,5.98,1.42,10,3.32,3.39,Average,INT5776,67.76
2.7,62.9,92.6,91.44,10.0,6.0,21,4.72,5.0,Excellent,INT5777,87.55
2.66,48.0,24.7,70.53,3.92,9.06,13,2.22,2.57,Good,INT5778,78.07
0.69,47.0,18.4,82.9,0.0,3.97,8,5.46,1.0,Fair,INT5779,44.08
3.33,92.9,83.6,68.62,4.68,8.88,11,2.04,2.87,Excellent,INT5780,89.71
1.94,9.8,73.5,54.12,5.0,1.74,6,5.26,3.0,Fair,INT5781,51.84
2.09,72.2,42.8,62.71,4.32,3.51,12,3.66,2.73,Good,INT5782,74.29
1.18,2.8,6.9,51.1,4.53,1.67,10,4.5,2.81,Fair,INT5783,52.08
3.2,67.8,91.6,97.39,5.93,6.63,16,2.03,3.37,Good,INT5784,77.09
1.83,63.9,61.5,8.29,3.95,8.86,20,1.0,2.58,Good,INT5785,78.47
2.31,43.1,66.0,91.2,3.87,3.21,4,6.59,2.55,Fair,INT5786,53.26
2.81,49.9,40.2,58.46,0.0,4.57,8,2.75,1.0,Average,INT5787,63.23
0.42,8.0,21.9,69.61,0.0,0.85,8,5.6,1.0,Fair,INT5788,50.62
0.36,26.9,12.8,70.75,5.42,0.32,13,6.78,3.17,Fair,INT5789,51.39
3.72,87.8,98.5,27.36,9.1,9.45,20,2.69,4.64,Excellent,INT5790,86.45
2.95,95.6,96.2,93.29,5.48,9.8,14,2.27,3.19,Excellent,INT5791,91.83
0.71,74.6,81.5,45.6,8.57,5.63,5,4.65,4.43,Average,INT5792,59.85
0.18,11.1,5.5,68.31,4.68,1.22,11,6.77,2.87,Poor,INT5793,37.7
3.19,51.5,22.9,83.12,3.1,9.39,9,6.08,2.24,Good,INT5794,72.61
0.54,4.7,11.8,30.53,1.07,1.96,8,4.41,1.43,Fair,INT5795,46.93
1.59,61.6,84.1,67.36,6.1,3.95,12,5.37,3.44,Fair,INT5796,46.22
3.14,97.1,79.9,86.68,5.65,8.88,7,1.93,3.26,Good,INT5797,79.78
1.39,75.2,79.5,30.82,7.5,6.26,7,6.7,4.0,Average,INT5798,69.62
0.4,8.5,3.5,60.04,0.0,0.72,6,7.0,1.0,Poor,INT5799,36.82
1.33,69.7,29.0,90.38,2.0,7.0,11,2.07,1.8,Average,INT5800,64.94
2.0,85.8,58.9,90.27,2.45,3.55,17,2.69,1.98,Good,INT5801,78.89
0.3,20.3,83.8,74.88,0.0,4.18,13,2.08,1.0,Average,INT5802,66.98
2.98,68.2,86.7,76.33,7.68,4.7,17,2.2,4.07,Good,INT5803,73.62
3.25,26.2,10.0,84.8,0.0,6.42,13,5.98,1.0,Average,INT5804,60.43
1.26,50.1,70.1,75.46,1.85,9.26,9,3.76,1.74,Good,INT5805,72.2
2.06,68.1,12.3,70.85,5.12,4.79,14,1.72,3.05,Average,INT5806,58.78
1.04,54.3,17.3,99.74,0.0,5.66,8,3.29,1.0,Average,INT5807,61.33
0.42,40.8,52.6,57.38,5.7,5.97,9,6.42,3.28,Average,INT5808,61.22
1.6,8.9,86.6,51.73,3.85,1.23,11,4.3,2.54,Good,INT5809,77.57
0.71,22.1,71.9,94.29,0.0,3.24,16,3.04,1.0,Average,INT5810,66.31
2.33,66.0,70.4,84.36,3.12,7.33,15,2.49,2.25,Average,INT5811,61.95
0.67,11.7,22.4,94.05,0.0,0.2,12,7.0,1.0,Poor,INT5812,36.88
3.22,45.4,78.3,66.82,1.07,3.77,7,5.76,1.43,Average,INT5813,60.15
2.29,84.2,39.1,63.6,10.0,7.95,12,2.48,5.0,Good,INT5814,82.85
2.96,69.3,96.2,92.56,0.0,5.29,11,1.07,1.0,Good,INT5815,82.42
2.53,77.2,57.4,34.95,6.3,5.65,14,1.17,3.52,Excellent,INT5816,89.6
2.48,79.1,83.5,85.48,10.0,9.44,29,1.59,5.0,Excellent,INT5817,88.21
2.84,50.9,53.0,57.39,6.85,0.55,12,4.73,3.74,Good,INT5818,81.08
0.58,55.6,6.1,87.79,4.65,2.06,4,6.94,2.86,Poor,INT5819,39.86
0.46,30.0,54.3,44.1,2.0,6.88,13,4.23,1.8,Average,INT5820,59.56
0.31,1.1,14.3,63.43,0.0,0.91,4,6.21,1.0,Poor,INT5821,36.14
1.21,88.2,52.3,74.73,8.17,8.38,15,3.95,4.27,Good,INT5822,81.4
2.49,40.2,55.9,59.14,9.92,5.05,11,5.49,4.97,Good,INT5823,73.51
2.24,52.0,71.9,50.59,3.25,1.51,12,5.37,2.3,Average,INT5824,56.9
0.86,9.6,73.2,81.87,0.32,1.72,10,1.88,1.13,Average,INT5825,58.45
2.41,69.0,83.0,77.08,2.22,4.63,8,2.95,1.89,Average,INT5826,67.47
0.84,30.6,40.4,61.01,4.98,2.07,10,3.92,2.99,Fair,INT5827,48.82
3.75,96.8,58.8,87.65,3.1,9.01,19,3.92,2.24,Good,INT5828,84.95
1.47,23.8,45.8,65.17,2.08,1.49,6,3.25,1.83,Average,INT5829,56.33
0.56,6.4,25.1,4.82,0.23,0.54,9,4.62,1.09,Fair,INT5830,41.03
1.05,35.5,52.0,73.56,2.3,1.22,12,6.49,1.92,Average,INT5831,63.29
2.02,36.8,19.8,83.81,7.0,5.64,6,4.14,3.8,Average,INT5832,63.8
0.9,12.2,71.0,59.86,8.52,2.61,10,6.25,4.41,Average,INT5833,65.63
0.23,7.4,49.5,18.7,3.28,0.4,10,3.72,2.31,Fair,INT5834,44.68
2.88,95.9,30.4,69.82,10.0,3.12,9,6.21,5.0,Good,INT5835,73.43
1.1,3.3,34.2,66.83,5.15,2.04,5,4.66,3.06,Average,INT5836,59.06
3.26,81.9,56.2,2.69,10.0,8.74,9,6.06,5.0,Good,INT5837,80.01
2.69,31.1,35.1,72.39,4.45,5.49,9,3.19,2.78,Average,INT5838,65.24
3.47,95.8,52.9,85.35,7.5,8.18,11,4.69,4.0,Excellent,INT5839,87.59
1.71,23.3,38.8,34.11,10.0,6.12,11,5.19,5.0,Good,INT5840,77.43
1.27,60.0,47.4,59.61,0.78,5.62,17,3.07,1.31,Good,INT5841,76.85
3.79,89.4,85.3,43.92,8.85,8.7,8,1.97,4.54,Excellent,INT5842,91.86
3.32,65.4,84.8,66.78,5.22,7.79,10,1.83,3.09,Good,INT5843,80.3
3.39,33.7,80.5,1.09,3.15,3.46,7,1.0,2.26,Average,INT5844,65.55
2.59,22.3,14.0,75.71,2.45,0.91,12,5.86,1.98,Poor,INT5845,38.33
2.42,75.5,84.4,88.32,5.4,9.42,8,2.29,3.16,Good,INT5846,84.04
2.84,82.6,61.7,80.01,6.72,8.8,9,2.04,3.69,Excellent,INT5847,88.88
0.62,85.0,64.6,51.16,7.22,8.65,17,5.12,3.89,Average,INT5848,69.06
2.79,60.1,51.3,66.07,3.5,2.51,14,2.62,2.4,Average,INT5849,63.59
2.03,51.0,18.6,64.91,8.45,2.85,15,3.67,4.38,Average,INT5850,60.3
2.03,56.9,63.8,37.21,3.77,1.93,8,2.09,2.51,Average,INT5851,59.35
1.15,75.6,49.6,74.28,4.68,6.94,13,6.95,2.87,Average,INT5852,62.3
0.97,58.3,33.1,77.11,0.0,1.7,10,6.31,1.0,Fair,INT5853,48.2
2.36,47.3,81.9,88.31,4.05,4.07,8,3.92,2.62,Good,INT5854,81.54
1.85,51.0,23.6,69.66,4.3,7.64,7,3.92,2.72,Average,INT5855,62.36
1.17,8.9,50.2,72.0,6.92,4.1,4,5.95,3.77,Fair,INT5856,54.24
3.84,52.6,97.6,76.75,6.0,9.53,9,2.32,3.4,Excellent,INT5857,97.63
2.58,92.2,89.1,1.08,4.07,3.64,18,1.0,2.63,Good,INT5858,77.73
3.57,65.0,65.7,4.28,0.0,2.88,8,1.5,1.0,Good,INT5859,73.6
3.35,77.3,45.1,92.56,8.95,8.75,14,4.78,4.58,Good,INT5860,72.58
0.55,12.9,19.8,72.75,4.85,0.51,9,3.57,2.94,Fair,INT5861,48.26
3.66,44.0,30.6,50.01,10.0,6.29,5,3.72,5.0,Good,INT5862,74.31
3.55,54.1,82.4,0.99,3.38,5.16,14,1.22,2.35,Excellent,INT5863,88.96
1.92,54.7,60.2,56.22,0.08,2.01,11,3.18,1.03,Average,INT5864,57.25
1.44,21.9,36.5,62.23,5.12,2.32,11,5.1,3.05,Average,INT5865,60.94
0.99,6.3,2.5,20.77,2.0,0.31,3,3.66,1.8,Fair,INT5866,44.33
0.76,32.5,40.3,58.99,7.5,2.31,5,5.57,4.0,Good,INT5867,70.17
3.9,97.1,97.4,5.67,8.75,9.31,15,2.83,4.5,Excellent,INT5868,93.46
2.52,85.0,81.1,78.98,10.0,8.74,11,3.92,5.0,Good,INT5869,77.51
3.58,63.6,85.8,97.8,5.42,3.33,10,4.7,3.17,Average,INT5870,68.33
2.35,71.3,97.9,66.83,2.75,6.04,10,2.07,2.1,Average,INT5871,69.9
1.21,50.2,64.3,74.28,4.35,6.89,17,2.61,2.74,Fair,INT5872,53.09
2.59,65.0,18.0,98.87,4.02,8.03,15,4.71,2.61,Good,INT5873,80.98
2.52,40.1,17.8,91.32,7.35,3.61,6,6.34,3.94,Average,INT5874,62.31
1.36,55.4,48.8,86.43,8.6,2.64,16,3.38,4.44,Good,INT5875,71.04
3.19,70.4,83.3,59.45,4.07,9.25,11,2.52,2.63,Excellent,INT5876,86.07
0.38,26.5,17.4,88.47,0.0,2.34,6,6.13,1.0,Fair,INT5877,48.51
0.79,66.8,14.3,67.38,2.0,0.24,4,5.33,1.8,Fair,INT5878,45.46
3.1,46.9,24.2,76.53,2.0,3.71,23,4.14,1.8,Fair,INT5879,53.41
0.64,56.8,65.2,80.46,0.0,5.73,12,3.76,1.0,Average,INT5880,62.66
3.65,44.0,80.1,8.34,0.0,2.23,11,2.21,1.0,Average,INT5881,56.84
1.87,54.7,83.8,86.33,4.53,3.7,16,4.97,2.81,Average,INT5882,66.18
2.42,15.4,85.7,48.66,0.65,5.99,9,3.55,1.26,Average,INT5883,66.82
0.18,32.9,3.8,31.67,1.3,0.38,17,6.96,1.52,Poor,INT5884,31.61
3.25,91.1,76.6,0.0,7.0,8.28,9,3.49,3.8,Good,INT5885,82.23
2.51,41.9,48.5,55.93,6.05,3.38,12,3.79,3.42,Average,INT5886,60.82
1.42,58.5,71.7,64.8,6.38,2.84,9,4.45,3.55,Average,INT5887,69.73
1.06,30.4,41.7,38.28,5.5,5.85,8,6.42,3.2,Fair,INT5888,48.71
2.48,44.4,32.7,56.23,4.62,6.57,9,5.49,2.85,Fair,INT5889,53.04
1.4,68.3,90.3,70.93,8.85,3.83,12,3.25,4.54,Good,INT5890,80.3
1.58,37.3,36.2,77.47,0.0,5.51,5,5.5,1.0,Fair,INT5891,50.18
2.25,37.8,64.9,64.27,9.0,6.27,10,5.01,4.6,Average,INT5892,62.93
3.35,85.8,92.5,76.57,7.5,5.16,14,4.37,4.0,Excellent,INT5893,87.23
3.85,92.4,87.7,87.16,9.88,4.79,14,2.33,4.95,Good,INT5894,79.31
0.5,17.8,46.4,50.67,6.78,4.05,6,4.12,3.71,Fair,INT5895,52.52
1.28,8.3,87.2,95.02,0.0,2.0,16,2.23,1.0,Good,INT5896,73.04
1.39,36.1,14.3,69.33,6.3,2.61,11,6.61,3.52,Average,INT5897,57.04
3.59,99.3,93.7,93.46,10.0,9.26,13,2.57,5.0,Excellent,INT5898,94.69
0.23,15.5,8.3,51.95,2.4,1.1,4,6.92,1.96,Poor,INT5899,25.95
0.96,14.7,20.0,57.28,0.23,2.71,13,4.67,1.09,Fair,INT5900,46.58
1.27,28.2,51.0,66.13,2.75,6.65,17,5.15,2.1,Fair,INT5901,54.03
0.7,34.7,56.1,67.27,1.82,1.06,4,4.29,1.73,Fair,INT5902,50.36
1.75,19.7,41.7,92.39,6.65,6.1,14,2.07,3.66,Good,INT5903,74.35
1.24,10.9,67.5,50.56,2.0,3.11,13,3.69,1.8,Fair,INT5904,47.83
3.09,83.3,38.0,82.06,3.95,8.72,13,1.31,2.58,Good,INT5905,73.1
0.25,38.9,23.3,56.57,3.3,2.7,4,5.03,2.32,Poor,INT5906,38.6
3.75,69.3,53.7,91.16,4.35,6.94,10,3.45,2.74,Excellent,INT5907,86.42
0.54,49.4,10.5,88.93,0.0,2.81,6,6.05,1.0,Fair,INT5908,50.24
3.24,41.9,61.1,52.41,0.0,3.78,17,1.92,1.0,Average,INT5909,68.84
3.42,5.9,52.8,60.63,0.0,6.3,13,1.67,1.0,Average,INT5910,66.7
3.88,94.4,21.9,81.72,4.32,9.3,7,3.66,2.73,Excellent,INT5911,87.14
1.93,47.8,52.6,0.7,2.55,5.86,12,6.23,2.02,Average,INT5912,56.71
2.42,75.6,77.1,59.5,9.9,7.24,13,4.92,4.96,Average,INT5913,69.41
1.27,51.5,32.0,81.33,5.05,3.66,9,3.57,3.02,Average,INT5914,59.28
3.22,84.4,74.7,60.69,3.38,8.05,11,4.43,2.35,Excellent,INT5915,86.49
1.25,68.9,63.2,94.55,6.08,8.33,2,1.28,3.43,Good,INT5916,81.44
0.88,12.4,3.1,79.66,6.62,6.11,11,7.0,3.65,Fair,INT5917,41.0
1.92,32.4,9.6,76.93,0.75,6.41,8,5.31,1.3,Average,INT5918,62.61
3.8,83.5,93.7,99.92,3.22,9.17,19,3.92,2.29,Excellent,INT5919,95.01
2.09,16.4,79.2,6.32,10.0,2.34,6,4.66,5.0,Good,INT5920,72.79
3.57,54.2,87.0,71.01,10.0,6.31,9,1.2,5.0,Excellent,INT5921,90.62
2.15,75.1,82.6,59.13,8.77,7.2,8,6.67,4.51,Good,INT5922,74.09
2.03,22.2,85.2,31.91,0.0,8.69,13,1.81,1.0,Average,INT5923,62.2
0.06,2.1,30.1,17.3,8.25,0.6,6,4.54,4.3,Fair,INT5924,49.47
0.7,16.4,11.6,81.7,4.15,3.43,4,2.36,2.66,Average,INT5925,57.76
1.29,45.7,55.1,54.79,10.0,5.18,4,5.16,5.0,Good,INT5926,74.37
0.19,9.3,10.9,68.66,0.0,1.66,9,5.89,1.0,Poor,INT5927,38.74
3.24,20.9,65.4,7.52,10.0,6.97,10,5.14,5.0,Good,INT5928,76.96
1.48,80.5,75.7,77.38,0.8,3.25,8,5.1,1.32,Average,INT5929,61.32
0.45,10.6,75.1,99.58,3.18,1.59,16,6.0,2.27,Average,INT5930,55.95
3.31,18.7,4.0,61.05,4.4,4.89,12,1.03,2.76,Fair,INT5931,53.88
1.05,10.2,24.9,68.79,7.28,2.71,5,3.02,3.91,Average,INT5932,59.22
2.24,91.7,65.9,56.61,10.0,5.08,18,1.99,5.0,Excellent,INT5933,86.47
0.2,15.6,35.0,80.38,0.0,1.32,5,7.0,1.0,Poor,INT5934,35.99
1.05,22.0,9.0,59.3,8.08,9.33,4,3.35,4.23,Average,INT5935,67.81
0.31,6.7,0.6,74.1,2.0,0.91,6,5.39,1.8,Fair,INT5936,44.85
1.65,23.0,41.5,62.29,5.7,5.67,9,4.97,3.28,Average,INT5937,55.29
1.97,23.0,74.9,54.76,3.73,0.73,12,2.14,2.49,Average,INT5938,62.63
3.46,63.5,14.1,76.96,0.03,4.76,9,2.36,1.01,Average,INT5939,68.57
2.89,66.2,72.3,58.56,8.27,8.98,15,2.21,4.31,Good,INT5940,81.67
1.4,40.3,70.3,70.28,1.85,2.89,5,3.05,1.74,Average,INT5941,67.89
1.66,34.0,9.8,71.76,4.75,1.43,10,2.42,2.9,Average,INT5942,61.66
3.87,81.9,88.1,6.19,5.4,8.88,15,1.0,3.16,Excellent,INT5943,94.66
0.46,0.7,11.1,66.83,0.93,1.25,8,6.56,1.37,Fair,INT5944,44.43
1.08,28.3,10.1,86.72,6.6,8.12,11,6.56,3.64,Fair,INT5945,48.19
1.63,14.4,28.5,70.01,9.45,6.76,9,2.65,4.78,Good,INT5946,76.61
0.58,62.0,18.4,86.77,0.0,4.76,18,2.77,1.0,Average,INT5947,67.64
2.95,69.8,69.1,1.44,8.8,7.03,18,1.0,4.52,Excellent,INT5948,91.16
2.39,24.6,20.6,52.73,2.42,3.19,14,4.62,1.97,Fair,INT5949,51.77
3.65,52.8,81.7,72.8,7.22,6.32,15,5.59,3.89,Average,INT5950,64.83
2.63,86.4,78.5,87.34,10.0,6.24,10,1.7,5.0,Excellent,INT5951,95.12
3.42,44.4,85.0,79.16,0.0,4.89,12,1.77,1.0,Average,INT5952,66.0
0.31,60.3,69.5,58.76,2.85,0.42,5,6.04,2.14,Fair,INT5953,52.14
0.94,38.9,44.8,67.02,0.7,5.87,13,5.04,1.28,Average,INT5954,57.19
1.49,56.5,39.4,5.22,1.0,5.82,9,1.0,1.4,Average,INT5955,68.02
1.12,52.4,41.1,63.07,5.6,3.58,16,4.36,3.24,Average,INT5956,67.68
2.73,62.8,28.9,0.06,9.6,5.82,12,2.98,4.84,Good,INT5957,77.48
2.9,85.0,74.5,75.74,2.35,4.21,17,3.51,1.94,Good,INT5958,71.66
1.98,64.3,26.8,92.74,0.37,2.56,8,6.08,1.15,Good,INT5959,71.0
0.87,6.9,45.6,87.1,2.6,4.64,11,5.38,2.04,Fair,INT5960,45.79
2.35,77.2,33.3,91.76,7.55,6.98,9,3.31,4.02,Good,INT5961,76.47
0.25,45.3,24.4,94.18,9.92,2.31,7,6.91,4.97,Average,INT5962,68.02
3.12,70.8,77.5,70.81,7.75,7.61,12,3.77,4.1,Average,INT5963,68.57
0.72,56.4,19.1,67.3,4.65,1.78,13,5.19,2.86,Fair,INT5964,46.27
2.23,94.6,24.7,52.88,10.0,5.29,7,4.08,5.0,Good,INT5965,70.2
1.43,61.3,39.8,96.52,1.12,3.52,9,6.18,1.45,Fair,INT5966,51.82
0.63,13.6,11.3,15.86,2.95,2.95,10,6.02,2.18,Fair,INT5967,54.06
3.8,51.5,91.9,65.82,6.88,8.26,12,1.51,3.75,Excellent,INT5968,87.43
0.45,43.8,54.1,68.91,1.3,0.63,13,6.28,1.52,Fair,INT5969,51.66
3.45,94.0,22.2,97.44,6.7,8.27,18,6.19,3.68,Good,INT5970,77.41
1.31,14.3,74.9,70.98,3.85,5.65,13,5.99,2.54,Average,INT5971,68.1
1.49,74.4,60.1,90.83,4.05,1.28,11,2.55,2.62,Average,INT5972,66.18
2.37,46.5,17.8,0.0,4.32,3.33,17,5.71,2.73,Good,INT5973,71.05
1.14,7.8,59.2,64.95,4.62,4.58,11,5.61,2.85,Average,INT5974,58.18
3.33,87.4,47.8,51.05,6.5,9.45,11,2.49,3.6,Good,INT5975,80.15
2.78,80.1,84.5,99.9,10.0,2.39,11,6.68,5.0,Good,INT5976,75.09
1.89,48.8,39.2,0.07,6.68,7.83,21,1.49,3.67,Good,INT5977,75.41
3.65,58.5,39.9,96.82,7.85,3.82,17,1.78,4.14,Excellent,INT5978,93.35
1.09,74.3,85.2,89.31,1.27,6.79,17,4.27,1.51,Average,INT5979,62.18
0.74,12.6,5.5,89.79,5.6,1.81,14,4.47,3.24,Average,INT5980,59.19
1.98,70.0,23.8,33.87,6.08,2.64,6,4.53,3.43,Average,INT5981,68.79
3.81,74.1,83.7,3.17,10.0,9.49,18,1.22,5.0,Excellent,INT5982,95.35
2.42,56.9,34.8,33.21,8.43,2.5,8,6.7,4.37,Average,INT5983,67.27
3.68,91.3,92.7,6.77,3.92,9.23,7,1.58,2.57,Excellent,INT5984,92.23
2.56,73.3,54.7,97.97,4.75,5.04,15,2.05,2.9,Excellent,INT5985,88.71
2.78,92.5,88.3,4.84,0.83,0.58,7,1.0,1.33,Good,INT5986,78.96
2.05,52.7,77.5,64.81,4.68,5.28,10,4.39,2.87,Good,INT5987,83.02
0.19,26.6,3.8,62.26,5.2,2.07,17,6.79,3.08,Fair,INT5988,48.18
1.45,37.4,79.7,99.43,6.95,8.72,10,4.59,3.78,Good,INT5989,79.34
2.15,6.4,28.6,53.33,9.33,2.74,8,6.23,4.73,Fair,INT5990,51.78
0.97,54.8,50.2,9.78,1.07,8.61,9,1.0,1.43,Excellent,INT5991,95.61
3.14,64.7,92.1,67.77,3.42,3.33,7,4.25,2.37,Average,INT5992,63.81
2.98,96.5,89.6,70.94,4.65,9.15,9,4.2,2.86,Excellent,INT5993,91.01
3.26,90.4,79.9,61.52,7.72,7.55,15,4.06,4.09,Good,INT5994,75.94
1.16,65.4,87.7,23.58,4.38,3.45,23,1.35,2.75,Excellent,INT5995,90.15
0.15,8.1,5.1,66.83,2.0,1.63,11,4.62,1.8,Poor,INT5996,37.47
3.42,79.6,74.5,97.6,5.22,6.78,10,3.65,3.09,Good,INT5997,72.42
3.5,87.5,80.4,84.95,9.18,7.11,17,5.67,4.67,Good,INT5998,73.5
2.59,66.0,53.4,87.75,9.45,6.31,10,3.9,4.78,Good,INT5999,78.91
1.76,81.0,47.3,87.88,4.05,5.83,12,1.76,2.62,Excellent,INT6000,99.13
0.19,14.5,18.6,53.03,0.0,2.62,8,5.31,1.0,Fair,INT6001,40.82
2.46,28.5,50.1,60.16,0.0,3.99,4,1.86,1.0,Average,INT6002,57.4
0.99,25.5,34.5,74.56,2.22,4.63,14,6.27,1.89,Fair,INT6003,50.16
0.65,17.5,18.4,0.0,2.3,2.05,6,4.75,1.92,Fair,INT6004,41.49
2.81,53.7,62.9,39.35,7.25,6.81,13,1.97,3.9,Excellent,INT6005,98.84
0.34,9.8,21.5,89.07,0.0,2.0,9,6.75,1.0,Fair,INT6006,47.14
1.39,48.9,70.8,22.68,2.22,5.42,6,3.95,1.89,Average,INT6007,61.64
1.0,46.5,42.7,83.02,0.0,4.88,7,1.85,1.0,Average,INT6008,68.64
1.37,73.9,21.6,27.1,2.72,3.4,3,4.71,2.09,Average,INT6009,56.53
1.32,55.0,10.5,53.15,4.68,4.25,4,3.92,2.87,Average,INT6010,62.13
0.05,4.0,6.3,70.41,2.0,0.11,6,3.92,1.8,Poor,INT6011,38.38
1.32,28.5,28.9,92.05,7.35,0.93,10,5.48,3.94,Average,INT6012,57.99
1.19,22.1,13.6,57.25,3.42,1.58,13,7.0,2.37,Fair,INT6013,42.2
3.54,88.9,91.8,77.73,10.0,9.42,16,4.02,5.0,Excellent,INT6014,90.62
1.3,28.1,36.9,66.83,0.0,1.98,8,3.89,1.0,Average,INT6015,63.87
1.39,5.9,4.6,25.93,0.45,1.23,7,5.79,1.18,Average,INT6016,55.47
3.75,86.9,95.5,37.43,7.5,8.41,20,2.16,4.0,Excellent,INT6017,100.0
2.47,60.1,20.0,95.57,7.43,2.89,10,4.17,3.97,Excellent,INT6018,85.2
3.41,93.8,92.7,75.61,10.0,7.44,12,4.59,5.0,Excellent,INT6019,89.76
3.65,46.4,66.5,57.87,7.5,8.35,13,1.3,4.0,Excellent,INT6020,89.4
2.29,57.3,53.0,4.82,8.9,3.86,7,3.67,4.56,Average,INT6021,68.98
0.62,29.8,26.9,79.61,6.48,1.66,8,5.72,3.59,Average,INT6022,64.39
0.07,5.3,8.7,51.35,5.1,0.45,6,5.66,3.04,Poor,INT6023,32.13
3.16,42.8,62.2,54.53,6.4,6.31,12,1.2,3.56,Average,INT6024,67.68
2.26,52.7,70.0,2.36,10.0,7.74,15,1.36,5.0,Excellent,INT6025,90.73
2.39,60.8,91.1,56.81,4.55,1.72,16,2.11,2.82,Average,INT6026,68.53
3.52,73.3,53.5,62.97,4.53,2.94,10,6.38,2.81,Average,INT6027,65.37
3.47,90.4,77.1,72.71,10.0,7.23,10,1.59,5.0,Excellent,INT6028,88.6
2.3,10.2,15.2,30.43,0.03,3.53,6,5.56,1.01,Fair,INT6029,45.46
2.62,69.7,79.2,94.53,7.5,7.59,14,3.92,4.0,Excellent,INT6030,100.0
3.09,12.4,28.7,47.69,4.1,7.43,2,4.46,2.64,Average,INT6031,68.82
2.78,69.7,87.2,70.11,2.0,3.34,8,3.05,1.8,Average,INT6032,66.49
3.07,80.0,28.5,76.35,3.65,7.69,10,5.61,2.46,Average,INT6033,68.87
3.61,87.4,35.4,54.49,3.68,9.18,10,2.03,2.47,Good,INT6034,70.38
1.75,14.4,14.3,73.16,9.5,5.12,12,5.33,4.8,Good,INT6035,70.1
2.8,41.7,75.8,91.1,7.48,6.99,14,2.19,3.99,Good,INT6036,84.07
0.43,25.9,17.6,59.71,7.82,3.37,5,5.5,4.13,Fair,INT6037,51.96
2.58,14.1,64.2,54.56,4.68,3.24,9,3.92,2.87,Average,INT6038,60.82
1.75,59.8,29.5,66.47,5.35,3.27,6,2.14,3.14,Good,INT6039,77.37
2.38,53.5,53.7,69.44,5.9,3.95,10,6.09,3.36,Fair,INT6040,54.72
0.68,20.3,63.6,39.74,5.1,1.49,8,4.96,3.04,Fair,INT6041,50.31
3.53,81.9,81.3,9.63,10.0,8.55,15,1.6,5.0,Excellent,INT6042,89.16
0.19,3.2,12.7,62.54,0.0,1.66,8,3.08,1.0,Fair,INT6043,44.9
3.32,90.3,71.4,66.83,3.63,3.2,11,1.99,2.45,Excellent,INT6044,90.91
1.22,37.1,15.9,69.3,7.6,3.61,9,5.22,4.04,Fair,INT6045,50.76
1.48,33.5,22.7,81.63,10.0,4.35,10,5.17,5.0,Average,INT6046,67.56
3.56,72.8,93.1,76.82,6.72,9.76,15,1.36,3.69,Excellent,INT6047,94.87
0.34,25.3,15.1,77.45,5.52,4.6,10,4.32,3.21,Fair,INT6048,49.56
2.39,73.7,55.1,62.43,5.18,6.26,10,5.43,3.07,Average,INT6049,56.53
1.05,29.9,83.7,76.08,7.15,7.56,8,6.61,3.86,Average,INT6050,67.79
1.82,40.5,38.8,51.18,2.57,4.23,12,4.11,2.03,Good,INT6051,74.17
1.2,14.1,16.7,71.59,2.75,3.11,7,6.89,2.1,Fair,INT6052,54.83
3.14,80.5,38.2,78.63,4.68,4.03,10,3.75,2.87,Good,INT6053,74.77
3.32,38.9,79.5,59.1,5.07,6.13,11,3.46,3.03,Good,INT6054,74.82
1.67,76.5,64.1,62.83,10.0,4.95,2,5.59,5.0,Average,INT6055,66.96
3.09,62.3,68.2,60.98,5.12,6.9,20,3.73,3.05,Good,INT6056,76.29
0.22,27.7,81.5,53.53,5.55,2.51,7,3.83,3.22,Average,INT6057,58.39
1.57,56.1,72.9,67.39,10.0,6.28,10,4.35,5.0,Good,INT6058,84.66
1.17,43.7,60.3,98.95,6.35,3.94,11,5.71,3.54,Average,INT6059,62.12
0.47,12.2,23.9,67.69,4.25,4.12,5,5.66,2.7,Fair,INT6060,40.6
0.53,65.8,67.9,73.03,5.62,2.71,12,3.59,3.25,Average,INT6061,65.63
1.82,55.9,26.8,47.05,3.28,1.05,10,2.87,2.31,Average,INT6062,61.32
1.59,17.2,22.5,82.42,0.0,5.23,13,4.07,1.0,Average,INT6063,57.72
1.8,59.1,67.4,97.49,0.32,6.36,12,4.94,1.13,Average,INT6064,59.5
1.93,53.8,59.7,92.88,2.52,7.04,13,2.92,2.01,Average,INT6065,63.04
2.76,67.2,70.4,89.7,6.38,3.84,19,5.61,3.55,Good,INT6066,75.2
1.98,74.8,66.5,97.58,0.0,3.62,7,3.92,1.0,Average,INT6067,56.29
1.23,23.3,42.3,61.54,6.02,4.42,15,3.4,3.41,Fair,INT6068,54.51
1.62,55.4,30.9,44.0,0.0,1.44,14,1.23,1.0,Average,INT6069,65.77
0.59,38.2,19.2,94.36,0.0,1.54,10,2.38,1.0,Average,INT6070,60.87
0.47,10.9,36.7,2.38,6.68,1.14,9,6.58,3.67,Fair,INT6071,47.12
3.06,62.3,43.7,98.87,5.22,7.89,7,2.62,3.09,Good,INT6072,79.97
3.85,89.7,84.1,55.02,9.15,8.95,16,2.5,4.66,Excellent,INT6073,90.85
3.7,51.0,80.1,38.13,6.25,6.52,9,3.99,3.5,Good,INT6074,83.81
3.62,76.9,87.4,98.87,6.25,8.33,15,2.73,3.5,Excellent,INT6075,94.65
0.69,7.6,45.3,8.74,2.0,1.07,10,1.54,1.8,Average,INT6076,65.47
2.47,62.9,65.7,86.98,2.15,5.97,18,2.93,1.86,Average,INT6077,64.45
0.07,29.0,37.7,51.52,2.0,1.79,10,4.63,1.8,Fair,INT6078,40.57
2.76,91.7,79.7,84.74,4.68,4.77,6,4.08,2.87,Good,INT6079,79.96
0.66,5.9,31.2,0.0,4.7,4.96,11,2.86,2.88,Average,INT6080,58.6
1.79,40.8,42.8,69.14,4.68,8.9,6,3.43,2.87,Good,INT6081,72.47
0.45,5.7,39.3,51.06,2.0,0.53,9,6.83,1.8,Poor,INT6082,38.36
2.2,46.3,23.3,51.4,6.42,1.51,7,3.05,3.57,Fair,INT6083,51.51
2.79,66.2,71.1,66.83,7.4,9.23,7,2.2,3.96,Excellent,INT6084,96.2
3.15,32.8,64.4,7.85,10.0,6.9,10,2.95,5.0,Good,INT6085,83.84
1.52,47.1,41.4,4.31,7.88,3.58,9,4.15,4.15,Good,INT6086,77.32
1.97,49.6,45.5,52.73,0.73,1.74,5,5.7,1.29,Fair,INT6087,53.03
3.77,89.1,95.4,90.24,10.0,8.12,14,2.63,5.0,Excellent,INT6088,90.8
3.63,54.5,75.4,90.49,5.95,7.79,15,5.7,3.38,Good,INT6089,70.24
3.22,96.9,84.8,3.59,7.5,9.3,14,1.31,4.0,Excellent,INT6090,98.58
2.47,37.9,35.3,65.08,6.82,4.73,10,3.53,3.73,Average,INT6091,60.17
0.41,43.7,27.7,66.83,7.95,5.01,20,6.04,4.18,Good,INT6092,70.78
3.35,44.1,62.0,76.27,8.9,5.23,10,3.1,4.56,Good,INT6093,76.78
1.42,64.3,38.7,97.83,5.93,5.83,7,4.01,3.37,Average,INT6094,63.88
3.33,88.4,93.1,74.05,7.5,7.77,11,2.1,4.0,Excellent,INT6095,86.38
2.09,88.8,62.7,83.85,10.0,9.73,13,5.4,5.0,Excellent,INT6096,86.66
2.92,51.9,93.7,75.49,2.45,6.4,9,1.75,1.98,Good,INT6097,78.9
2.1,51.9,25.4,97.15,7.9,3.49,12,6.28,4.16,Average,INT6098,58.74
2.52,83.1,71.4,69.93,6.72,9.54,10,2.57,3.69,Good,INT6099,72.87
2.65,74.0,24.2,61.49,7.5,7.45,10,6.51,4.0,Average,INT6100,68.6
2.24,55.7,68.8,66.33,5.95,7.19,13,2.93,3.38,Good,INT6101,73.2
1.2,15.2,7.3,24.22,2.45,2.06,2,5.56,1.98,Fair,INT6102,48.25
2.69,57.7,70.1,74.9,2.92,6.33,10,2.62,2.17,Good,INT6103,79.53
0.34,70.5,27.6,67.71,0.0,1.71,7,6.35,1.0,Poor,INT6104,33.25
3.48,75.7,76.0,77.21,7.28,7.54,14,2.07,3.91,Excellent,INT6105,90.98
3.15,21.4,8.5,24.25,5.28,1.61,15,2.18,3.11,Average,INT6106,64.77
1.9,29.5,87.3,50.27,4.22,5.35,13,4.29,2.69,Average,INT6107,62.21
3.72,87.1,73.9,64.03,2.97,7.12,7,1.24,2.19,Excellent,INT6108,86.33
3.5,76.6,55.8,80.25,0.0,6.4,14,2.43,1.0,Average,INT6109,56.78
1.14,4.1,8.3,6.9,3.58,1.1,9,6.36,2.43,Fair,INT6110,46.21
1.53,15.9,54.0,91.33,5.98,1.13,9,3.92,3.39,Fair,INT6111,53.16
2.39,57.2,41.9,67.07,2.0,8.18,6,3.19,1.8,Good,INT6112,70.94
1.36,51.6,12.9,14.57,7.38,0.66,6,6.6,3.95,Fair,INT6113,48.42
3.49,86.4,84.2,87.03,9.48,6.14,11,3.91,4.79,Excellent,INT6114,90.3
1.02,91.9,33.8,53.73,7.5,5.58,11,2.48,4.0,Good,INT6115,76.72
3.27,79.9,61.7,5.72,6.35,7.66,7,5.38,3.54,Good,INT6116,72.52
1.76,42.8,66.4,56.24,7.5,3.32,11,5.01,4.0,Good,INT6117,76.48
0.28,25.4,48.0,72.43,7.4,3.85,9,6.98,3.96,Fair,INT6118,47.08
1.06,10.6,14.8,60.56,0.47,1.05,16,2.6,1.19,Average,INT6119,59.8
0.25,5.2,14.8,64.35,0.0,9.47,14,5.47,1.0,Fair,INT6120,53.02
3.22,97.7,94.7,82.39,10.0,8.46,17,1.74,5.0,Excellent,INT6121,94.58
3.73,82.7,27.3,1.92,6.3,9.87,18,1.54,3.52,Good,INT6122,80.7
3.35,88.9,92.4,0.0,4.35,9.01,9,1.0,2.74,Good,INT6123,77.53
0.1,9.6,8.7,70.62,0.0,1.83,10,7.0,1.0,Fair,INT6124,48.75
0.59,54.0,18.4,58.45,0.08,2.9,9,5.41,1.03,Fair,INT6125,52.93
1.31,33.1,27.9,28.2,9.28,1.48,6,5.52,4.71,Average,INT6126,57.97
2.65,69.2,69.3,0.0,6.38,7.67,14,3.79,3.55,Good,INT6127,74.65
2.65,45.1,19.4,52.89,3.3,2.42,14,2.52,2.32,Average,INT6128,57.94
3.92,95.1,98.6,80.93,10.0,9.66,13,2.05,5.0,Excellent,INT6129,97.85
1.1,34.8,6.7,63.25,1.92,6.01,10,2.59,1.77,Good,INT6130,72.87
2.83,63.1,40.0,9.28,9.48,4.83,14,2.93,4.79,Good,INT6131,82.87
2.47,75.7,50.6,69.36,4.3,7.74,10,5.93,2.72,Good,INT6132,78.71
2.51,76.5,59.9,90.81,10.0,8.78,13,4.61,5.0,Excellent,INT6133,85.41
0.3,7.1,58.6,40.28,0.0,1.39,12,1.82,1.0,Average,INT6134,62.23
1.16,53.5,12.3,8.46,2.0,3.58,10,1.0,1.8,Average,INT6135,59.87
2.23,82.7,91.5,75.06,2.28,7.76,16,1.17,1.91,Good,INT6136,79.05
2.13,72.1,39.8,82.31,3.82,7.26,13,3.07,2.53,Good,INT6137,74.05
1.61,33.5,7.0,79.98,5.9,2.04,8,6.38,3.36,Average,INT6138,65.15
3.26,85.2,18.6,64.61,4.45,8.66,10,4.54,2.78,Good,INT6139,82.97
1.04,36.0,16.2,52.84,3.12,4.03,10,6.18,2.25,Poor,INT6140,33.13
2.3,64.0,41.9,36.27,0.0,8.58,10,4.29,1.0,Average,INT6141,62.63
1.85,6.0,42.4,61.93,1.43,4.47,14,3.49,1.57,Average,INT6142,55.57
3.85,98.6,90.8,87.96,8.45,9.0,9,1.88,4.38,Excellent,INT6143,99.91
2.15,40.3,81.8,93.64,10.0,8.01,8,6.35,5.0,Good,INT6144,75.72
3.09,17.3,36.6,64.07,0.0,3.48,11,5.97,1.0,Fair,INT6145,53.96
0.19,12.8,23.2,54.76,0.55,4.24,9,2.46,1.22,Average,INT6146,58.88
0.73,93.4,77.3,62.67,2.85,3.87,18,4.17,2.14,Good,INT6147,74.29
1.88,50.5,46.8,55.2,4.47,2.65,5,3.57,2.79,Average,INT6148,66.55
0.5,6.9,36.6,44.56,3.05,0.95,18,4.41,2.22,Average,INT6149,59.83
1.43,49.1,86.3,76.91,6.38,3.36,15,6.76,3.55,Average,INT6150,67.84
2.59,80.5,72.2,98.68,7.25,6.97,13,4.31,3.9,Excellent,INT6151,94.19
0.7,47.3,36.8,69.97,5.07,1.57,10,4.65,3.03,Average,INT6152,64.03
2.88,59.9,73.9,40.05,9.65,6.66,9,1.41,4.86,Good,INT6153,78.63
2.88,25.8,5.7,58.34,2.48,2.33,20,1.56,1.99,Average,INT6154,67.41
3.81,84.5,75.6,29.64,5.35,6.71,19,1.63,3.14,Good,INT6155,75.4
2.22,70.9,75.1,9.11,8.4,8.18,12,1.19,4.36,Good,INT6156,74.7
0.16,32.6,23.4,88.11,7.02,5.09,9,5.39,3.81,Fair,INT6157,53.48
0.1,10.5,5.4,53.05,0.18,0.52,6,5.55,1.07,Poor,INT6158,37.07
3.05,32.1,77.1,99.87,0.0,2.02,9,1.7,1.0,Good,INT6159,75.78
1.16,38.5,13.5,76.13,3.97,0.78,9,6.5,2.59,Fair,INT6160,42.73
3.26,84.1,65.7,77.21,7.43,6.04,14,2.1,3.97,Excellent,INT6161,85.09
2.65,48.7,41.4,67.88,5.52,4.42,9,2.97,3.21,Good,INT6162,79.07
3.15,87.8,92.2,84.51,1.07,9.72,16,3.92,1.43,Excellent,INT6163,86.08
0.9,60.4,7.7,73.57,1.38,6.81,9,3.73,1.55,Average,INT6164,68.28
3.07,86.6,92.9,66.45,6.2,5.87,9,2.23,3.48,Average,INT6165,65.68
2.85,84.3,92.4,63.26,10.0,9.44,11,4.24,5.0,Good,INT6166,78.41
2.09,70.1,58.4,96.28,4.25,6.11,11,3.1,2.7,Good,INT6167,78.9
0.94,3.8,43.6,64.55,9.38,1.24,4,6.88,4.75,Average,INT6168,64.65
2.27,68.7,66.4,71.82,0.0,5.32,17,1.0,1.0,Good,INT6169,77.4
3.64,90.5,97.2,67.52,4.0,9.5,15,1.97,2.6,Good,INT6170,80.97
1.61,44.8,69.3,54.31,0.0,4.18,9,1.29,1.0,Fair,INT6171,53.81
1.51,1.5,79.4,59.3,1.53,5.8,11,4.89,1.61,Average,INT6172,63.87
3.53,91.1,44.1,59.48,3.53,8.89,17,1.51,2.41,Excellent,INT6173,95.13
1.46,33.3,60.0,84.68,6.92,7.55,5,6.14,3.77,Good,INT6174,80.24
3.66,93.0,45.3,34.5,10.0,5.21,15,3.86,5.0,Good,INT6175,83.64
2.13,82.1,32.5,89.1,0.32,1.33,3,4.5,1.13,Average,INT6176,63.28
2.14,36.8,90.2,85.45,7.75,1.24,6,4.42,4.1,Average,INT6177,69.25
3.11,67.4,68.4,59.6,6.5,4.65,10,2.01,3.6,Good,INT6178,71.89
1.23,45.0,70.6,53.88,5.15,1.45,13,2.68,3.06,Good,INT6179,84.06
1.69,42.5,45.5,87.15,0.0,6.01,12,2.69,1.0,Average,INT6180,63.46
1.59,75.7,80.6,81.65,10.0,6.98,9,4.59,5.0,Good,INT6181,83.23
3.61,83.3,79.2,80.0,7.5,9.39,20,2.44,4.0,Excellent,INT6182,93.63
1.63,26.6,29.3,86.98,2.0,3.53,13,1.33,1.8,Good,INT6183,80.84
1.13,39.2,8.1,52.84,0.0,2.31,6,6.67,1.0,Poor,INT6184,39.9
2.82,79.5,10.2,8.21,5.4,2.59,10,1.43,3.16,Good,INT6185,74.05
1.48,46.3,27.5,63.63,6.35,2.64,15,5.56,3.54,Average,INT6186,63.98
0.39,45.4,43.5,78.59,7.12,4.79,9,5.72,3.85,Average,INT6187,57.2
3.13,91.9,65.1,62.12,10.0,8.85,12,2.91,5.0,Excellent,INT6188,89.33
3.53,83.6,89.4,91.94,6.2,9.01,12,1.98,3.48,Excellent,INT6189,93.1
3.88,77.6,83.5,74.03,5.95,3.65,16,2.1,3.38,Excellent,INT6190,87.11
1.1,54.1,66.1,66.83,3.1,6.62,5,5.55,2.24,Average,INT6191,63.96
1.2,61.4,11.3,89.7,0.0,2.28,11,4.75,1.0,Fair,INT6192,48.73
2.47,95.3,36.0,94.77,10.0,5.06,12,5.91,5.0,Good,INT6193,82.88
0.51,48.8,60.3,4.89,1.27,8.54,9,6.85,1.51,Average,INT6194,62.6
2.14,47.5,76.0,9.94,10.0,6.58,16,4.95,5.0,Good,INT6195,79.76
3.05,38.5,89.4,66.83,7.38,5.52,10,2.41,3.95,Good,INT6196,79.89
3.33,61.9,93.6,80.93,9.1,6.93,12,2.83,4.64,Good,INT6197,82.47
0.13,11.9,82.5,80.47,0.05,3.57,10,5.84,1.02,Fair,INT6198,44.91
2.21,9.6,56.6,56.94,1.33,4.58,19,2.44,1.53,Good,INT6199,83.41
3.6,61.9,94.2,62.44,7.15,8.42,19,1.66,3.86,Good,INT6200,84.4
3.14,80.5,40.5,61.98,2.77,8.58,15,5.15,2.11,Average,INT6201,67.11
3.44,67.3,96.1,38.42,7.2,6.36,9,3.78,3.88,Good,INT6202,83.91
0.39,18.7,35.7,87.54,4.68,4.45,12,6.71,2.87,Fair,INT6203,48.36
3.65,36.9,82.8,44.4,10.0,7.34,11,5.06,5.0,Excellent,INT6204,85.75
3.59,95.6,94.8,81.69,7.45,7.91,11,1.26,3.98,Excellent,INT6205,98.89
0.74,10.6,2.0,72.63,0.0,0.13,3,6.6,1.0,Fair,INT6206,40.06
3.7,90.6,70.5,80.52,4.68,9.28,10,2.48,2.87,Excellent,INT6207,91.74
0.34,6.4,42.3,91.11,2.4,4.52,6,3.25,1.96,Average,INT6208,66.29
3.39,59.4,76.2,4.28,8.9,8.64,14,3.53,4.56,Good,INT6209,73.24
1.65,61.6,91.1,47.16,2.88,7.16,9,1.0,2.15,Good,INT6210,73.09
2.83,74.7,49.0,89.37,7.18,9.6,17,3.79,3.87,Excellent,INT6211,89.45
0.96,58.1,86.0,4.8,0.0,3.9,13,1.71,1.0,Average,INT6212,60.66
3.41,72.1,48.7,66.16,4.47,6.51,10,3.65,2.79,Average,INT6213,64.3
1.48,52.5,41.2,50.68,8.27,3.23,10,3.34,4.31,Average,INT6214,65.41
2.89,55.6,36.3,89.86,2.75,6.24,15,5.63,2.1,Average,INT6215,55.62
1.38,25.4,36.7,66.4,3.95,2.38,11,5.44,2.58,Average,INT6216,66.44
1.04,19.5,59.0,67.87,3.3,6.73,6,1.71,2.32,Average,INT6217,64.96
3.16,64.6,42.0,66.8,4.68,3.51,12,2.95,2.87,Good,INT6218,74.69
3.56,93.3,55.1,74.94,7.3,9.38,16,3.52,3.92,Excellent,INT6219,90.53
3.26,87.1,72.3,85.12,7.5,9.31,16,1.59,4.0,Excellent,INT6220,94.2
2.55,84.5,87.1,66.83,6.1,5.02,4,5.75,3.44,Good,INT6221,80.22
0.86,24.4,9.4,66.83,3.1,1.04,2,5.41,2.24,Average,INT6222,57.95
2.77,64.5,72.8,6.74,5.25,6.5,14,2.6,3.1,Good,INT6223,73.49
1.48,72.3,86.1,1.86,9.18,6.7,7,3.92,4.67,Good,INT6224,70.86
0.93,45.0,74.1,64.85,0.0,2.83,7,2.08,1.0,Average,INT6225,57.92
2.29,96.1,71.4,20.06,7.5,5.32,13,4.99,4.0,Good,INT6226,79.25
2.39,35.1,15.3,32.08,0.95,3.67,9,1.98,1.38,Good,INT6227,72.71
3.66,98.5,82.7,83.86,8.52,7.82,11,7.0,4.41,Good,INT6228,75.36
0.4,4.7,37.6,82.41,2.0,0.62,7,6.04,1.8,Fair,INT6229,46.36
1.65,65.3,36.8,52.95,3.22,6.49,9,3.79,2.29,Good,INT6230,72.53
3.51,16.0,37.8,90.89,1.02,2.62,11,4.42,1.41,Average,INT6231,60.7
0.57,27.4,35.0,78.3,0.0,1.54,9,6.39,1.0,Fair,INT6232,41.82
2.38,81.5,91.8,92.39,6.7,8.48,10,3.92,3.68,Good,INT6233,76.18
2.89,76.7,68.2,98.73,4.8,8.92,9,2.21,2.92,Good,INT6234,71.7
2.97,89.7,88.6,97.86,6.65,5.47,12,3.55,3.66,Excellent,INT6235,87.0
1.9,36.0,55.3,92.8,5.05,2.64,10,6.43,3.02,Average,INT6236,67.31
0.82,1.7,17.3,50.55,2.0,2.31,14,4.83,1.8,Poor,INT6237,39.04
2.67,71.8,85.1,94.29,8.83,2.45,7,4.76,4.53,Good,INT6238,82.45
1.07,14.5,7.3,53.75,8.52,4.14,4,6.68,4.41,Fair,INT6239,48.33
2.69,33.5,51.7,92.56,10.0,4.83,9,6.09,5.0,Average,INT6240,68.74
1.54,26.7,37.6,64.01,4.5,2.36,11,6.24,2.8,Fair,INT6241,50.12
3.39,83.9,36.9,80.5,8.05,7.78,5,1.79,4.22,Excellent,INT6242,86.95
1.82,13.2,59.7,27.41,7.02,5.72,10,3.94,3.81,Average,INT6243,55.23
0.79,50.2,64.2,88.56,2.0,0.76,7,5.34,1.8,Fair,INT6244,52.95
3.65,78.4,53.2,55.59,2.92,7.55,14,5.33,2.17,Average,INT6245,57.55
1.82,91.0,48.6,70.53,6.4,8.1,11,4.31,3.56,Average,INT6246,62.16
1.98,84.2,56.0,90.87,3.4,4.87,6,2.08,2.36,Good,INT6247,78.37
0.76,45.8,61.8,84.77,8.73,4.01,13,5.65,4.49,Average,INT6248,66.54
1.38,65.5,60.0,50.3,4.4,6.27,16,5.28,2.76,Average,INT6249,59.87
2.32,28.9,23.4,40.07,2.0,5.58,9,1.22,1.8,Average,INT6250,58.4
3.13,24.0,23.4,52.1,2.88,1.95,5,4.05,2.15,Average,INT6251,59.4
2.71,88.2,73.4,83.67,1.62,7.55,8,3.92,1.65,Good,INT6252,79.67
2.58,48.8,31.2,72.87,0.0,5.4,9,2.86,1.0,Average,INT6253,64.13
2.59,67.7,66.9,0.0,1.85,7.41,15,1.0,1.74,Good,INT6254,77.8
1.9,13.3,15.6,22.35,2.0,8.54,9,3.33,1.8,Fair,INT6255,52.33
3.93,95.9,63.6,67.76,10.0,7.42,12,4.26,5.0,Excellent,INT6256,87.9
3.24,43.9,97.3,98.83,9.38,5.39,9,4.75,4.75,Good,INT6257,77.77
0.51,38.6,67.6,61.2,2.88,0.9,9,5.45,2.15,Fair,INT6258,44.14
0.42,4.4,12.1,78.08,0.0,0.54,9,6.42,1.0,Fair,INT6259,40.22
3.16,48.3,82.6,70.02,6.7,4.04,15,2.4,3.68,Excellent,INT6260,85.69
2.42,84.9,81.5,64.08,3.9,2.44,9,1.26,2.56,Good,INT6261,78.16
1.86,53.7,64.8,93.37,9.88,8.76,18,6.22,4.95,Good,INT6262,75.91
2.77,45.7,82.7,67.04,10.0,8.52,11,1.53,5.0,Excellent,INT6263,91.41
2.33,15.7,29.6,9.02,10.0,3.66,10,7.0,5.0,Average,INT6264,63.0
1.75,40.2,56.3,77.45,0.0,1.06,7,5.95,1.0,Fair,INT6265,48.39
1.53,62.2,76.2,63.92,7.32,4.17,16,4.35,3.93,Good,INT6266,72.54
2.24,32.0,84.9,63.6,7.5,2.41,13,7.0,4.0,Average,INT6267,64.67
3.81,75.1,86.5,76.93,5.3,8.47,8,1.5,3.12,Excellent,INT6268,85.56
1.09,76.4,94.5,66.83,1.82,6.97,17,2.78,1.73,Good,INT6269,76.01
1.13,69.8,37.4,90.54,5.38,2.65,11,4.92,3.15,Average,INT6270,62.08
3.38,45.6,89.6,53.45,7.82,2.97,13,2.8,4.13,Average,INT6271,63.36
0.86,29.4,14.2,54.73,4.85,1.28,12,3.92,2.94,Average,INT6272,61.52
2.99,94.2,57.2,67.11,7.5,9.38,13,1.32,4.0,Excellent,INT6273,92.67
3.37,97.3,97.1,21.47,1.3,8.37,17,3.97,1.52,Average,INT6274,66.03
3.37,38.7,79.4,73.79,7.4,2.87,8,4.81,3.96,Good,INT6275,79.28
0.12,14.6,39.7,69.98,3.73,4.07,5,4.64,2.49,Fair,INT6276,52.02
2.33,41.4,43.7,86.09,2.0,6.68,10,2.17,1.8,Average,INT6277,64.55
3.03,89.7,56.9,66.83,7.32,8.22,10,3.25,3.93,Good,INT6278,75.69
0.29,22.5,15.3,51.31,0.0,6.59,11,6.23,1.0,Fair,INT6279,45.43
1.9,53.7,50.2,14.04,5.85,4.65,14,2.24,3.34,Good,INT6280,81.7
1.33,40.0,34.6,96.78,0.0,4.76,10,6.12,1.0,Average,INT6281,55.56
3.48,85.2,36.4,8.01,5.42,9.02,11,4.0,3.17,Good,INT6282,74.87
1.95,58.5,88.9,73.71,7.58,7.53,6,5.55,4.03,Average,INT6283,66.69
0.29,38.8,14.2,71.08,0.0,1.53,12,5.14,1.0,Fair,INT6284,54.03
0.68,22.8,75.7,64.03,2.0,2.9,9,2.72,1.8,Average,INT6285,61.85
1.44,47.4,32.3,94.75,5.98,7.34,9,3.96,3.39,Good,INT6286,78.17
3.49,45.9,75.3,66.61,7.43,8.78,22,3.92,3.97,Good,INT6287,74.39
1.97,50.2,70.5,78.93,1.23,7.42,13,4.03,1.49,Good,INT6288,71.73
0.23,6.4,21.1,62.0,0.0,1.12,5,7.0,1.0,Poor,INT6289,29.52
0.41,48.6,21.3,89.87,2.0,0.59,8,4.03,1.8,Average,INT6290,57.23
1.66,49.7,63.5,88.71,0.7,5.39,18,1.44,1.28,Good,INT6291,71.86
2.82,43.6,71.3,2.85,0.0,5.55,12,3.4,1.0,Average,INT6292,59.37
2.33,41.2,43.5,84.08,10.0,7.54,13,3.92,5.0,Average,INT6293,65.39
2.6,93.5,40.8,53.85,10.0,8.82,15,3.23,5.0,Excellent,INT6294,86.45
0.05,3.0,8.2,78.13,2.08,2.14,5,5.77,1.83,Fair,INT6295,47.47
0.29,8.3,11.7,80.03,4.68,0.21,4,5.99,2.87,Average,INT6296,55.01
0.66,25.9,27.9,78.72,6.35,1.29,11,3.09,3.54,Average,INT6297,60.81
2.9,72.9,96.1,15.73,6.57,7.79,15,1.16,3.63,Excellent,INT6298,91.61
1.91,67.9,77.4,83.51,2.52,4.79,11,3.92,2.01,Average,INT6299,64.29
2.91,54.1,33.2,73.49,4.05,5.95,15,3.19,2.62,Good,INT6300,75.39
1.7,50.2,85.8,71.92,6.15,7.75,9,5.9,3.46,Fair,INT6301,52.16
3.37,69.7,63.6,93.0,5.8,8.17,11,3.6,3.32,Good,INT6302,84.1
0.29,23.2,44.0,8.72,3.35,1.18,16,4.29,2.34,Fair,INT6303,53.05
0.44,5.0,7.5,62.57,0.0,0.77,11,5.31,1.0,Fair,INT6304,50.97
1.37,76.4,59.9,66.83,4.68,5.2,6,3.05,2.87,Good,INT6305,75.42
2.35,25.1,85.1,51.77,5.4,6.34,14,3.65,3.16,Average,INT6306,62.03
0.28,10.3,9.0,33.08,2.42,3.35,7,2.82,1.97,Average,INT6307,58.53
2.53,48.4,39.3,99.42,5.5,6.02,10,2.8,3.2,Average,INT6308,62.07
2.15,72.9,58.4,0.0,5.68,3.6,6,4.06,3.27,Average,INT6309,55.17
1.14,66.4,6.8,83.19,3.65,1.55,6,6.29,2.46,Fair,INT6310,53.5
2.27,54.1,19.5,55.91,10.0,9.06,11,3.58,5.0,Good,INT6311,72.52
3.05,73.8,93.7,80.09,8.65,6.02,9,4.12,4.46,Excellent,INT6312,87.34
0.48,39.5,90.9,99.22,0.0,4.23,5,4.66,1.0,Fair,INT6313,52.83
2.35,87.8,64.5,0.0,4.42,6.54,6,2.3,2.77,Average,INT6314,65.22
3.63,89.4,77.8,92.4,1.43,5.75,12,2.55,1.57,Average,INT6315,63.53
2.84,36.4,36.7,99.88,7.02,6.13,15,6.31,3.81,Average,INT6316,60.26
1.0,30.3,73.0,79.43,8.3,4.32,8,4.92,4.32,Average,INT6317,57.77
1.62,65.8,35.6,65.47,6.8,3.8,15,4.63,3.72,Average,INT6318,68.86
0.62,35.5,47.9,8.84,0.0,1.04,7,4.97,1.0,Fair,INT6319,51.78
3.93,92.9,92.1,9.98,0.95,7.8,8,1.0,1.38,Excellent,INT6320,90.44
2.98,38.3,66.1,58.57,10.0,8.62,9,4.99,5.0,Good,INT6321,77.77
3.28,85.2,84.6,72.63,10.0,6.74,20,4.34,5.0,Excellent,INT6322,87.43
2.85,84.0,78.2,65.96,7.5,7.18,14,4.26,4.0,Good,INT6323,78.13
2.97,44.8,72.3,64.17,10.0,8.19,16,2.76,5.0,Good,INT6324,82.58
3.8,97.3,95.7,66.83,4.05,8.86,13,1.91,2.62,Excellent,INT6325,100.0
2.72,88.2,53.0,71.08,6.35,7.42,16,2.33,3.54,Average,INT6326,63.81
0.16,5.1,9.7,45.71,4.68,1.57,2,6.45,2.87,Poor,INT6327,35.59
1.91,49.9,68.5,80.18,0.0,1.45,9,3.56,1.0,Average,INT6328,57.0
2.95,85.1,73.6,33.52,10.0,3.52,10,3.71,5.0,Good,INT6329,74.15
3.85,95.4,83.3,61.49,7.5,8.11,23,1.46,4.0,Excellent,INT6330,99.17
3.65,91.5,86.5,2.59,0.0,9.26,9,1.2,1.0,Average,INT6331,68.99
2.29,45.7,68.5,70.46,8.38,3.23,9,5.29,4.35,Average,INT6332,64.09
2.39,59.7,20.2,64.75,6.98,5.48,13,4.47,3.79,Good,INT6333,70.65
3.8,7.2,70.5,52.7,10.0,2.23,5,4.16,5.0,Good,INT6334,82.5
2.1,73.9,52.1,76.04,10.0,7.8,10,2.04,5.0,Good,INT6335,78.94
0.94,69.8,65.0,90.83,4.68,3.81,13,3.92,2.87,Good,INT6336,78.94
2.58,89.4,67.0,92.57,7.45,5.79,8,1.82,3.98,Good,INT6337,76.65
2.48,14.6,44.2,61.77,3.0,2.77,10,2.07,2.2,Average,INT6338,65.6
1.65,84.6,20.6,79.98,2.92,9.63,14,3.54,2.17,Average,INT6339,69.51
1.92,82.7,37.9,92.79,5.82,7.29,16,2.87,3.33,Good,INT6340,75.88
1.75,14.4,44.9,3.99,2.03,2.16,8,2.18,1.81,Fair,INT6341,52.47
2.03,78.6,95.7,96.61,9.33,0.67,9,5.07,4.73,Good,INT6342,77.96
2.69,76.9,74.5,95.15,9.52,8.9,4,5.18,4.81,Good,INT6343,74.33
2.26,8.8,20.7,66.83,10.0,2.08,9,5.57,5.0,Average,INT6344,64.16
0.47,34.0,27.4,62.95,0.95,1.09,14,3.66,1.38,Average,INT6345,56.36
1.75,55.1,47.3,59.02,7.22,5.52,4,1.9,3.89,Good,INT6346,73.54
0.95,16.8,80.9,59.8,3.1,8.24,14,2.33,2.24,Average,INT6347,66.31
0.58,15.2,13.9,95.39,2.15,1.06,17,7.0,1.86,Poor,INT6348,37.95
2.72,60.2,83.0,96.56,5.12,2.6,11,4.69,3.05,Good,INT6349,70.2
0.27,39.9,14.2,52.59,2.0,1.18,7,5.35,1.8,Fair,INT6350,40.25
1.0,53.1,77.0,7.24,0.0,2.92,4,1.0,1.0,Average,INT6351,64.05
1.89,71.1,15.7,78.21,7.05,6.18,11,4.36,3.82,Good,INT6352,75.82
3.37,75.3,64.0,9.08,0.0,5.55,7,1.21,1.0,Average,INT6353,61.32
2.4,88.8,82.4,81.58,10.0,3.74,14,4.64,5.0,Excellent,INT6354,88.17
2.03,42.1,55.4,97.37,4.65,6.19,13,6.83,2.86,Average,INT6355,64.61
0.93,52.3,57.4,19.01,10.0,4.59,11,6.83,5.0,Average,INT6356,67.63
0.6,19.6,31.8,56.02,2.57,0.74,9,4.0,2.03,Fair,INT6357,42.45
2.69,73.7,81.6,51.67,3.32,1.7,14,3.39,2.33,Average,INT6358,67.93
2.71,30.9,43.3,68.19,1.0,3.15,13,6.33,1.4,Fair,INT6359,43.04
1.9,29.2,54.7,66.88,7.5,3.66,7,5.41,4.0,Good,INT6360,70.09
3.01,67.1,87.1,71.54,5.6,6.97,12,3.92,3.24,Good,INT6361,75.56
2.99,87.3,22.6,36.06,4.68,7.37,10,3.67,2.87,Average,INT6362,58.1
3.7,50.2,66.9,87.89,7.5,4.41,9,2.27,4.0,Excellent,INT6363,95.57
0.99,54.2,11.8,43.21,1.25,3.82,9,4.19,1.5,Average,INT6364,59.35
2.15,37.6,27.5,66.53,2.18,2.52,8,3.71,1.87,Fair,INT6365,45.26
1.91,62.7,59.9,91.34,0.0,4.4,12,4.99,1.0,Average,INT6366,69.52
3.61,97.8,95.9,92.49,10.0,6.0,15,3.38,5.0,Good,INT6367,82.46
1.72,55.7,43.7,61.64,4.55,2.02,10,2.34,2.82,Average,INT6368,64.65
1.14,32.4,15.4,65.73,0.0,1.72,17,3.62,1.0,Average,INT6369,57.99
2.35,19.9,33.5,51.86,0.0,0.76,10,5.73,1.0,Fair,INT6370,41.57
1.0,47.0,7.4,53.97,9.88,4.62,10,4.62,4.95,Average,INT6371,55.15
3.75,92.4,76.6,66.29,7.08,8.61,13,2.99,3.83,Good,INT6372,79.28
1.06,25.7,2.8,72.42,6.12,1.53,10,6.83,3.45,Average,INT6373,55.07
1.74,14.3,35.9,59.35,0.0,4.85,2,6.14,1.0,Fair,INT6374,50.99
0.79,9.1,21.6,59.0,0.0,1.66,4,1.89,1.0,Average,INT6375,56.23
2.06,62.8,54.0,2.36,0.0,8.61,10,1.35,1.0,Good,INT6376,71.88
0.72,3.0,5.7,87.73,2.0,0.95,8,5.18,1.8,Fair,INT6377,51.21
2.19,35.5,30.0,66.98,4.32,2.54,13,5.95,2.73,Average,INT6378,60.74
0.9,5.3,58.9,98.96,4.8,2.02,12,3.92,2.92,Average,INT6379,58.57
3.12,70.7,17.7,53.7,9.0,5.34,19,6.52,4.6,Average,INT6380,68.94
0.69,29.5,22.0,60.83,0.0,0.43,7,4.64,1.0,Fair,INT6381,40.08
1.86,50.4,27.9,50.24,8.0,5.2,21,4.33,4.2,Good,INT6382,73.62
3.17,96.9,40.0,9.08,7.28,7.69,14,1.0,3.91,Excellent,INT6383,86.62
1.8,70.4,71.4,66.38,9.15,2.88,13,2.26,4.66,Average,INT6384,69.41
3.23,77.6,89.5,60.28,10.0,6.72,8,4.06,5.0,Good,INT6385,75.47
0.53,37.1,27.6,64.02,0.0,6.44,4,4.99,1.0,Fair,INT6386,45.8
1.64,27.1,23.5,71.46,2.0,2.35,15,4.42,1.8,Fair,INT6387,46.86
1.22,32.8,19.3,20.99,6.22,2.5,8,3.92,3.49,Average,INT6388,59.78
0.52,51.4,32.9,48.52,0.0,6.55,9,2.27,1.0,Good,INT6389,74.89
0.6,23.5,9.5,55.38,4.18,0.5,9,4.75,2.67,Poor,INT6390,38.38
3.13,77.1,73.6,76.47,4.53,7.53,10,1.8,2.81,Good,INT6391,77.3
1.58,25.2,81.9,92.09,7.1,4.89,14,3.57,3.84,Average,INT6392,65.4
2.9,79.0,45.4,71.16,8.17,7.68,7,5.92,4.27,Average,INT6393,68.35
0.77,22.0,54.7,86.99,0.0,1.05,12,4.83,1.0,Fair,INT6394,52.12
1.19,52.2,61.0,83.58,0.0,2.75,14,3.92,1.0,Fair,INT6395,54.31
0.72,29.2,14.7,25.98,8.83,5.1,10,3.13,4.53,Good,INT6396,71.15
3.15,50.6,56.0,41.99,2.1,5.46,10,3.8,1.84,Average,INT6397,63.44
3.26,95.0,63.0,46.76,9.25,6.89,10,2.5,4.7,Excellent,INT6398,89.19
1.45,8.5,57.1,81.89,0.0,1.38,8,3.87,1.0,Fair,INT6399,53.27
2.42,80.5,92.7,77.14,7.5,7.63,9,3.92,4.0,Good,INT6400,77.25
2.98,46.6,66.9,73.65,7.82,0.97,7,5.48,4.13,Average,INT6401,64.44
0.38,4.6,64.8,72.16,5.45,4.63,9,5.85,3.18,Average,INT6402,62.82
1.33,65.3,47.6,74.91,1.8,8.24,11,2.37,1.72,Average,INT6403,68.75
0.56,9.1,41.6,71.72,0.0,0.91,5,6.12,1.0,Fair,INT6404,51.79
3.64,86.9,82.1,77.07,7.5,8.55,20,1.06,4.0,Excellent,INT6405,93.02
3.8,91.0,91.7,94.4,7.5,9.53,14,6.73,4.0,Good,INT6406,81.53
1.11,39.2,67.1,81.64,4.38,3.45,10,3.22,2.75,Average,INT6407,60.9
0.9,47.7,60.1,59.54,0.0,4.71,4,2.73,1.0,Average,INT6408,63.33
0.89,22.2,23.8,79.87,0.0,8.11,11,3.85,1.0,Good,INT6409,70.53
1.59,71.0,42.7,82.15,10.0,9.03,11,6.88,5.0,Good,INT6410,75.6
3.88,76.1,88.5,3.09,7.22,5.71,16,1.63,3.89,Good,INT6411,74.9
2.69,12.3,73.4,51.34,8.52,4.07,17,3.33,4.41,Average,INT6412,67.76
2.61,62.0,46.8,99.98,9.07,6.36,5,6.28,4.63,Good,INT6413,70.3
2.05,79.8,46.9,51.68,10.0,6.77,11,3.11,5.0,Good,INT6414,73.89
1.73,77.5,49.8,69.76,3.15,6.13,15,2.54,2.26,Good,INT6415,76.22
1.41,74.0,21.1,66.83,4.68,0.23,13,3.8,2.87,Average,INT6416,58.41
3.05,90.5,73.7,54.85,4.68,3.83,7,3.33,2.87,Good,INT6417,79.92
1.68,61.3,89.2,89.68,8.12,8.5,15,6.5,4.25,Average,INT6418,68.09
2.08,84.8,51.0,71.3,4.68,8.02,16,5.64,2.87,Average,INT6419,62.94
1.37,24.7,58.7,90.06,7.45,5.31,8,4.36,3.98,Average,INT6420,65.07
1.54,10.6,43.8,6.8,8.7,1.54,8,7.0,4.48,Average,INT6421,61.05
0.94,29.3,15.3,62.82,2.08,3.06,11,4.15,1.83,Average,INT6422,56.79
0.8,44.5,6.1,29.36,1.95,2.83,13,1.36,1.78,Average,INT6423,65.37
3.18,58.4,69.3,80.81,9.15,4.06,14,2.69,4.66,Good,INT6424,81.45
2.65,77.2,18.7,61.75,7.22,5.13,15,3.97,3.89,Good,INT6425,79.66
2.86,89.0,96.7,72.61,8.83,8.69,13,1.67,4.53,Good,INT6426,79.52
1.04,31.3,21.0,35.97,2.2,3.91,20,6.63,1.88,Fair,INT6427,44.85
1.41,19.5,35.2,5.12,7.98,3.4,10,5.72,4.19,Good,INT6428,74.31
2.28,63.7,82.4,55.84,0.0,7.69,18,3.03,1.0,Average,INT6429,61.75
2.97,41.1,47.5,74.33,9.98,7.34,12,4.06,4.99,Good,INT6430,70.75
0.31,61.7,40.4,70.42,2.4,0.47,12,5.04,1.96,Average,INT6431,56.06
3.19,64.6,24.8,0.0,2.15,7.51,7,6.38,1.86,Average,INT6432,58.22
1.55,32.2,43.2,27.81,7.55,6.92,10,6.12,4.02,Average,INT6433,63.92
2.22,83.7,72.0,51.42,0.1,5.18,9,3.87,1.04,Fair,INT6434,54.12
0.9,45.8,19.6,93.85,0.5,3.43,8,5.74,1.2,Average,INT6435,57.45
3.41,26.5,76.3,80.39,8.6,8.09,10,4.76,4.44,Good,INT6436,76.16
3.09,75.6,17.2,55.1,4.45,8.51,11,4.46,2.78,Good,INT6437,79.3
3.17,96.0,94.2,76.08,6.55,7.81,25,1.43,3.62,Good,INT6438,82.96
3.03,66.4,67.7,79.98,8.83,9.57,13,2.12,4.53,Good,INT6439,84.63
2.05,55.0,53.7,85.04,1.43,1.37,4,4.31,1.57,Average,INT6440,61.1
2.96,32.1,60.8,95.4,7.95,4.86,14,2.33,4.18,Good,INT6441,72.44
1.76,17.4,19.8,9.76,4.55,5.22,16,1.0,2.82,Average,INT6442,61.08
1.0,14.2,11.7,66.55,5.58,2.66,5,5.63,3.23,Fair,INT6443,43.78
2.81,53.4,85.8,2.81,6.42,8.87,10,1.43,3.57,Excellent,INT6444,89.17
0.84,23.2,52.6,97.92,4.68,1.22,24,4.65,2.87,Average,INT6445,58.78
3.67,98.7,79.0,99.04,6.88,9.09,11,3.88,3.75,Excellent,INT6446,93.51
3.22,70.6,80.5,81.91,5.78,8.87,16,7.0,3.31,Average,INT6447,69.35
3.14,80.6,76.6,59.68,8.08,2.98,13,3.92,4.23,Good,INT6448,77.54
3.52,90.4,65.1,66.83,10.0,7.14,21,1.65,5.0,Excellent,INT6449,88.75
2.82,42.1,32.9,64.2,1.57,5.64,15,4.46,1.63,Average,INT6450,68.69
2.97,45.4,63.2,71.7,5.98,7.33,4,5.81,3.39,Good,INT6451,71.57
0.4,25.0,21.8,0.0,4.68,1.87,7,6.69,2.87,Poor,INT6452,37.14
0.22,14.4,25.0,96.69,0.0,2.59,6,3.21,1.0,Fair,INT6453,52.82
2.85,84.5,56.2,55.23,4.68,6.7,18,2.66,2.87,Good,INT6454,80.45
0.45,52.7,28.9,86.48,2.0,1.82,5,6.1,1.8,Fair,INT6455,44.17
2.88,56.2,94.9,25.72,7.5,8.24,10,2.27,4.0,Excellent,INT6456,98.72
1.19,33.7,24.4,54.39,6.25,4.13,10,4.79,3.5,Average,INT6457,62.01
2.95,65.3,60.4,1.7,9.52,9.08,8,3.52,4.81,Good,INT6458,78.42
0.81,30.1,93.9,9.53,4.45,1.79,13,1.39,2.78,Average,INT6459,65.83
2.74,66.3,81.4,80.22,10.0,8.35,10,3.92,5.0,Good,INT6460,80.42
3.08,34.1,17.6,34.35,2.0,2.48,13,3.0,1.8,Average,INT6461,55.51
0.94,55.6,42.3,50.21,10.0,9.0,7,4.85,5.0,Average,INT6462,64.07
0.48,18.4,8.9,98.79,4.68,1.73,5,6.78,2.87,Fair,INT6463,44.82
1.97,86.7,77.7,67.48,10.0,4.15,24,2.19,5.0,Good,INT6464,76.07
0.28,14.7,22.8,62.91,1.75,1.23,11,3.92,1.7,Fair,INT6465,40.95
0.65,44.7,13.1,61.12,2.0,0.58,6,3.92,1.8,Average,INT6466,57.02
0.9,28.8,85.3,57.94,8.83,2.8,13,4.22,4.53,Average,INT6467,57.98
2.83,29.6,59.8,99.96,3.7,7.22,14,1.68,2.48,Good,INT6468,71.8
3.63,66.2,59.4,66.83,4.8,9.12,15,6.53,2.92,Average,INT6469,62.98
2.32,51.7,15.5,70.28,6.38,6.65,6,5.23,3.55,Fair,INT6470,50.77
2.73,67.3,24.8,93.57,2.92,4.39,8,5.32,2.17,Average,INT6471,60.29
0.66,75.3,15.7,82.09,0.68,5.56,13,5.52,1.27,Average,INT6472,60.68
1.08,39.9,30.1,68.43,0.35,5.27,13,4.58,1.14,Average,INT6473,55.92
1.07,36.8,10.5,94.92,3.28,7.22,12,6.59,2.31,Average,INT6474,55.77
2.37,73.1,62.9,87.49,3.15,2.74,5,5.78,2.26,Good,INT6475,75.38
1.14,4.5,6.4,61.4,0.0,3.19,11,6.47,1.0,Fair,INT6476,40.01
1.71,20.6,47.5,9.48,0.0,0.97,7,4.1,1.0,Fair,INT6477,50.9
2.47,92.2,56.8,96.12,7.28,7.08,8,1.97,3.91,Good,INT6478,79.3
3.57,65.3,62.4,74.82,3.75,3.0,13,4.31,2.5,Average,INT6479,68.52
2.9,78.9,84.7,86.68,2.92,5.31,22,2.1,2.17,Good,INT6480,81.92
1.85,73.1,90.8,66.83,1.23,4.55,29,4.54,1.49,Good,INT6481,71.02
2.7,30.7,38.6,84.52,7.4,4.36,17,4.36,3.96,Good,INT6482,80.71
0.18,6.5,29.3,55.12,2.4,1.7,7,5.04,1.96,Poor,INT6483,39.84
3.3,58.5,84.0,0.0,8.32,9.3,16,1.0,4.33,Good,INT6484,75.27
1.44,78.6,87.7,79.75,1.33,2.27,17,2.05,1.53,Good,INT6485,76.21
1.14,31.5,43.9,66.83,10.0,3.59,11,4.38,5.0,Average,INT6486,65.89
2.76,71.5,88.5,58.62,7.18,4.35,8,6.88,3.87,Good,INT6487,80.84
3.06,49.8,24.1,35.62,7.1,7.7,12,3.42,3.84,Good,INT6488,72.59
3.55,34.1,44.2,72.86,10.0,9.16,10,3.81,5.0,Excellent,INT6489,88.33
0.33,37.1,13.1,85.08,0.52,1.7,6,5.35,1.21,Fair,INT6490,52.23
2.63,5.4,25.4,76.21,0.0,1.41,3,4.28,1.0,Fair,INT6491,43.41
1.37,19.1,35.7,69.11,0.0,0.89,7,2.61,1.0,Average,INT6492,60.18
1.34,10.5,17.4,53.83,3.45,7.55,12,3.52,2.38,Average,INT6493,63.6
0.81,31.0,26.5,79.82,0.68,8.02,12,1.83,1.27,Average,INT6494,69.31
0.38,20.7,10.8,66.83,4.98,0.29,9,6.74,2.99,Fair,INT6495,43.52
2.44,68.7,9.2,84.29,1.82,5.52,17,2.04,1.73,Good,INT6496,75.97
1.72,12.4,33.9,69.07,0.88,1.82,12,2.89,1.35,Average,INT6497,62.19
1.96,33.7,45.7,7.09,0.73,3.47,17,1.0,1.29,Average,INT6498,59.38
2.84,24.6,74.1,90.82,2.45,3.5,14,2.67,1.98,Good,INT6499,73.95
3.11,84.7,90.6,97.09,10.0,5.79,13,5.8,5.0,Excellent,INT6500,86.07
2.73,69.9,93.5,69.41,5.02,6.74,13,1.89,3.01,Good,INT6501,70.01
3.89,94.7,94.3,58.92,2.15,9.82,19,1.79,1.86,Excellent,INT6502,89.05
3.78,39.4,91.1,70.54,5.62,6.82,10,3.92,3.25,Good,INT6503,72.19
2.78,80.3,76.3,5.32,0.0,8.51,7,1.0,1.0,Good,INT6504,75.0
3.44,35.2,71.4,61.92,1.9,8.04,17,1.39,1.76,Good,INT6505,72.07
0.35,8.9,22.3,2.21,3.2,4.03,8,5.51,2.28,Fair,INT6506,43.52
0.66,35.3,37.9,76.52,4.68,7.9,7,5.97,2.87,Average,INT6507,61.86
2.2,32.7,71.1,60.73,0.0,4.03,15,6.5,1.0,Fair,INT6508,46.56
0.65,11.3,13.7,66.99,0.0,4.62,8,6.19,1.0,Fair,INT6509,43.04
1.0,13.5,10.4,13.65,3.18,1.29,8,5.48,2.27,Fair,INT6510,53.2
2.86,68.7,82.7,51.36,10.0,8.36,5,1.0,5.0,Excellent,INT6511,86.19
0.51,14.1,49.8,53.76,8.4,6.06,10,5.27,4.36,Average,INT6512,56.65
1.71,52.8,43.2,66.83,3.75,2.2,6,5.73,2.5,Average,INT6513,57.2
1.41,59.0,6.3,83.47,4.4,0.15,4,5.32,2.76,Average,INT6514,58.05
1.97,72.4,79.8,57.08,6.22,2.12,7,4.21,3.49,Good,INT6515,81.71
1.1,51.1,57.7,47.01,2.97,3.4,11,2.53,2.19,Good,INT6516,79.81
1.29,55.7,24.1,66.83,6.8,4.17,3,5.78,3.72,Average,INT6517,62.94
2.19,39.7,86.4,98.56,4.25,5.09,7,5.01,2.7,Good,INT6518,83.67
1.19,86.0,10.0,95.56,6.7,5.08,15,6.53,3.68,Average,INT6519,65.11
2.35,14.9,37.3,64.17,2.0,2.11,10,2.38,1.8,Average,INT6520,55.29
3.49,11.3,35.0,51.37,1.27,4.61,13,2.54,1.51,Average,INT6521,59.32
3.87,94.8,95.3,82.77,2.88,8.12,17,2.36,2.15,Excellent,INT6522,85.3
3.5,62.6,79.8,80.14,10.0,6.44,8,3.92,5.0,Good,INT6523,78.29
2.31,65.0,37.7,51.37,7.45,7.9,13,2.05,3.98,Good,INT6524,70.79
2.53,38.1,85.1,56.13,0.55,8.73,7,1.0,1.22,Good,INT6525,74.51
2.42,91.8,6.6,57.02,5.82,2.51,8,7.0,3.33,Average,INT6526,60.3
3.04,96.1,85.9,4.78,0.0,8.32,16,1.41,1.0,Good,INT6527,81.86
3.14,83.8,21.4,95.33,1.8,2.09,10,6.13,1.72,Average,INT6528,66.47
0.42,45.2,31.8,21.33,3.08,1.16,9,3.28,2.23,Fair,INT6529,53.9
0.95,54.2,27.0,69.23,10.0,5.56,9,3.92,5.0,Good,INT6530,73.27
2.64,47.3,72.1,52.16,10.0,8.76,7,4.09,5.0,Average,INT6531,69.18
0.61,56.3,83.8,66.83,10.0,2.32,12,6.14,5.0,Average,INT6532,56.95
1.0,22.8,6.4,87.65,5.18,7.36,9,6.61,3.07,Fair,INT6533,46.81
3.37,93.2,80.7,2.23,5.6,5.97,13,1.0,3.24,Good,INT6534,71.68
3.08,35.4,90.9,74.95,1.6,4.08,7,1.02,1.64,Good,INT6535,76.7
2.35,73.8,64.9,54.79,10.0,9.55,9,2.56,5.0,Good,INT6536,78.09
0.47,23.6,20.8,69.07,3.82,1.65,10,5.44,2.53,Average,INT6537,65.93
0.47,29.7,33.4,67.97,3.32,4.65,11,6.74,2.33,Average,INT6538,60.46
0.62,33.8,65.9,61.48,10.0,3.47,15,3.27,5.0,Average,INT6539,65.3
0.82,61.2,66.7,65.99,7.62,3.2,13,4.25,4.05,Average,INT6540,69.74
0.32,13.1,15.9,87.34,4.28,1.28,9,2.21,2.71,Average,INT6541,58.24
2.99,68.4,28.9,1.01,8.5,1.01,7,6.18,4.4,Average,INT6542,62.57
2.43,89.8,88.5,95.61,2.57,8.72,10,7.0,2.03,Good,INT6543,72.58
2.79,69.3,45.3,69.41,4.68,7.24,11,2.97,2.87,Good,INT6544,70.99
1.08,89.1,9.8,75.73,6.02,4.33,5,4.15,3.41,Average,INT6545,69.28
3.31,88.5,31.5,73.37,7.18,5.55,13,1.22,3.87,Good,INT6546,81.96
3.9,98.1,72.9,75.29,7.43,8.93,13,3.92,3.97,Excellent,INT6547,95.42
1.32,50.4,84.7,88.47,0.05,7.23,8,3.57,1.02,Average,INT6548,56.18
2.81,9.2,13.3,91.57,8.9,2.88,10,1.98,4.56,Good,INT6549,79.75
0.66,7.8,52.1,56.65,0.0,3.1,4,3.19,1.0,Fair,INT6550,48.28
1.88,32.5,79.0,66.83,1.1,5.37,19,3.24,1.44,Average,INT6551,65.85
1.16,10.9,31.4,66.83,5.82,2.25,10,4.34,3.33,Average,INT6552,58.7
0.73,2.0,1.3,4.53,0.0,3.17,5,4.09,1.0,Fair,INT6553,44.28
3.87,92.9,52.3,7.06,4.62,7.39,5,3.92,2.85,Excellent,INT6554,92.29
2.77,17.5,39.7,83.9,7.5,2.8,9,5.59,4.0,Good,INT6555,77.48
1.76,56.6,78.7,28.94,0.85,3.29,7,5.68,1.34,Average,INT6556,57.28
3.17,97.7,68.6,93.41,5.9,8.32,12,3.6,3.36,Excellent,INT6557,86.75
3.48,56.3,52.0,86.71,9.35,6.92,11,1.02,4.74,Excellent,INT6558,85.27
0.7,43.9,41.0,51.08,5.65,6.36,11,5.41,3.26,Average,INT6559,61.64
1.73,32.5,13.6,84.34,10.0,5.42,5,6.36,5.0,Average,INT6560,64.03
3.05,38.5,23.3,59.62,4.68,1.96,8,2.71,2.87,Fair,INT6561,48.24
0.33,20.8,26.7,46.62,9.62,4.63,9,2.94,4.85,Good,INT6562,78.82
3.48,80.3,98.7,0.0,2.48,8.34,16,2.53,1.99,Excellent,INT6563,87.59
2.26,75.7,27.0,93.64,7.1,6.33,5,4.17,3.84,Good,INT6564,71.49
3.54,88.0,98.1,72.8,7.5,8.91,10,2.12,4.0,Excellent,INT6565,89.26
3.52,58.8,63.0,90.42,10.0,8.62,13,3.63,5.0,Excellent,INT6566,93.44
2.3,80.9,61.6,89.15,7.25,2.44,14,3.92,3.9,Average,INT6567,62.0
1.57,18.5,59.4,70.73,5.58,2.9,10,3.93,3.23,Good,INT6568,72.64
3.51,84.4,83.2,7.41,10.0,8.68,20,3.41,5.0,Excellent,INT6569,95.02
0.95,48.1,37.7,85.02,0.5,3.84,3,3.2,1.2,Average,INT6570,67.24
2.23,21.0,41.3,23.54,2.75,0.51,8,3.9,2.1,Fair,INT6571,51.28
2.79,97.1,79.1,1.91,0.0,6.0,13,1.0,1.0,Good,INT6572,73.01
3.9,97.3,91.6,60.52,6.45,8.74,18,1.24,3.58,Excellent,INT6573,100.0
0.83,29.6,20.7,35.29,10.0,6.68,19,6.58,5.0,Average,INT6574,66.41
2.59,59.8,40.9,65.64,0.55,5.11,9,1.34,1.22,Average,INT6575,68.15
3.05,66.3,55.6,24.32,7.5,7.1,16,5.47,4.0,Good,INT6576,75.45
2.71,59.4,52.1,70.88,2.3,5.67,9,6.04,1.92,Average,INT6577,68.46
1.33,61.1,56.8,66.83,7.5,3.97,9,2.13,4.0,Good,INT6578,84.33
0.33,12.0,5.0,88.16,2.0,1.19,3,2.75,1.8,Average,INT6579,56.31
3.48,63.9,30.8,72.82,4.55,7.01,8,4.13,2.82,Average,INT6580,69.51
0.5,16.0,46.9,86.82,1.98,1.96,7,6.16,1.79,Average,INT6581,65.08
1.15,3.7,2.4,57.79,9.42,3.0,8,6.76,4.77,Fair,INT6582,50.71
1.29,77.5,80.3,63.48,10.0,5.6,9,5.93,5.0,Average,INT6583,68.06
3.69,70.4,66.2,54.99,10.0,8.49,13,1.37,5.0,Excellent,INT6584,86.36
1.25,49.7,84.5,93.26,1.25,5.48,10,3.92,1.5,Average,INT6585,66.56
1.58,41.1,84.7,64.81,7.5,4.68,18,3.92,4.0,Good,INT6586,76.63
1.44,33.9,42.5,66.83,0.0,4.38,8,4.22,1.0,Average,INT6587,62.35
2.07,37.3,55.5,5.53,2.2,8.07,16,1.49,1.88,Good,INT6588,73.53
2.11,67.3,82.5,73.8,2.0,8.32,12,2.44,1.8,Average,INT6589,69.27
0.66,41.5,50.5,55.31,0.0,3.51,10,5.36,1.0,Fair,INT6590,44.25
1.37,58.1,79.2,94.65,5.8,0.77,17,3.92,3.32,Average,INT6591,69.44
3.41,74.5,93.7,59.86,3.05,7.01,19,2.42,2.22,Good,INT6592,79.19
2.28,37.8,47.0,86.85,4.02,7.88,13,3.66,2.61,Good,INT6593,79.99
2.34,64.1,50.7,86.44,8.38,2.11,9,5.84,4.35,Average,INT6594,55.29
2.09,21.9,20.1,14.94,6.02,1.49,15,3.92,3.41,Average,INT6595,63.43
0.68,7.4,7.6,31.65,2.52,1.38,10,2.65,2.01,Fair,INT6596,50.32
2.1,47.4,51.5,74.6,3.8,5.53,11,1.75,2.52,Average,INT6597,67.56
3.54,52.1,48.0,71.0,8.27,7.38,10,2.21,4.31,Good,INT6598,75.22
1.48,13.4,37.8,95.93,3.92,3.28,15,6.66,2.57,Good,INT6599,70.12
2.32,42.2,60.1,67.99,7.25,6.51,12,3.92,3.9,Good,INT6600,74.37
3.24,76.5,35.0,96.85,1.53,5.01,14,4.69,1.61,Good,INT6601,73.95
1.18,37.2,87.9,72.97,10.0,6.55,18,4.11,5.0,Good,INT6602,72.13
3.11,86.1,79.4,98.22,4.35,8.52,7,2.75,2.74,Good,INT6603,82.82
2.38,72.8,30.3,20.12,4.68,8.51,8,5.66,2.87,Good,INT6604,78.82
1.41,74.5,55.5,91.47,0.0,5.38,5,4.47,1.0,Average,INT6605,62.71
1.69,28.6,83.2,55.24,7.52,1.99,13,1.46,4.01,Good,INT6606,76.76
3.57,80.4,89.3,79.31,1.02,6.97,15,1.74,1.41,Excellent,INT6607,86.83
3.33,76.7,48.2,57.14,4.98,8.04,13,3.74,2.99,Good,INT6608,76.68
1.22,10.6,13.0,64.88,6.0,0.37,8,6.2,3.4,Fair,INT6609,40.17
2.81,83.7,35.6,81.18,2.72,6.05,14,2.96,2.09,Good,INT6610,80.33
0.2,1.6,4.7,86.31,0.95,1.03,7,5.91,1.38,Fair,INT6611,49.67
0.07,7.1,9.2,51.96,7.25,5.66,13,5.77,3.9,Fair,INT6612,49.63
2.24,14.3,15.6,76.55,4.32,3.35,11,2.78,2.73,Average,INT6613,66.98
0.33,25.8,31.5,2.53,2.0,3.91,13,1.57,1.8,Average,INT6614,62.43
1.91,79.2,84.8,53.94,0.73,9.6,7,1.24,1.29,Good,INT6615,77.62
1.25,56.1,27.2,75.03,2.85,2.36,12,5.33,2.14,Fair,INT6616,54.51
2.56,53.8,62.6,85.69,2.0,8.0,5,2.65,1.8,Good,INT6617,71.87
1.17,26.4,80.2,52.66,2.75,4.91,15,3.5,2.1,Average,INT6618,61.54
2.98,13.8,85.4,3.08,0.0,3.76,16,3.63,1.0,Average,INT6619,55.13
2.76,29.5,55.9,24.73,10.0,6.89,8,5.35,5.0,Good,INT6620,77.51
2.88,79.7,87.2,58.03,3.3,7.13,8,2.1,2.32,Good,INT6621,84.92
3.39,78.7,54.9,34.44,7.65,9.36,17,3.38,4.06,Good,INT6622,82.49
3.67,61.8,56.8,91.66,6.22,2.38,15,4.25,3.49,Good,INT6623,70.7
3.27,89.6,40.7,25.22,10.0,6.6,16,3.92,5.0,Good,INT6624,79.21
0.48,10.6,27.6,70.19,6.82,1.93,8,5.52,3.73,Average,INT6625,55.31
1.74,45.5,79.9,59.97,3.25,5.19,18,1.68,2.3,Good,INT6626,71.87
0.76,39.2,17.9,93.8,0.0,7.21,5,5.4,1.0,Average,INT6627,61.92
2.03,83.1,43.6,85.25,9.33,4.06,6,4.86,4.73,Good,INT6628,70.69
0.73,40.8,30.5,51.27,4.68,4.97,17,4.73,2.87,Average,INT6629,64.2
0.41,2.9,22.2,7.21,6.72,1.88,13,5.35,3.69,Fair,INT6630,47.05
1.1,46.5,33.4,64.56,0.0,4.37,15,3.71,1.0,Fair,INT6631,48.7
0.92,91.4,74.2,1.96,10.0,5.95,13,1.95,5.0,Good,INT6632,78.41
0.8,38.4,86.8,66.83,8.9,5.25,7,4.88,4.56,Average,INT6633,67.85
0.43,8.2,8.9,83.19,0.0,1.63,10,3.87,1.0,Fair,INT6634,54.98
1.85,68.4,25.0,66.83,1.45,2.54,10,5.27,1.58,Average,INT6635,65.84
2.18,92.7,68.7,97.6,7.15,8.98,9,3.04,3.86,Good,INT6636,77.85
2.08,75.7,86.5,82.94,10.0,3.84,9,6.42,5.0,Good,INT6637,74.65
0.29,3.3,4.0,50.28,2.75,0.97,9,5.02,2.1,Poor,INT6638,39.71
1.65,83.5,75.9,67.95,2.97,5.03,13,1.39,2.19,Good,INT6639,75.29
3.04,86.8,75.2,75.66,7.5,8.68,8,4.05,4.0,Good,INT6640,84.93
2.19,35.2,77.7,74.96,8.48,4.67,14,5.9,4.39,Average,INT6641,68.85
0.92,60.8,48.2,80.17,6.9,6.61,5,5.49,3.76,Average,INT6642,56.75
3.25,84.2,76.2,98.03,3.45,8.54,9,3.56,2.38,Excellent,INT6643,90.85
1.06,51.1,35.3,2.3,4.42,1.76,7,6.85,2.77,Average,INT6644,56.47
2.12,18.1,24.5,18.82,8.98,2.05,6,2.54,4.59,Average,INT6645,65.54
2.4,78.4,84.3,8.06,10.0,6.85,12,2.96,5.0,Good,INT6646,81.14
0.85,31.2,83.5,91.66,8.98,6.51,8,6.39,4.59,Good,INT6647,75.35
1.93,29.9,29.3,91.22,5.58,2.41,4,6.5,3.23,Fair,INT6648,50.38
0.52,36.3,9.2,63.77,0.0,1.02,5,5.39,1.0,Fair,INT6649,44.2
0.16,2.8,11.4,86.53,0.0,0.42,6,6.59,1.0,Fair,INT6650,48.49
2.37,22.2,72.6,83.6,4.3,9.14,13,1.95,2.72,Average,INT6651,63.36
0.89,25.9,13.5,3.71,4.2,0.99,8,6.63,2.68,Fair,INT6652,40.94
2.94,37.6,14.7,66.83,5.95,1.34,9,2.45,3.38,Average,INT6653,66.71
3.51,94.0,92.2,94.43,8.9,6.22,22,2.28,4.56,Excellent,INT6654,100.0
3.77,70.6,60.7,83.89,10.0,7.92,13,2.17,5.0,Excellent,INT6655,90.13
1.53,64.7,72.4,24.37,7.12,9.24,9,3.2,3.85,Average,INT6656,65.8
2.53,77.1,17.1,85.24,9.65,5.87,14,2.81,4.86,Good,INT6657,78.81
0.91,34.7,34.5,66.83,4.68,2.28,19,2.84,2.87,Average,INT6658,56.66
3.15,29.3,67.7,94.34,0.0,8.52,21,2.23,1.0,Good,INT6659,73.42
0.97,61.5,1.4,61.14,2.0,1.92,8,2.32,1.8,Fair,INT6660,45.8
3.6,88.2,87.9,64.96,5.05,9.21,13,4.73,3.02,Good,INT6661,80.21
1.37,23.7,25.8,57.67,0.95,5.92,11,3.29,1.38,Fair,INT6662,51.9
1.13,62.2,56.5,66.83,10.0,2.85,24,2.76,5.0,Excellent,INT6663,91.14
3.27,61.0,39.3,82.86,3.92,3.25,6,5.46,2.57,Average,INT6664,68.85
0.54,24.8,2.9,22.62,6.3,0.24,8,6.26,3.52,Fair,INT6665,41.39
0.78,32.7,6.7,73.75,1.07,1.33,13,5.53,1.43,Fair,INT6666,44.78
2.3,58.6,36.4,1.12,3.77,5.34,13,3.92,2.51,Good,INT6667,79.48
3.42,42.0,91.2,9.61,4.68,7.05,16,5.63,2.87,Good,INT6668,82.86
2.65,86.8,90.0,74.85,4.68,8.46,19,1.7,2.87,Excellent,INT6669,90.29
1.48,8.0,84.5,56.42,0.0,1.89,16,1.45,1.0,Average,INT6670,62.58
0.82,71.9,30.8,50.37,5.38,3.51,13,2.99,3.15,Average,INT6671,64.93
0.65,12.7,15.8,56.25,0.6,1.57,10,5.8,1.24,Fair,INT6672,45.84
2.96,89.3,81.5,0.0,9.5,8.1,12,2.58,4.8,Excellent,INT6673,99.27
0.68,63.9,67.1,88.2,5.0,8.31,15,1.15,3.0,Excellent,INT6674,98.9
3.72,89.5,85.0,98.36,5.65,7.85,11,2.06,3.26,Excellent,INT6675,92.71
0.22,6.5,16.6,51.79,4.68,1.96,7,5.75,2.87,Fair,INT6676,44.42
1.61,62.8,64.6,84.01,8.17,5.18,12,4.86,4.27,Average,INT6677,65.96
1.57,26.5,6.4,52.21,2.92,5.05,4,2.64,2.17,Average,INT6678,64.76
2.62,47.6,19.6,89.1,0.0,3.25,13,4.04,1.0,Fair,INT6679,50.52
2.79,47.9,25.3,69.05,1.45,7.05,12,4.5,1.58,Average,INT6680,62.09
2.85,58.1,58.2,54.79,6.8,5.35,12,5.05,3.72,Good,INT6681,71.86
2.35,48.8,59.9,78.4,4.68,5.89,13,2.55,2.87,Good,INT6682,78.05
0.43,7.8,24.3,64.01,4.68,1.85,11,6.19,2.87,Poor,INT6683,38.41
3.45,59.2,66.6,82.98,10.0,6.9,7,3.27,5.0,Excellent,INT6684,90.5
1.06,38.7,28.3,82.91,0.0,1.65,10,5.35,1.0,Fair,INT6685,52.22
1.94,28.8,8.2,9.56,0.0,4.99,9,1.0,1.0,Good,INT6686,71.25
0.75,76.7,41.0,66.83,2.48,5.23,11,2.98,1.99,Good,INT6687,71.39
3.46,48.9,55.0,69.33,9.78,3.21,6,2.68,4.91,Good,INT6688,75.6
3.55,76.3,27.5,14.22,2.95,7.32,13,3.93,2.18,Average,INT6689,65.32
3.72,85.3,96.5,90.23,8.93,8.51,24,1.93,4.57,Excellent,INT6690,86.92
0.69,25.6,58.1,78.92,6.68,7.2,17,5.65,3.67,Average,INT6691,65.51
2.74,53.4,22.2,51.86,2.68,3.2,5,2.71,2.07,Average,INT6692,60.09
1.66,44.2,19.8,92.15,10.0,3.64,11,4.73,5.0,Good,INT6693,81.09
0.95,48.9,10.5,52.57,3.75,1.81,6,5.75,2.5,Fair,INT6694,40.27
0.86,48.6,25.0,58.54,2.82,5.77,10,4.83,2.13,Average,INT6695,69.72
2.61,6.8,7.8,55.1,1.65,2.83,7,5.04,1.66,Average,INT6696,57.1
0.44,21.3,10.0,53.9,6.32,4.54,10,5.06,3.53,Average,INT6697,59.04
1.78,22.1,38.1,51.28,8.83,3.07,12,3.55,4.53,Average,INT6698,67.41
0.17,50.1,46.1,12.75,10.0,5.16,9,6.3,5.0,Fair,INT6699,54.03
1.37,55.4,21.7,72.12,4.8,0.99,9,3.12,2.92,Fair,INT6700,52.13
1.58,47.4,61.1,62.64,10.0,3.05,15,4.79,5.0,Good,INT6701,73.12
1.69,28.4,18.9,28.25,2.0,2.36,8,5.62,1.8,Poor,INT6702,36.21
0.72,24.8,43.8,82.94,5.48,1.52,8,2.99,3.19,Average,INT6703,62.33
3.55,85.9,49.6,1.5,7.78,6.53,13,3.05,4.11,Average,INT6704,69.87
0.92,56.4,51.8,50.95,6.9,2.24,12,4.24,3.76,Good,INT6705,71.52
0.28,19.5,14.5,70.92,0.0,0.89,4,5.94,1.0,Poor,INT6706,35.73
1.53,39.9,78.6,65.52,6.7,5.61,12,6.34,3.68,Average,INT6707,68.2
2.98,48.5,75.6,3.58,7.5,5.09,11,4.34,4.0,Good,INT6708,79.11
2.43,68.1,59.0,0.0,3.55,3.13,7,5.16,2.42,Average,INT6709,63.14
2.59,81.9,16.1,83.45,2.3,3.77,14,6.13,1.92,Average,INT6710,55.8
3.76,96.8,81.6,80.82,9.42,9.68,11,1.81,4.77,Excellent,INT6711,93.61
2.99,88.4,38.3,96.86,2.77,8.24,11,2.48,2.11,Good,INT6712,77.65
0.89,44.1,22.0,47.79,8.93,2.94,10,5.36,4.57,Average,INT6713,60.37
2.09,23.1,45.2,73.63,7.5,5.68,5,5.75,4.0,Good,INT6714,70.18
2.89,20.9,46.5,66.83,7.5,3.85,16,5.8,4.0,Average,INT6715,68.51
1.55,91.2,76.3,87.77,6.78,9.04,15,3.61,3.71,Excellent,INT6716,91.03
2.26,11.6,77.5,57.04,4.62,5.06,12,1.63,2.85,Average,INT6717,68.61
2.41,79.0,59.2,74.56,1.82,4.06,9,3.47,1.73,Average,INT6718,63.2
2.25,14.8,9.8,71.07,4.98,6.54,11,2.18,2.99,Average,INT6719,67.7
2.89,90.0,61.5,82.92,1.92,3.43,5,2.6,1.77,Good,INT6720,72.33
2.36,54.6,70.5,95.88,2.65,6.39,11,5.62,2.06,Average,INT6721,60.15
3.48,89.2,93.3,65.06,7.75,9.4,16,1.92,4.1,Good,INT6722,80.31
0.65,81.7,27.4,58.39,5.7,4.44,3,6.23,3.28,Average,INT6723,58.72
1.36,35.0,39.7,63.09,9.62,2.59,12,3.92,4.85,Good,INT6724,74.01
1.67,61.0,87.0,90.58,4.85,4.94,12,4.59,2.94,Good,INT6725,76.34
3.3,37.9,59.3,75.91,7.5,2.3,12,1.57,4.0,Excellent,INT6726,88.43
1.88,18.6,10.1,72.65,2.0,7.33,11,2.72,1.8,Fair,INT6727,52.2
1.02,36.5,10.0,85.53,0.0,2.05,7,1.76,1.0,Average,INT6728,66.04
3.2,61.9,95.1,80.1,9.9,8.52,17,6.69,4.96,Average,INT6729,69.67
2.23,12.1,7.3,59.6,0.32,1.03,11,6.08,1.13,Average,INT6730,69.77
3.58,71.5,69.7,56.87,9.78,9.76,16,3.67,4.91,Good,INT6731,77.98
0.5,36.4,51.6,73.3,2.52,0.86,15,1.95,2.01,Fair,INT6732,53.27
0.04,7.3,3.1,77.14,2.05,1.67,10,6.27,1.82,Fair,INT6733,45.27
2.64,53.0,28.2,1.56,10.0,8.17,10,3.38,5.0,Good,INT6734,82.49
3.34,97.4,64.9,80.63,10.0,8.18,10,1.73,5.0,Excellent,INT6735,96.78
3.51,46.6,95.8,82.35,7.5,8.64,22,4.14,4.0,Good,INT6736,82.17
2.96,89.2,91.5,98.57,7.0,4.74,8,7.0,3.8,Average,INT6737,56.96
3.76,71.2,64.9,0.29,9.45,8.77,14,1.18,4.78,Good,INT6738,84.11
3.81,81.4,85.7,69.01,3.32,9.14,3,2.04,2.33,Excellent,INT6739,91.69
2.19,60.9,39.8,84.57,4.88,2.2,12,6.27,2.95,Average,INT6740,62.72
3.36,84.1,44.1,82.97,0.18,8.29,18,1.8,1.07,Good,INT6741,79.39
3.91,94.2,57.3,50.69,7.5,9.35,12,1.77,4.0,Excellent,INT6742,91.77
3.06,30.6,91.9,44.6,4.68,8.61,22,4.67,2.87,Good,INT6743,71.84
3.13,60.4,28.6,87.15,4.1,5.92,14,5.94,2.64,Good,INT6744,74.84
0.73,29.3,48.9,74.95,4.68,2.79,12,4.23,2.87,Average,INT6745,59.15
3.26,77.1,21.1,52.36,9.25,2.87,15,6.58,4.7,Average,INT6746,55.06
2.19,43.6,77.2,72.54,7.92,2.52,11,4.79,4.17,Good,INT6747,72.05
3.54,76.2,84.4,99.17,2.0,8.54,14,1.91,1.8,Good,INT6748,75.57
1.17,19.8,19.9,64.64,5.45,3.94,12,6.59,3.18,Average,INT6749,62.55
1.83,10.9,15.2,54.61,5.82,1.1,6,3.84,3.33,Average,INT6750,56.32
1.22,78.2,35.9,66.83,3.08,6.05,13,2.92,2.23,Good,INT6751,81.5
1.67,42.8,56.1,17.64,8.12,3.03,6,3.92,4.25,Average,INT6752,69.44
0.84,20.3,44.4,67.45,2.0,4.52,9,3.92,1.8,Average,INT6753,56.9
3.29,38.7,60.6,23.87,4.22,8.14,8,1.54,2.69,Good,INT6754,78.73
3.7,79.4,73.3,2.0,6.32,7.84,16,1.44,3.53,Excellent,INT6755,89.88
1.53,88.2,92.5,68.86,3.85,5.24,3,3.62,2.54,Good,INT6756,71.09
1.29,11.3,48.5,81.57,4.68,1.9,7,5.97,2.87,Fair,INT6757,52.9
3.49,83.8,89.6,88.95,6.5,9.26,16,4.04,3.6,Excellent,INT6758,88.29
3.57,3.0,7.8,55.97,2.7,4.41,15,7.0,2.08,Fair,INT6759,54.59
3.27,49.4,78.6,68.77,2.55,8.37,18,2.43,2.02,Average,INT6760,67.91
1.32,10.1,50.8,78.39,4.62,3.54,16,3.92,2.85,Average,INT6761,56.97
2.44,93.6,48.2,72.48,10.0,9.58,9,2.46,5.0,Excellent,INT6762,92.76
3.22,66.3,20.9,93.54,0.0,1.95,15,1.75,1.0,Average,INT6763,67.04
3.56,56.6,71.7,93.94,9.28,8.92,10,2.35,4.71,Good,INT6764,77.07
2.12,60.3,20.4,67.19,7.52,3.47,13,5.96,4.01,Good,INT6765,72.42
0.05,20.2,3.9,54.59,0.0,4.1,6,6.75,1.0,Poor,INT6766,33.51
0.77,69.3,27.0,58.38,0.28,5.38,15,6.41,1.11,Fair,INT6767,45.36
2.02,28.8,54.5,68.35,0.0,1.0,6,2.0,1.0,Average,INT6768,60.61
3.32,25.9,56.5,78.21,9.6,5.56,12,5.88,4.84,Good,INT6769,71.94
0.43,22.7,31.3,82.84,5.15,5.89,17,2.52,3.06,Good,INT6770,73.46
3.76,94.0,94.8,66.57,8.05,9.33,19,1.84,4.22,Excellent,INT6771,93.93
2.5,97.9,40.9,51.88,6.45,9.11,21,3.92,3.58,Good,INT6772,78.63
3.4,60.1,66.1,71.0,8.48,6.51,9,3.92,4.39,Good,INT6773,74.65
3.22,62.5,80.8,82.6,2.25,6.9,10,2.0,1.9,Excellent,INT6774,86.77
1.05,86.3,49.0,36.91,5.0,6.3,13,3.9,3.0,Average,INT6775,68.25
3.45,77.9,55.4,78.98,5.85,4.97,11,2.77,3.34,Good,INT6776,72.52
2.03,18.5,19.7,77.09,4.68,4.49,7,5.84,2.87,Average,INT6777,69.73
3.82,82.7,96.0,8.46,10.0,7.43,14,3.92,5.0,Excellent,INT6778,94.07
0.38,24.5,5.4,67.52,1.67,0.56,11,7.0,1.67,Fair,INT6779,44.94
3.23,75.5,46.2,38.67,2.65,6.77,9,1.24,2.06,Good,INT6780,74.16
2.19,76.8,59.5,79.93,0.0,4.18,15,3.07,1.0,Average,INT6781,65.18
2.08,14.9,28.1,76.22,0.0,6.01,5,4.24,1.0,Average,INT6782,65.92
1.94,5.3,46.5,66.83,4.73,0.51,7,3.63,2.89,Fair,INT6783,54.71
2.02,42.3,52.3,52.02,6.98,7.02,13,2.96,3.79,Average,INT6784,62.62
1.61,23.7,62.2,78.18,4.45,1.79,5,5.61,2.78,Average,INT6785,57.12
0.27,21.0,26.9,56.08,0.88,1.64,4,6.5,1.35,Fair,INT6786,51.02
0.05,15.1,7.2,65.76,1.12,0.74,4,6.72,1.45,Fair,INT6787,45.28
1.93,90.3,73.4,83.08,5.62,3.24,6,5.78,3.25,Average,INT6788,69.15
1.51,18.2,19.8,57.87,6.28,6.11,8,5.86,3.51,Average,INT6789,67.28
2.69,60.6,57.9,65.44,7.5,5.92,17,4.71,4.0,Good,INT6790,83.82
0.76,31.0,62.3,85.15,3.32,6.49,7,5.83,2.33,Average,INT6791,60.79
1.09,48.6,31.6,82.54,4.42,3.97,3,3.12,2.77,Fair,INT6792,53.42
3.19,89.6,54.5,54.55,4.7,6.79,12,2.92,2.88,Good,INT6793,80.61
1.72,50.7,22.1,78.86,10.0,3.14,10,2.63,5.0,Good,INT6794,80.5
0.49,80.1,34.8,57.36,0.85,1.74,10,3.65,1.34,Average,INT6795,57.09
2.26,43.4,40.1,62.61,3.48,8.48,8,2.88,2.39,Average,INT6796,59.95
0.58,24.8,13.1,72.96,0.0,1.62,10,6.59,1.0,Poor,INT6797,38.0
1.6,67.8,24.9,55.47,2.0,3.61,16,2.42,1.8,Fair,INT6798,54.13
0.5,8.3,15.0,99.68,2.0,1.66,8,3.92,1.8,Average,INT6799,63.8
3.17,84.4,66.9,58.27,10.0,9.45,16,3.92,5.0,Good,INT6800,73.11
3.33,11.9,64.0,89.07,2.9,4.65,6,1.02,2.16,Good,INT6801,82.46
3.23,95.6,94.3,54.12,4.5,9.17,22,1.36,2.8,Excellent,INT6802,94.14
3.55,67.1,89.1,60.38,10.0,9.1,12,2.59,5.0,Excellent,INT6803,96.28
3.58,80.5,95.6,0.0,7.43,3.89,23,3.7,3.97,Good,INT6804,76.11
2.87,93.3,86.5,93.7,3.82,7.56,18,3.51,2.53,Excellent,INT6805,91.34
3.52,88.0,51.2,97.88,7.5,6.03,12,6.27,4.0,Good,INT6806,84.51
2.66,54.7,30.7,58.64,6.4,5.4,11,3.92,3.56,Fair,INT6807,48.88
2.85,74.3,82.2,73.97,7.0,6.38,11,3.99,3.8,Excellent,INT6808,88.8
2.78,65.6,88.4,53.0,6.72,3.99,6,2.8,3.69,Good,INT6809,77.47
1.82,25.3,63.8,49.0,0.0,0.73,7,2.8,1.0,Average,INT6810,55.48
2.16,30.7,30.0,40.59,1.82,3.85,17,5.54,1.73,Average,INT6811,69.7
0.78,60.5,87.9,0.0,8.88,2.99,10,1.36,4.55,Good,INT6812,81.01
3.63,86.5,86.8,2.42,6.55,9.49,11,1.16,3.62,Excellent,INT6813,100.0
0.79,7.9,7.5,51.86,3.22,2.98,5,5.52,2.29,Fair,INT6814,50.73
3.19,24.9,58.7,51.62,7.85,6.56,7,4.15,4.14,Good,INT6815,75.61
0.44,7.8,56.5,66.83,4.12,1.89,12,1.79,2.65,Fair,INT6816,49.4
1.63,3.7,59.8,55.22,2.82,6.51,9,1.92,2.13,Good,INT6817,70.09
0.47,5.0,2.4,53.94,2.62,1.26,9,6.69,2.05,Poor,INT6818,28.18
0.82,30.6,8.4,62.56,2.72,1.03,7,6.46,2.09,Fair,INT6819,48.88
1.14,9.4,27.2,86.1,5.68,3.93,12,5.01,3.27,Good,INT6820,78.73
1.65,24.9,11.8,35.47,1.57,3.47,9,3.43,1.63,Fair,INT6821,48.48
1.13,31.2,37.3,75.56,4.78,4.01,5,4.43,2.91,Average,INT6822,65.27
2.9,23.4,22.3,95.76,6.05,6.46,14,7.0,3.42,Fair,INT6823,49.9
0.16,10.2,11.5,52.48,2.0,0.66,5,6.37,1.8,Poor,INT6824,33.25
2.67,85.6,90.0,90.55,4.6,4.95,21,2.73,2.84,Good,INT6825,76.85
0.95,7.9,61.0,25.05,0.3,2.65,8,5.73,1.12,Poor,INT6826,36.43
1.63,45.4,81.3,56.34,9.88,2.8,13,2.62,4.95,Good,INT6827,78.81
0.08,9.3,1.3,55.97,2.0,0.16,7,2.43,1.8,Fair,INT6828,47.44
0.12,12.0,68.7,99.71,3.08,1.37,10,5.45,2.23,Fair,INT6829,53.07
2.73,61.1,40.2,59.01,7.5,3.19,7,3.72,4.0,Average,INT6830,69.85
1.95,54.0,46.6,94.84,3.42,8.11,10,6.12,2.37,Average,INT6831,65.88
2.93,42.8,75.0,99.55,0.0,2.94,4,1.1,1.0,Average,INT6832,65.68
3.03,93.3,73.5,69.19,9.72,5.52,10,4.1,4.89,Average,INT6833,64.94
2.3,69.1,9.6,81.55,3.38,8.62,11,6.14,2.35,Good,INT6834,73.26
2.31,24.2,45.4,88.95,2.22,3.66,11,6.38,1.89,Good,INT6835,73.05
2.18,34.8,35.0,69.63,0.0,6.04,14,2.39,1.0,Average,INT6836,64.06
3.52,95.7,29.0,58.09,0.93,4.8,12,3.92,1.37,Good,INT6837,74.76
2.01,26.2,74.0,71.69,8.73,5.86,12,4.7,4.49,Good,INT6838,70.91
3.68,67.7,89.9,88.59,2.38,9.53,15,1.84,1.95,Average,INT6839,67.57
1.1,82.8,57.3,63.16,7.5,7.56,15,6.94,4.0,Good,INT6840,73.77
1.79,85.5,79.2,61.53,10.0,7.82,5,6.18,5.0,Good,INT6841,71.4
3.31,80.5,63.4,58.75,3.5,4.18,10,1.76,2.4,Good,INT6842,83.24
3.53,96.2,91.3,96.03,5.75,9.1,7,2.09,3.3,Excellent,INT6843,100.0
3.74,68.8,87.2,52.2,4.95,5.5,14,1.82,2.98,Good,INT6844,79.88
2.4,18.0,7.0,4.44,3.82,1.02,8,6.75,2.53,Average,INT6845,59.3
3.68,79.7,79.8,52.32,6.28,2.32,10,2.43,3.51,Good,INT6846,77.17
3.49,65.0,71.7,91.9,7.58,5.47,14,3.46,4.03,Excellent,INT6847,85.55
0.66,23.1,19.3,95.27,6.12,3.2,8,3.92,3.45,Good,INT6848,77.07
0.09,35.4,8.1,64.87,7.28,2.76,8,4.48,3.91,Average,INT6849,59.41
3.62,60.8,94.0,30.81,1.25,5.21,8,1.03,1.5,Good,INT6850,70.62
3.16,98.4,67.4,74.03,6.48,9.32,19,2.25,3.59,Excellent,INT6851,95.33
2.25,30.7,24.0,64.92,0.0,0.59,9,6.25,1.0,Poor,INT6852,37.22
2.09,34.9,79.8,70.86,6.5,2.21,13,6.34,3.6,Average,INT6853,60.93
1.91,13.7,19.5,52.68,7.05,0.78,10,5.49,3.82,Good,INT6854,77.27
3.1,94.7,54.6,4.14,6.55,9.53,19,3.92,3.62,Good,INT6855,82.59
3.55,81.7,80.2,67.85,7.5,8.46,10,2.82,4.0,Excellent,INT6856,90.51
1.89,9.9,62.6,89.13,4.38,5.58,12,4.98,2.75,Good,INT6857,76.45
3.24,75.7,51.1,54.42,0.0,6.64,18,2.66,1.0,Average,INT6858,57.53
3.62,70.2,45.8,66.31,7.5,9.69,15,6.88,4.0,Average,INT6859,64.57
1.42,16.8,47.3,83.22,2.35,2.49,8,4.39,1.94,Fair,INT6860,54.05
2.44,86.2,66.8,88.27,6.45,4.8,15,1.62,3.58,Good,INT6861,81.55
0.93,0.9,22.3,79.62,5.12,4.62,6,6.62,3.05,Fair,INT6862,44.99
0.26,18.3,57.7,61.97,0.0,1.18,12,7.0,1.0,Fair,INT6863,44.19
2.27,39.7,14.9,50.01,1.82,7.65,4,1.34,1.73,Average,INT6864,65.42
2.31,62.9,70.0,90.14,1.3,4.02,17,4.0,1.52,Average,INT6865,65.1
2.37,96.3,65.3,91.13,8.32,8.1,10,2.49,4.33,Good,INT6866,79.54
3.56,70.1,86.9,84.88,10.0,4.16,15,3.92,5.0,Excellent,INT6867,88.91
1.56,51.8,54.8,32.46,4.68,9.01,9,2.08,2.87,Average,INT6868,60.78
0.3,71.6,59.8,79.26,0.0,0.99,8,4.81,1.0,Fair,INT6869,51.06
3.15,59.9,59.0,91.05,1.67,4.24,12,6.53,1.67,Average,INT6870,65.58
1.62,73.2,50.9,69.48,6.2,7.47,14,3.68,3.48,Good,INT6871,76.71
3.87,76.3,83.3,59.9,8.5,8.54,17,1.27,4.4,Excellent,INT6872,95.56
0.1,56.1,6.4,79.38,0.0,2.16,10,4.32,1.0,Fair,INT6873,43.31
3.54,71.3,91.3,66.71,3.53,5.9,15,3.47,2.41,Excellent,INT6874,93.49
0.4,14.6,4.6,17.83,4.7,1.31,5,6.51,2.88,Fair,INT6875,46.13
2.24,71.2,81.4,79.85,1.23,5.15,13,3.42,1.49,Good,INT6876,72.12
1.5,33.2,27.8,82.16,0.0,1.72,9,1.91,1.0,Average,INT6877,62.54
2.03,41.5,13.5,80.12,3.82,2.99,8,2.56,2.53,Good,INT6878,72.87
1.93,33.6,69.1,82.5,4.28,4.9,20,5.11,2.71,Fair,INT6879,53.78
2.76,88.4,3.0,81.57,4.55,4.81,12,2.69,2.82,Good,INT6880,71.03
0.53,55.0,12.3,56.52,4.68,0.94,14,6.02,2.87,Fair,INT6881,49.2
3.06,65.8,73.2,38.31,7.62,7.79,21,2.25,4.05,Good,INT6882,82.15
3.06,73.2,22.6,66.83,6.95,9.3,13,2.43,3.78,Good,INT6883,83.83
1.38,24.1,54.5,50.88,0.9,2.21,15,3.51,1.36,Average,INT6884,65.54
1.68,89.9,23.4,81.74,0.4,4.31,4,7.0,1.16,Average,INT6885,61.98
1.26,39.3,31.4,66.83,6.28,1.87,9,6.11,3.51,Average,INT6886,58.05
3.76,93.6,94.8,61.96,9.23,7.97,17,2.13,4.69,Excellent,INT6887,92.66
1.91,63.1,50.3,1.57,3.1,7.12,10,3.44,2.24,Good,INT6888,73.2
2.57,92.0,45.5,76.7,4.55,1.07,10,2.24,2.82,Good,INT6889,71.54
0.47,28.2,30.9,63.03,1.8,1.67,3,4.04,1.72,Fair,INT6890,49.84
2.89,26.8,88.5,66.83,5.62,4.67,12,3.49,3.25,Good,INT6891,77.3
0.75,73.1,41.8,95.48,4.73,3.82,17,6.5,2.89,Average,INT6892,57.6
0.06,12.1,2.7,71.33,4.68,1.59,10,6.34,2.87,Poor,INT6893,34.5
3.82,86.6,67.5,81.49,10.0,4.28,13,3.06,5.0,Good,INT6894,82.03
2.58,81.8,20.8,51.77,9.05,8.0,9,4.26,4.62,Average,INT6895,68.06
1.64,35.1,18.0,53.89,8.62,3.52,7,6.03,4.45,Average,INT6896,57.12
0.57,39.3,49.1,54.07,0.0,0.96,6,5.35,1.0,Poor,INT6897,36.72
2.42,67.0,55.8,2.33,0.0,2.67,3,1.0,1.0,Good,INT6898,83.93
2.69,85.6,33.6,29.62,4.35,5.76,11,2.91,2.74,Excellent,INT6899,88.99
2.6,61.2,60.1,61.38,7.5,7.22,10,3.74,4.0,Good,INT6900,77.78
2.86,39.9,37.5,87.37,0.0,4.85,18,2.66,1.0,Good,INT6901,74.6
2.19,50.5,69.5,58.5,2.0,5.12,7,2.36,1.8,Average,INT6902,60.96
3.42,38.4,41.6,4.91,6.5,2.59,7,1.36,3.6,Good,INT6903,72.15
1.5,49.0,78.8,71.55,3.05,6.06,11,5.03,2.22,Average,INT6904,59.63
1.48,55.0,39.9,37.16,8.83,6.24,5,2.35,4.53,Good,INT6905,84.1
3.08,95.0,72.5,79.27,10.0,9.06,17,1.19,5.0,Excellent,INT6906,100.0
0.38,43.4,60.6,66.89,0.0,3.18,8,2.51,1.0,Average,INT6907,65.44
0.35,17.1,2.2,69.65,0.0,0.81,7,5.38,1.0,Fair,INT6908,40.41
2.46,69.8,59.0,93.14,8.48,4.5,9,5.91,4.39,Good,INT6909,76.72
3.01,47.2,78.4,94.23,4.38,2.56,13,3.81,2.75,Average,INT6910,57.03
3.59,84.9,35.2,91.39,10.0,8.0,11,3.53,5.0,Excellent,INT6911,93.46
2.54,13.5,47.6,93.24,6.15,1.21,10,6.86,3.46,Average,INT6912,69.52
3.69,89.2,58.9,78.49,6.92,9.38,13,3.92,3.77,Excellent,INT6913,96.43
2.82,44.8,20.9,66.83,4.0,5.27,18,2.26,2.6,Average,INT6914,63.38
0.44,20.9,7.9,77.86,2.4,1.39,13,3.15,1.96,Average,INT6915,58.46
3.35,40.3,52.2,89.28,6.88,5.71,13,1.92,3.75,Good,INT6916,79.09
0.72,10.1,29.0,77.55,4.0,2.82,9,3.31,2.6,Average,INT6917,67.59
0.54,57.7,37.1,55.55,2.82,0.42,12,5.97,2.13,Fair,INT6918,41.53
2.66,63.3,68.8,90.48,7.5,7.31,12,4.5,4.0,Good,INT6919,82.11
3.39,91.4,57.2,88.03,10.0,9.43,16,3.84,5.0,Excellent,INT6920,91.65
2.61,51.5,28.7,91.02,1.62,8.17,16,6.44,1.65,Average,INT6921,66.08
1.13,69.9,37.2,8.72,0.0,6.05,8,1.04,1.0,Average,INT6922,65.64
2.5,38.6,94.7,30.3,2.35,3.52,15,2.3,1.94,Good,INT6923,79.75
3.63,75.2,51.6,64.79,9.28,6.77,21,3.98,4.71,Good,INT6924,74.0
1.56,18.2,26.7,46.33,1.75,3.53,12,4.72,1.7,Average,INT6925,61.84
3.81,97.6,45.8,7.12,4.25,9.27,18,1.04,2.7,Excellent,INT6926,92.05
1.03,19.3,55.9,69.27,2.0,4.34,11,3.3,1.8,Average,INT6927,60.09
0.74,37.0,44.9,59.11,6.68,1.79,13,5.18,3.67,Fair,INT6928,48.92
0.33,16.5,8.7,24.24,2.0,0.13,9,5.35,1.8,Fair,INT6929,42.1
2.94,61.0,44.2,61.99,7.45,3.35,15,4.78,3.98,Good,INT6930,73.4
1.67,66.7,29.4,92.74,5.72,6.92,14,3.0,3.29,Good,INT6931,81.14
2.64,86.4,53.0,51.15,5.15,5.41,10,1.83,3.06,Average,INT6932,69.03
1.51,55.1,66.9,78.29,2.0,3.6,18,3.81,1.8,Average,INT6933,59.88
1.39,33.7,33.0,51.8,2.4,4.44,4,1.46,1.96,Fair,INT6934,53.66
1.06,33.4,58.1,54.26,3.68,4.81,10,6.49,2.47,Poor,INT6935,38.53
2.23,85.7,28.9,85.25,4.68,2.89,15,3.7,2.87,Average,INT6936,69.29
1.64,30.4,5.2,66.83,1.98,5.45,11,2.59,1.79,Average,INT6937,67.1
2.07,4.4,85.4,90.7,0.1,5.96,6,5.11,1.04,Fair,INT6938,53.43
3.21,45.8,74.5,73.71,10.0,9.13,15,3.66,5.0,Good,INT6939,83.36
3.81,39.3,80.0,61.58,4.65,5.14,14,3.17,2.86,Good,INT6940,77.39
1.16,15.0,16.4,58.34,2.3,3.65,11,5.92,1.92,Average,INT6941,61.21
0.35,2.3,1.6,62.49,0.0,1.02,9,6.04,1.0,Poor,INT6942,38.81
0.32,16.2,21.7,56.73,0.0,1.68,7,5.15,1.0,Fair,INT6943,47.53
3.67,78.3,22.1,5.8,8.8,6.87,13,1.52,4.52,Good,INT6944,80.82
0.38,22.4,16.5,61.43,2.0,0.39,7,4.25,1.8,Fair,INT6945,44.36
0.97,10.6,46.6,57.78,3.2,0.94,8,5.55,2.28,Poor,INT6946,37.43
3.76,97.6,94.9,81.16,7.5,8.82,10,1.38,4.0,Excellent,INT6947,94.03
3.49,87.1,82.0,53.85,4.4,5.27,9,2.47,2.76,Good,INT6948,82.85
0.49,49.3,61.6,52.25,4.8,1.83,7,6.15,2.92,Poor,INT6949,32.92
1.93,80.7,71.9,0.89,5.5,8.1,16,1.05,3.2,Good,INT6950,70.84
2.99,70.3,26.8,50.01,9.07,6.88,13,5.44,4.63,Good,INT6951,73.21
3.43,84.2,54.1,84.85,2.82,1.37,12,3.92,2.13,Average,INT6952,59.31
3.33,79.4,95.6,51.47,10.0,7.23,9,3.75,5.0,Good,INT6953,76.93
2.96,94.3,81.3,6.94,7.5,9.08,14,1.0,4.0,Excellent,INT6954,92.96
2.89,66.6,88.3,37.12,4.78,5.43,8,5.44,2.91,Average,INT6955,68.88
1.91,62.8,84.7,90.55,2.2,4.82,6,3.28,1.88,Good,INT6956,77.94
1.52,27.8,19.8,75.09,5.62,0.94,8,4.62,3.25,Fair,INT6957,54.33
1.55,26.9,12.2,84.93,4.02,5.04,8,5.33,2.61,Fair,INT6958,49.9
2.58,30.7,60.0,72.64,10.0,5.96,11,5.7,5.0,Good,INT6959,73.83
3.35,10.2,79.8,66.83,6.62,3.3,14,6.38,3.65,Average,INT6960,68.87
0.88,23.8,10.4,98.52,1.07,1.22,14,3.91,1.43,Good,INT6961,78.57
3.72,88.7,85.9,78.28,9.65,8.89,13,3.44,4.86,Good,INT6962,82.93
2.09,53.4,4.3,56.55,6.9,1.36,12,6.46,3.76,Average,INT6963,55.07
1.8,75.8,48.5,70.3,6.12,6.75,12,4.38,3.45,Average,INT6964,69.63
3.27,84.6,49.1,37.2,7.78,8.95,20,2.69,4.11,Excellent,INT6965,86.8
3.07,65.6,86.0,60.7,8.85,9.68,11,1.55,4.54,Excellent,INT6966,85.66
2.97,62.7,46.8,96.67,0.35,6.51,12,5.82,1.14,Average,INT6967,67.47
0.49,16.7,66.9,94.05,2.0,7.97,19,3.62,1.8,Average,INT6968,67.63
3.5,31.2,64.5,59.96,10.0,8.03,12,4.7,5.0,Average,INT6969,69.72
1.17,23.3,40.7,67.61,8.73,4.22,16,3.45,4.49,Average,INT6970,64.93
3.21,83.1,17.1,53.56,2.45,3.02,14,1.82,1.98,Average,INT6971,69.55
3.45,95.7,82.6,60.43,7.5,5.93,17,4.92,4.0,Good,INT6972,76.0
3.75,83.9,79.4,79.58,6.48,7.9,12,1.57,3.59,Excellent,INT6973,90.3
3.59,79.6,91.0,84.99,8.88,8.25,13,3.11,4.55,Excellent,INT6974,91.54
1.95,23.3,71.1,0.0,0.0,1.63,12,4.0,1.0,Average,INT6975,59.91
1.4,48.2,62.8,85.32,1.5,7.52,10,3.87,1.6,Good,INT6976,83.35
1.52,49.2,51.9,85.33,6.45,6.97,6,5.26,3.58,Fair,INT6977,53.81
2.81,83.8,81.7,60.75,8.52,2.61,11,6.45,4.41,Good,INT6978,76.06
2.13,46.0,55.9,67.32,3.0,5.41,12,5.67,2.2,Fair,INT6979,40.01
2.45,91.5,34.9,1.66,6.05,9.46,6,1.0,3.42,Excellent,INT6980,97.6
3.88,97.0,70.7,51.09,2.9,4.37,22,2.52,2.16,Good,INT6981,79.01
2.44,26.1,8.7,64.41,3.05,2.49,9,4.04,2.22,Average,INT6982,62.42
1.18,89.8,45.1,19.3,7.05,1.86,13,6.4,3.82,Average,INT6983,61.72
3.22,10.0,83.7,82.56,8.0,6.89,15,5.84,4.2,Good,INT6984,74.4
0.17,5.0,27.6,55.04,0.0,0.7,9,6.33,1.0,Fair,INT6985,43.17
1.59,41.4,23.9,92.29,0.0,2.69,7,2.49,1.0,Average,INT6986,56.44
0.6,50.5,52.0,82.33,0.0,4.73,8,3.46,1.0,Average,INT6987,68.19
2.97,32.4,47.2,51.44,0.0,7.33,10,3.35,1.0,Fair,INT6988,53.82
2.05,71.0,81.9,85.74,6.4,7.91,10,2.27,3.56,Excellent,INT6989,93.92
2.37,97.6,48.3,66.83,9.18,7.4,12,1.03,4.67,Excellent,INT6990,100.0
0.24,7.3,41.3,66.83,0.0,0.93,2,6.43,1.0,Fair,INT6991,41.53
3.06,26.4,21.4,51.53,4.22,6.57,12,2.52,2.69,Average,INT6992,65.14
3.54,94.1,63.9,92.9,9.48,4.39,13,2.64,4.79,Excellent,INT6993,86.37
1.84,64.7,69.7,86.62,0.42,4.35,10,1.81,1.17,Average,INT6994,63.84
1.69,49.4,19.5,68.92,4.68,1.13,5,6.42,2.87,Fair,INT6995,45.57
1.35,41.9,40.6,66.43,5.18,1.51,13,4.79,3.07,Fair,INT6996,51.68
1.62,11.2,37.9,73.99,0.35,0.67,20,4.96,1.14,Average,INT6997,59.64
2.68,35.0,36.3,71.83,4.1,2.28,6,6.07,2.64,Average,INT6998,65.06
2.77,36.1,72.6,62.6,4.53,8.83,11,3.42,2.81,Good,INT6999,81.52
0.3,19.8,22.4,66.83,0.88,0.26,2,4.78,1.35,Poor,INT7000,39.31
3.38,85.9,75.5,2.5,10.0,8.46,11,1.33,5.0,Excellent,INT7001,96.45
2.65,74.6,27.2,21.73,6.28,3.44,14,2.56,3.51,Good,INT7002,74.61
2.61,59.5,21.8,65.22,8.4,3.58,8,6.05,4.36,Good,INT7003,80.51
2.01,48.4,59.0,4.27,2.0,3.85,11,5.11,1.8,Average,INT7004,57.04
2.96,55.2,89.6,49.04,10.0,9.18,9,3.47,5.0,Excellent,INT7005,90.44
2.96,86.0,75.7,56.61,7.5,9.13,9,3.04,4.0,Good,INT7006,75.37
1.73,53.0,46.5,95.11,1.88,4.32,7,4.2,1.75,Good,INT7007,71.55
2.46,35.3,30.3,0.0,1.3,5.31,14,1.0,1.52,Good,INT7008,82.75
3.89,91.9,27.4,96.21,4.32,9.08,14,2.25,2.73,Excellent,INT7009,99.09
3.32,90.3,67.9,84.16,9.15,9.74,17,2.44,4.66,Excellent,INT7010,86.39
2.55,69.8,19.7,29.11,10.0,6.14,13,2.43,5.0,Excellent,INT7011,90.34
1.99,22.1,45.2,5.9,9.98,6.67,9,5.97,4.99,Average,INT7012,65.76
3.11,62.0,84.8,9.57,5.6,4.31,15,3.0,3.24,Good,INT7013,75.6
1.99,47.8,22.2,80.36,4.68,1.87,14,1.99,2.87,Average,INT7014,61.06
2.5,27.9,32.7,96.32,0.0,8.39,12,4.1,1.0,Average,INT7015,64.84
0.73,24.1,22.6,35.27,7.2,4.66,9,6.47,3.88,Good,INT7016,70.75
0.99,82.5,72.6,85.15,0.7,7.77,10,2.67,1.28,Good,INT7017,72.17
3.48,82.0,64.3,98.05,4.93,7.75,11,1.51,2.97,Good,INT7018,74.61
2.52,90.7,26.7,57.62,6.57,3.17,16,3.02,3.63,Good,INT7019,75.84
2.5,75.9,80.8,54.52,9.35,5.1,12,5.4,4.74,Good,INT7020,74.36
2.07,15.2,92.5,3.26,4.85,2.41,10,4.23,2.94,Average,INT7021,59.18
3.29,86.5,75.9,7.65,6.98,5.38,18,5.75,3.79,Average,INT7022,55.87
1.52,36.7,17.3,35.7,4.2,2.25,5,6.96,2.68,Fair,INT7023,48.07
1.19,2.7,17.5,66.7,2.22,1.02,6,5.39,1.89,Poor,INT7024,38.15
1.48,31.3,41.5,51.36,10.0,9.07,4,5.09,5.0,Good,INT7025,71.21
1.93,51.6,47.8,98.57,0.0,6.29,10,4.24,1.0,Average,INT7026,64.93
2.77,97.2,97.0,3.5,10.0,9.42,11,1.04,5.0,Excellent,INT7027,98.86
1.75,4.2,60.6,19.45,10.0,6.45,9,6.45,5.0,Average,INT7028,55.02
3.68,76.9,47.6,99.98,6.12,6.1,13,3.51,3.45,Excellent,INT7029,89.87
3.2,74.5,66.0,80.25,0.0,4.43,9,2.14,1.0,Average,INT7030,68.38
2.32,4.3,72.8,61.12,7.18,5.06,11,5.46,3.87,Average,INT7031,65.19
2.57,80.3,55.2,53.33,0.0,3.06,17,2.46,1.0,Average,INT7032,65.05
1.08,60.5,34.8,69.47,0.9,3.37,7,4.09,1.36,Average,INT7033,60.54
1.91,43.7,78.6,83.48,5.98,9.34,13,4.94,3.39,Good,INT7034,79.9
1.43,17.5,60.8,55.32,0.0,8.07,14,3.43,1.0,Average,INT7035,65.23
0.91,23.6,54.8,45.15,10.0,6.43,13,6.24,5.0,Good,INT7036,72.3
3.12,4.9,50.6,72.13,2.0,7.11,14,2.15,1.8,Average,INT7037,59.28
0.27,16.0,31.6,66.83,0.0,3.02,12,3.95,1.0,Fair,INT7038,53.84
3.03,80.4,68.3,65.01,9.28,6.82,14,3.86,4.71,Good,INT7039,77.59
0.59,22.6,22.4,98.36,3.38,8.36,7,5.18,2.35,Good,INT7040,77.4
1.74,62.0,10.5,40.01,0.1,1.93,7,5.73,1.04,Average,INT7041,59.52
2.85,71.7,80.2,60.67,4.73,8.58,15,3.83,2.89,Good,INT7042,71.63
0.33,16.1,16.8,76.81,4.15,0.82,4,4.42,2.66,Average,INT7043,55.18
3.56,90.6,94.8,83.55,2.18,9.02,10,1.69,1.87,Excellent,INT7044,93.05
0.34,19.6,5.5,86.25,0.0,1.65,8,6.17,1.0,Poor,INT7045,38.31
2.17,86.9,65.9,63.92,0.73,9.33,8,3.68,1.29,Good,INT7046,75.91
1.27,27.0,39.2,51.84,9.7,6.99,16,5.47,4.88,Fair,INT7047,54.6
3.93,94.2,96.2,8.59,6.65,9.14,17,1.15,3.66,Excellent,INT7048,93.0
3.25,87.7,88.1,88.7,0.25,7.78,13,1.86,1.1,Good,INT7049,83.76
2.16,53.2,25.4,95.24,0.0,6.2,15,3.91,1.0,Average,INT7050,55.83
1.09,76.2,52.4,48.19,9.72,7.01,13,6.17,4.89,Average,INT7051,56.11
0.87,22.2,21.5,52.62,2.0,0.92,8,3.98,1.8,Fair,INT7052,46.44
0.81,16.2,1.8,29.88,4.68,2.06,8,6.85,2.87,Fair,INT7053,45.3
3.39,22.0,81.1,53.71,4.3,1.76,6,3.46,2.72,Fair,INT7054,45.45
2.74,84.1,60.7,87.43,9.12,6.74,19,4.09,4.65,Good,INT7055,75.28
0.75,12.9,41.9,53.18,0.0,0.53,5,3.92,1.0,Average,INT7056,56.71
1.86,46.4,44.2,59.29,8.7,2.22,8,6.23,4.48,Average,INT7057,56.36
0.99,94.8,55.9,70.85,4.32,4.83,13,2.73,2.73,Excellent,INT7058,91.12
2.17,93.2,53.0,52.4,4.7,5.62,9,3.92,2.88,Average,INT7059,68.62
1.63,6.8,14.4,70.32,0.0,1.55,7,6.56,1.0,Poor,INT7060,32.93
1.53,9.2,34.6,73.17,2.0,1.5,12,6.3,1.8,Fair,INT7061,45.74
3.46,90.2,70.4,85.66,6.22,3.75,18,3.74,3.49,Good,INT7062,78.41
2.66,79.9,56.7,68.46,6.45,7.86,12,5.2,3.58,Good,INT7063,76.84
0.07,21.2,18.0,77.39,4.32,1.91,11,6.02,2.73,Fair,INT7064,43.43
3.32,92.1,76.6,65.17,7.62,9.83,13,1.36,4.05,Excellent,INT7065,91.5
2.62,36.7,86.4,67.68,7.62,7.67,10,4.22,4.05,Average,INT7066,68.38
3.4,72.5,45.0,1.27,4.95,5.89,15,1.28,2.98,Good,INT7067,81.71
1.88,64.0,27.0,74.52,9.07,3.16,13,3.71,4.63,Good,INT7068,82.68
2.77,67.4,64.3,86.15,4.98,8.72,16,2.04,2.99,Excellent,INT7069,86.26
3.71,87.9,98.2,78.03,6.0,6.6,12,1.81,3.4,Excellent,INT7070,88.23
1.68,53.3,72.2,0.0,1.05,4.49,14,2.81,1.42,Average,INT7071,67.94
3.07,44.4,45.2,35.98,9.55,2.93,8,3.64,4.82,Good,INT7072,73.11
1.99,81.0,68.0,74.55,1.15,1.86,8,5.1,1.46,Average,INT7073,68.02
2.45,78.7,77.0,83.5,0.73,8.78,8,1.64,1.29,Good,INT7074,78.28
1.72,68.9,67.2,29.05,9.7,6.53,11,4.34,4.88,Average,INT7075,65.88
0.56,32.2,40.0,69.3,0.0,1.27,5,1.87,1.0,Average,INT7076,65.35
2.62,6.1,31.3,81.24,0.0,1.92,8,4.83,1.0,Fair,INT7077,48.98
1.82,17.3,31.5,51.44,1.25,6.56,12,4.7,1.5,Fair,INT7078,54.1
2.99,20.2,17.2,43.24,10.0,3.76,10,4.69,5.0,Good,INT7079,77.04
2.11,70.4,90.5,79.94,4.15,7.71,11,5.4,2.66,Good,INT7080,76.51
1.98,81.5,63.4,98.37,8.57,8.84,17,2.78,4.43,Good,INT7081,76.05
3.32,66.4,29.4,93.85,3.92,8.79,15,5.35,2.57,Average,INT7082,68.1
1.7,54.1,18.7,64.04,0.0,1.34,9,3.67,1.0,Fair,INT7083,53.45
3.51,54.7,73.2,37.06,10.0,5.71,13,3.49,5.0,Excellent,INT7084,86.73
1.6,29.6,28.0,30.94,5.18,2.37,15,5.32,3.07,Average,INT7085,60.19
2.0,83.4,87.4,5.66,2.8,8.73,16,1.0,2.12,Excellent,INT7086,86.65
2.89,60.5,77.2,88.74,5.45,8.96,13,4.76,3.18,Good,INT7087,75.54
1.08,3.9,2.1,56.17,6.57,2.47,6,4.44,3.63,Fair,INT7088,44.1
1.74,81.9,43.0,24.87,4.8,4.15,14,2.36,2.92,Average,INT7089,66.22
3.34,97.5,80.3,97.2,9.1,9.64,8,1.7,4.64,Excellent,INT7090,100.0
2.28,41.7,29.5,91.19,0.0,2.26,9,3.92,1.0,Average,INT7091,64.21
0.69,8.2,74.4,89.09,8.83,1.5,11,6.85,4.53,Average,INT7092,66.89
3.85,84.1,61.3,93.23,4.62,7.64,11,4.68,2.85,Good,INT7093,84.35
2.04,61.5,86.2,87.48,7.0,3.89,9,2.19,3.8,Good,INT7094,73.89
2.79,69.0,69.1,56.03,3.63,5.91,17,2.97,2.45,Good,INT7095,81.55
3.47,95.4,96.2,75.83,10.0,9.48,9,4.96,5.0,Good,INT7096,83.89
1.03,31.9,28.5,36.47,6.98,2.39,12,5.62,3.79,Average,INT7097,68.0
2.76,87.2,34.5,1.42,4.32,1.45,7,1.5,2.73,Average,INT7098,65.28
3.19,78.5,60.8,91.7,2.85,7.5,8,3.92,2.14,Good,INT7099,76.91
1.27,21.2,49.8,73.21,0.0,0.73,16,3.92,1.0,Fair,INT7100,40.84
3.62,94.3,86.7,7.05,10.0,7.25,15,1.0,5.0,Excellent,INT7101,87.11
1.91,86.0,62.0,63.75,10.0,7.29,5,2.31,5.0,Good,INT7102,82.25
1.67,64.6,60.6,61.43,1.33,2.64,12,6.28,1.53,Average,INT7103,58.97
2.22,61.5,38.3,94.37,3.02,5.23,18,4.68,2.21,Average,INT7104,68.25
2.32,17.3,39.0,82.37,2.77,2.96,8,2.67,2.11,Average,INT7105,55.47
3.6,51.1,58.9,78.02,5.02,7.07,6,1.63,3.01,Excellent,INT7106,86.56
3.54,37.7,96.6,0.0,2.28,8.19,17,1.66,1.91,Excellent,INT7107,94.01
3.0,87.4,88.6,82.51,4.68,3.59,10,2.23,2.87,Excellent,INT7108,91.92
3.56,56.5,79.3,87.74,6.8,6.17,10,6.11,3.72,Good,INT7109,73.22
3.2,69.5,23.1,77.72,7.5,9.41,18,3.34,4.0,Good,INT7110,81.08
2.29,80.2,75.2,0.0,10.0,7.31,9,5.55,5.0,Good,INT7111,80.88
3.32,51.6,49.1,98.84,10.0,4.51,9,6.94,5.0,Average,INT7112,62.99
2.5,94.2,31.3,99.77,6.28,7.95,13,3.92,3.51,Good,INT7113,72.39
3.58,83.8,89.1,83.47,8.52,9.45,21,2.6,4.41,Excellent,INT7114,100.0
1.63,24.5,14.1,72.64,6.0,2.7,9,4.48,3.4,Good,INT7115,76.8
0.22,6.0,33.8,70.22,3.48,4.42,6,6.94,2.39,Fair,INT7116,46.05
1.19,42.2,65.6,92.98,4.82,2.95,8,5.71,2.93,Fair,INT7117,50.61
1.21,73.5,11.0,95.46,0.4,3.9,6,1.84,1.16,Good,INT7118,74.47
1.17,28.3,41.7,74.22,7.43,7.78,4,5.42,3.97,Average,INT7119,65.44
0.47,9.0,21.3,91.54,2.25,0.35,8,4.1,1.9,Average,INT7120,59.55
0.51,56.7,3.5,70.33,0.0,0.8,6,5.99,1.0,Fair,INT7121,44.05
2.0,31.7,83.5,57.95,2.77,7.9,10,1.44,2.11,Good,INT7122,76.94
0.65,33.6,30.3,66.7,1.2,2.65,8,4.48,1.48,Fair,INT7123,54.62
2.39,47.9,93.5,58.92,7.5,8.94,9,6.41,4.0,Good,INT7124,72.52
1.78,53.8,58.1,61.64,0.0,0.76,8,3.18,1.0,Average,INT7125,64.53
3.7,80.8,34.4,73.91,5.25,7.71,26,4.13,3.1,Average,INT7126,69.31
1.86,61.6,63.7,78.27,3.48,2.23,10,1.06,2.39,Good,INT7127,70.75
2.33,38.0,77.5,80.19,2.75,5.56,13,2.99,2.1,Good,INT7128,70.95
2.99,85.8,46.2,96.79,6.1,5.83,9,3.24,3.44,Good,INT7129,79.74
2.06,59.8,73.8,83.07,7.5,7.22,14,7.0,4.0,Good,INT7130,73.51
3.36,99.3,19.2,89.31,7.2,7.4,18,2.35,3.88,Excellent,INT7131,87.09
1.48,9.9,76.3,79.09,4.22,6.25,12,3.92,2.69,Average,INT7132,59.07
2.46,18.9,75.4,91.68,3.65,3.63,11,4.87,2.46,Good,INT7133,73.27
0.86,57.4,3.1,4.92,0.0,3.15,3,1.89,1.0,Average,INT7134,60.44
2.14,62.3,71.1,39.38,7.5,6.74,26,3.92,4.0,Good,INT7135,78.58
3.79,96.8,54.3,96.32,7.02,9.87,19,5.56,3.81,Excellent,INT7136,88.52
0.28,13.6,20.6,84.67,5.12,5.2,8,6.69,3.05,Average,INT7137,62.26
3.31,56.2,71.5,83.58,6.5,5.98,13,4.86,3.6,Good,INT7138,74.98
3.94,92.8,85.0,66.83,4.68,9.39,12,5.44,2.87,Good,INT7139,74.61
3.46,73.3,94.2,68.83,4.7,9.33,11,1.52,2.88,Excellent,INT7140,88.2
1.27,26.7,26.0,77.78,4.5,2.96,8,6.57,2.8,Average,INT7141,59.44
3.84,66.2,85.7,56.03,10.0,7.32,16,1.8,5.0,Excellent,INT7142,92.25
0.44,39.4,61.4,72.74,0.97,4.51,8,5.47,1.39,Average,INT7143,62.17
3.69,94.9,72.3,72.77,5.88,8.1,16,3.07,3.35,Good,INT7144,83.35
1.61,22.3,49.1,76.92,10.0,4.1,9,6.83,5.0,Average,INT7145,69.27
3.63,25.0,57.3,81.73,1.7,3.57,10,3.92,1.68,Good,INT7146,74.15
3.08,92.0,74.1,97.87,10.0,8.62,15,5.77,5.0,Good,INT7147,74.59
3.24,32.4,85.8,82.61,0.0,7.49,7,2.28,1.0,Good,INT7148,72.3
2.76,84.7,51.2,94.19,7.72,4.78,25,3.18,4.09,Good,INT7149,73.61
2.95,31.0,15.7,77.82,0.0,1.23,8,4.75,1.0,Fair,INT7150,51.54
0.88,24.0,13.8,81.35,4.55,7.61,13,5.75,2.82,Average,INT7151,60.04
3.29,87.1,12.4,32.65,8.55,7.87,17,2.1,4.42,Average,INT7152,69.91
3.24,84.9,91.3,56.66,10.0,7.08,15,6.31,5.0,Good,INT7153,70.78
2.03,49.4,22.0,42.12,1.1,5.75,11,6.35,1.44,Average,INT7154,62.2
3.64,44.3,81.3,66.83,9.88,8.11,15,2.22,4.95,Good,INT7155,83.35
1.15,60.5,81.1,0.0,7.35,3.88,6,5.59,3.94,Average,INT7156,57.04
1.0,51.3,70.1,48.37,5.82,7.58,16,4.22,3.33,Good,INT7157,83.23
3.31,58.1,74.2,66.83,1.15,8.19,7,3.5,1.46,Good,INT7158,74.21
2.76,75.7,36.7,98.62,6.48,4.3,15,3.14,3.59,Good,INT7159,83.93
0.99,48.3,44.3,57.38,2.45,0.48,8,4.5,1.98,Fair,INT7160,47.51
1.58,28.3,32.3,69.74,9.48,1.3,9,5.1,4.79,Average,INT7161,58.24
3.47,33.5,38.7,83.25,8.35,8.3,9,3.46,4.34,Good,INT7162,77.29
2.45,77.4,20.8,30.74,5.4,4.16,10,4.28,3.16,Average,INT7163,67.32
0.65,77.6,91.1,63.35,10.0,4.02,16,5.56,5.0,Good,INT7164,73.12
3.09,79.8,47.7,90.69,7.5,5.96,11,4.78,4.0,Good,INT7165,76.93
3.68,98.2,76.2,99.02,7.2,8.67,15,1.0,3.88,Excellent,INT7166,100.0
3.41,91.4,52.5,88.69,8.67,3.11,12,6.27,4.47,Good,INT7167,72.47
3.51,60.4,77.4,76.18,9.23,9.29,12,4.22,4.69,Excellent,INT7168,86.49
3.28,37.8,72.5,66.83,7.5,6.77,9,2.93,4.0,Excellent,INT7169,91.7
2.36,80.2,72.9,76.98,4.7,8.63,20,2.2,2.88,Average,INT7170,62.66
0.81,31.8,45.2,9.67,3.77,1.24,11,3.6,2.51,Average,INT7171,61.27
0.52,17.7,37.3,75.14,1.88,2.97,15,6.45,1.75,Fair,INT7172,47.68
0.14,6.5,15.5,9.8,0.0,0.48,10,3.59,1.0,Fair,INT7173,46.91
0.65,39.5,79.8,95.19,3.87,8.08,8,5.36,2.55,Average,INT7174,56.21
1.5,75.7,53.1,87.73,0.0,2.7,15,1.51,1.0,Average,INT7175,67.25
2.15,76.1,93.5,84.05,6.7,9.57,13,3.48,3.68,Good,INT7176,77.23
1.67,14.3,26.5,97.5,3.75,3.96,8,6.6,2.5,Average,INT7177,58.33
1.17,49.1,6.4,64.22,5.12,1.93,14,5.69,3.05,Fair,INT7178,49.74
3.26,83.7,35.6,54.06,7.12,8.77,17,3.92,3.85,Good,INT7179,84.03
2.79,90.8,80.0,91.31,7.82,5.57,20,3.71,4.13,Good,INT7180,84.94
3.07,44.0,95.0,99.92,10.0,9.34,13,2.13,5.0,Excellent,INT7181,97.49
2.61,70.8,37.3,78.92,5.93,8.44,15,3.4,3.37,Good,INT7182,77.82
0.53,14.9,13.1,52.94,4.12,2.66,4,5.23,2.65,Average,INT7183,55.57
0.97,27.8,38.6,89.02,5.05,3.23,11,5.63,3.02,Fair,INT7184,50.9
0.42,55.9,34.6,29.55,1.72,7.73,8,2.8,1.69,Average,INT7185,55.56
1.16,26.5,13.0,40.81,6.12,3.23,13,6.05,3.45,Fair,INT7186,42.11
0.8,31.5,10.7,63.88,3.6,1.71,10,4.69,2.44,Average,INT7187,60.42
3.75,89.8,90.8,95.75,9.42,9.49,13,3.62,4.77,Excellent,INT7188,95.26
0.78,2.7,25.1,72.57,0.0,0.72,6,3.82,1.0,Fair,INT7189,44.11
1.41,15.1,45.1,72.62,1.48,1.75,10,4.26,1.59,Average,INT7190,59.71
0.94,35.3,17.9,64.95,2.0,2.29,8,3.9,1.8,Fair,INT7191,45.65
0.41,31.2,19.5,69.37,2.18,2.15,14,4.06,1.87,Good,INT7192,71.62
2.07,83.4,68.3,97.36,5.52,6.26,17,3.92,3.21,Average,INT7193,67.24
2.57,61.3,48.3,22.58,6.57,5.76,7,1.79,3.63,Average,INT7194,69.58
0.63,25.7,3.9,78.93,5.48,4.92,10,6.21,3.19,Fair,INT7195,43.65
3.31,55.9,39.7,69.43,3.55,6.33,7,4.49,2.42,Average,INT7196,56.86
2.96,29.3,50.0,88.71,0.0,1.28,11,1.57,1.0,Average,INT7197,65.37
1.48,29.4,32.3,0.0,9.33,1.15,5,5.85,4.73,Average,INT7198,58.22
0.18,12.8,1.1,41.0,0.0,3.03,7,6.33,1.0,Poor,INT7199,36.65
1.72,16.9,44.4,84.95,7.4,4.74,10,6.86,3.96,Average,INT7200,69.55
2.15,85.5,42.5,70.35,5.18,2.71,19,2.83,3.07,Average,INT7201,69.39
2.65,60.9,81.2,52.93,9.25,4.85,6,2.0,4.7,Good,INT7202,76.53
1.96,58.9,96.3,0.0,1.67,7.76,11,3.85,1.67,Good,INT7203,70.53
1.58,57.1,61.6,75.16,1.33,6.17,9,1.75,1.53,Good,INT7204,72.76
0.25,5.6,2.1,50.57,0.0,1.06,3,6.27,1.0,Poor,INT7205,29.57
3.61,33.4,59.5,80.63,7.25,6.44,8,2.33,3.9,Good,INT7206,83.47
3.75,86.5,82.4,95.99,2.65,6.46,16,2.08,2.06,Good,INT7207,83.87
1.98,69.8,74.1,55.55,0.0,1.76,13,3.92,1.0,Average,INT7208,65.73
3.38,20.8,88.1,41.11,10.0,4.68,16,2.98,5.0,Good,INT7209,83.78
2.58,26.1,85.4,86.43,5.82,5.94,14,5.31,3.33,Good,INT7210,71.44
2.45,79.4,73.1,53.54,7.0,3.25,10,3.99,3.8,Good,INT7211,76.94
0.88,41.1,27.6,51.13,0.0,4.78,11,3.92,1.0,Average,INT7212,60.13
2.52,72.0,90.1,73.21,10.0,4.12,20,2.88,5.0,Good,INT7213,76.23
1.64,17.6,23.9,89.56,2.0,0.75,8,3.92,1.8,Average,INT7214,57.86
2.47,73.8,58.6,58.04,6.45,5.8,17,1.39,3.58,Good,INT7215,79.91
0.69,11.5,26.5,91.83,4.68,4.81,13,4.29,2.87,Average,INT7216,66.34
0.22,10.9,1.6,82.83,4.68,3.84,7,4.45,2.87,Fair,INT7217,49.86
2.47,24.6,82.7,40.91,10.0,1.93,15,5.77,5.0,Good,INT7218,73.42
1.46,26.5,49.3,66.83,3.65,6.38,6,6.79,2.46,Average,INT7219,55.45
0.69,10.0,2.5,98.28,5.55,2.72,19,6.34,3.22,Average,INT7220,56.7
0.12,18.1,28.1,40.8,0.0,0.53,7,6.33,1.0,Poor,INT7221,28.48
3.38,72.1,53.3,74.98,9.38,7.68,11,2.12,4.75,Good,INT7222,76.17
3.88,85.5,96.1,81.22,10.0,9.76,13,3.92,5.0,Excellent,INT7223,99.0
0.84,82.0,61.5,31.87,0.97,2.23,10,3.02,1.39,Good,INT7224,75.69
2.51,17.1,11.4,52.18,10.0,2.59,12,5.9,5.0,Average,INT7225,64.36
0.31,10.8,13.7,14.3,0.88,0.68,7,7.0,1.35,Poor,INT7226,35.48
0.79,11.4,9.3,66.23,3.18,3.09,5,6.6,2.27,Average,INT7227,55.67
3.77,91.3,52.6,1.77,7.48,9.56,10,2.05,3.99,Excellent,INT7228,88.15
2.38,41.2,51.4,90.19,7.25,2.84,6,7.0,3.9,Average,INT7229,59.78
3.05,82.4,65.6,74.11,4.9,4.87,18,3.06,2.96,Average,INT7230,64.48
2.89,68.0,90.5,4.35,7.82,7.53,12,1.54,4.13,Good,INT7231,80.55
1.71,10.9,58.5,5.57,1.12,6.52,5,3.52,1.45,Good,INT7232,72.83
0.75,47.3,31.7,4.88,6.78,1.36,12,1.65,3.71,Good,INT7233,81.21
2.92,85.2,70.5,56.7,7.1,6.69,8,3.95,3.84,Good,INT7234,75.8
3.71,71.1,54.6,66.15,9.7,9.01,6,2.98,4.88,Good,INT7235,83.5
2.22,25.8,60.7,40.25,6.12,8.74,11,3.38,3.45,Good,INT7236,72.02
1.82,62.3,65.1,96.99,0.0,2.49,8,4.22,1.0,Average,INT7237,55.96
0.74,40.8,28.0,69.79,6.05,4.28,5,6.65,3.42,Fair,INT7238,53.88
3.12,71.0,71.6,42.16,9.75,9.59,9,5.28,4.9,Good,INT7239,78.49
3.44,62.6,29.8,62.28,9.02,9.64,14,3.63,4.61,Good,INT7240,81.57
0.81,9.3,43.6,7.92,2.0,2.78,8,5.95,1.8,Poor,INT7241,37.76
0.81,37.1,20.5,66.83,4.85,4.83,10,6.68,2.94,Average,INT7242,58.99
3.76,59.6,72.7,54.09,0.62,3.4,7,1.56,1.25,Average,INT7243,69.65
0.23,7.4,33.5,98.21,4.25,0.77,8,4.45,2.7,Average,INT7244,64.97
1.82,35.0,65.8,56.54,4.68,5.94,19,2.7,2.87,Average,INT7245,67.08
2.54,65.2,72.4,9.27,1.05,3.37,7,1.42,1.42,Good,INT7246,84.92
0.47,43.7,12.7,99.97,0.0,1.74,10,5.47,1.0,Fair,INT7247,51.78
2.04,69.2,21.5,56.92,9.8,7.94,8,6.15,4.92,Average,INT7248,63.31
3.83,88.3,79.1,71.2,3.2,9.46,26,1.9,2.28,Excellent,INT7249,93.45
2.62,70.5,74.8,89.02,10.0,8.17,15,6.28,5.0,Good,INT7250,83.62
0.18,18.7,4.2,51.61,2.0,0.74,5,6.52,1.8,Poor,INT7251,37.49
1.38,37.0,50.6,84.49,5.45,3.17,10,6.98,3.18,Average,INT7252,65.97
0.66,54.4,74.8,66.83,6.28,8.28,10,2.64,3.51,Average,INT7253,66.28
1.16,53.6,15.6,61.83,2.85,4.75,10,3.92,2.14,Fair,INT7254,48.35
2.71,48.9,26.0,58.0,5.15,7.85,8,2.66,3.06,Good,INT7255,73.81
3.36,94.2,64.1,66.3,5.32,7.64,9,3.84,3.13,Excellent,INT7256,87.55
1.77,76.9,15.4,0.0,2.22,3.24,12,1.53,1.89,Fair,INT7257,52.78
3.16,83.4,93.7,0.0,10.0,9.2,6,1.0,5.0,Excellent,INT7258,93.94
3.63,66.4,75.1,79.38,5.6,6.94,10,5.43,3.24,Good,INT7259,74.3
2.92,57.6,32.3,67.31,7.0,5.37,12,4.09,3.8,Good,INT7260,76.75
3.68,69.4,58.5,41.07,7.1,8.43,19,2.99,3.84,Good,INT7261,83.39
3.04,48.7,34.7,35.08,7.9,7.21,16,1.64,4.16,Good,INT7262,70.06
3.64,82.2,88.2,87.41,10.0,9.28,10,4.84,5.0,Good,INT7263,74.41
2.22,38.1,92.4,4.88,7.88,3.14,13,1.34,4.15,Good,INT7264,79.15
2.22,50.7,21.2,68.21,10.0,6.07,9,5.88,5.0,Average,INT7265,69.17
2.7,34.4,70.3,58.58,1.27,8.61,10,1.79,1.51,Average,INT7266,59.79
2.7,19.9,42.6,0.38,0.42,7.04,18,2.5,1.17,Good,INT7267,71.46
2.47,79.1,88.1,88.93,0.52,6.17,13,3.92,1.21,Good,INT7268,73.35
1.19,46.2,12.5,65.62,0.0,7.05,9,3.77,1.0,Fair,INT7269,54.81
1.66,76.0,52.9,51.29,8.25,4.52,6,3.09,4.3,Average,INT7270,62.02
1.42,44.3,39.3,60.72,2.42,8.15,5,3.07,1.97,Average,INT7271,63.75
3.46,46.8,72.6,84.12,7.5,7.5,10,6.65,4.0,Average,INT7272,66.91
2.4,24.0,46.1,99.45,9.23,2.47,16,5.12,4.69,Good,INT7273,75.12
1.9,64.0,62.4,5.78,5.62,6.85,7,1.54,3.25,Good,INT7274,72.46
0.33,21.4,20.9,65.31,0.0,2.83,9,3.36,1.0,Average,INT7275,55.07
0.25,25.1,51.7,53.1,3.58,2.03,12,6.71,2.43,Fair,INT7276,44.46
3.11,84.1,77.7,65.82,4.68,8.72,16,2.93,2.87,Good,INT7277,75.66
2.79,95.2,85.3,70.3,10.0,8.11,7,1.95,5.0,Good,INT7278,83.3
1.44,27.3,35.4,96.04,0.0,2.66,6,5.15,1.0,Fair,INT7279,51.66
0.63,15.1,57.8,54.03,4.22,1.89,9,4.39,2.69,Fair,INT7280,47.88
3.29,17.4,17.5,88.86,7.8,2.81,9,4.24,4.12,Average,INT7281,67.64
1.67,73.1,76.8,69.78,3.1,5.52,14,1.12,2.24,Good,INT7282,78.25
2.1,55.7,81.6,90.56,0.0,7.93,10,1.51,1.0,Good,INT7283,77.23
3.55,74.9,29.8,75.67,7.43,5.62,8,5.11,3.97,Good,INT7284,75.08
2.06,46.7,23.9,51.96,2.75,5.19,7,2.17,2.1,Average,INT7285,64.05
2.87,87.2,96.8,97.31,4.53,5.1,13,4.48,2.81,Good,INT7286,78.87
2.2,26.9,36.6,54.14,10.0,1.34,14,4.35,5.0,Average,INT7287,68.8
3.01,83.2,55.2,79.88,2.0,9.34,17,2.34,1.8,Average,INT7288,66.43
2.09,57.3,61.6,93.88,4.68,3.0,18,6.74,2.87,Good,INT7289,71.98
0.49,20.7,22.2,53.99,7.48,5.91,8,6.54,3.99,Fair,INT7290,48.7
0.5,52.6,59.7,77.69,6.48,7.05,5,5.4,3.59,Average,INT7291,58.33
2.55,84.2,64.3,91.21,10.0,6.04,9,1.0,5.0,Excellent,INT7292,92.54
3.48,39.6,66.1,99.32,0.0,5.29,14,2.07,1.0,Good,INT7293,73.07
3.86,85.9,78.3,47.07,10.0,7.72,15,3.69,5.0,Excellent,INT7294,87.67
2.22,86.6,92.6,63.92,7.6,6.84,11,2.15,4.04,Good,INT7295,80.63
0.97,67.0,45.5,53.89,1.1,2.64,8,6.89,1.44,Average,INT7296,61.87
3.63,87.3,80.4,85.29,7.5,8.41,17,1.78,4.0,Excellent,INT7297,97.48
3.01,70.9,84.9,85.0,10.0,6.5,10,3.7,5.0,Good,INT7298,79.64
3.35,61.4,34.8,63.44,10.0,8.91,7,3.61,5.0,Good,INT7299,82.66
0.36,36.7,86.2,54.37,7.02,3.9,9,5.25,3.81,Average,INT7300,66.75
3.84,23.0,31.2,55.42,0.0,3.44,2,1.78,1.0,Good,INT7301,71.59
2.91,55.5,78.3,82.03,4.98,3.6,12,3.34,2.99,Good,INT7302,71.87
1.3,54.4,75.9,97.69,2.62,4.66,10,2.25,2.05,Average,INT7303,64.37
0.22,11.1,8.4,73.29,4.9,0.22,8,5.99,2.96,Poor,INT7304,38.18
3.84,77.2,80.5,6.89,5.8,9.64,20,1.26,3.32,Excellent,INT7305,100.0
0.58,12.4,12.6,96.9,2.0,1.19,10,6.29,1.8,Fair,INT7306,40.54
1.01,57.0,43.3,95.15,2.0,3.49,9,5.54,1.8,Fair,INT7307,49.3
2.96,81.3,35.8,95.49,7.45,6.88,12,2.75,3.98,Excellent,INT7308,90.24
0.48,14.7,15.8,94.92,4.0,0.84,8,5.99,2.6,Fair,INT7309,47.14
2.98,93.7,55.9,1.07,2.32,3.92,15,1.58,1.93,Good,INT7310,79.71
1.9,88.2,13.2,4.34,9.85,2.0,8,6.89,4.94,Average,INT7311,63.91
2.91,53.2,35.4,66.83,5.45,2.9,11,4.38,3.18,Average,INT7312,64.69
2.88,59.3,66.9,24.97,7.28,7.26,14,2.68,3.91,Good,INT7313,77.13
3.24,70.5,57.0,66.83,0.05,5.04,15,3.18,1.02,Average,INT7314,69.15
0.87,31.8,33.0,51.18,4.6,2.0,8,1.63,2.84,Good,INT7315,73.72
0.57,46.6,31.0,55.84,6.75,1.68,8,7.0,3.7,Fair,INT7316,52.99
2.89,72.2,51.4,8.21,4.47,8.18,18,1.16,2.79,Excellent,INT7317,89.97
1.17,54.1,77.7,83.19,3.58,7.47,12,4.97,2.43,Average,INT7318,65.93
1.94,42.5,53.3,65.6,10.0,2.67,11,4.08,5.0,Good,INT7319,79.06
2.23,16.4,61.1,89.67,3.53,7.89,7,6.82,2.41,Average,INT7320,57.14
0.95,5.1,6.3,51.32,1.35,1.31,14,2.62,1.54,Good,INT7321,73.03
0.07,34.6,17.5,57.11,0.0,0.21,9,3.92,1.0,Fair,INT7322,44.19
2.95,90.3,86.0,94.23,8.12,9.55,12,3.51,4.25,Good,INT7323,76.25
0.91,38.0,23.1,66.93,0.0,0.99,12,5.24,1.0,Fair,INT7324,43.84
3.55,90.0,74.5,84.94,7.05,9.67,9,1.87,3.82,Excellent,INT7325,85.86
3.77,44.8,84.8,64.53,10.0,8.07,15,2.02,5.0,Excellent,INT7326,89.1
3.38,59.8,86.4,75.0,0.5,7.02,7,2.08,1.2,Good,INT7327,80.14
0.94,22.9,10.0,90.81,0.2,0.94,7,5.53,1.08,Average,INT7328,56.69
1.22,30.0,72.7,57.84,5.35,8.19,11,3.92,3.14,Good,INT7329,79.2
2.06,21.7,67.3,98.86,4.7,8.25,12,4.5,2.88,Average,INT7330,65.37
2.41,47.8,62.6,66.83,9.33,5.57,11,3.92,4.73,Good,INT7331,80.81
2.51,68.1,59.9,76.7,5.6,6.54,20,6.25,3.24,Average,INT7332,59.68
1.16,20.9,23.6,95.8,4.68,3.28,8,6.75,2.87,Fair,INT7333,49.65
3.82,96.7,98.3,97.28,10.0,8.81,18,4.03,5.0,Excellent,INT7334,90.34
1.84,77.6,41.2,61.61,2.0,6.32,12,2.99,1.8,Average,INT7335,56.53
3.47,93.8,68.7,19.26,4.68,8.72,9,2.15,2.87,Excellent,INT7336,88.44
3.43,55.3,46.8,4.36,0.0,4.67,10,1.13,1.0,Average,INT7337,60.83
1.18,61.3,7.8,12.95,0.13,0.51,5,2.61,1.05,Average,INT7338,55.25
0.91,5.8,4.1,74.26,4.0,0.76,7,4.68,2.6,Fair,INT7339,53.32
0.81,2.1,5.5,66.83,2.0,2.4,5,4.48,1.8,Fair,INT7340,49.26
0.52,11.4,28.5,78.01,6.82,2.83,11,6.87,3.73,Average,INT7341,59.43
1.28,86.5,91.2,59.4,1.92,8.65,14,3.15,1.77,Good,INT7342,78.59
1.54,55.9,76.0,74.35,9.92,3.78,9,4.76,4.97,Good,INT7343,70.31
2.55,22.7,20.5,96.06,0.08,1.5,14,3.44,1.03,Average,INT7344,65.97
2.59,43.9,39.1,48.74,0.0,4.97,20,4.18,1.0,Good,INT7345,70.93
2.11,26.4,30.2,86.07,6.1,9.05,15,2.32,3.44,Excellent,INT7346,85.17
1.88,34.2,9.0,66.81,1.9,4.07,6,3.24,1.76,Average,INT7347,66.98
0.84,87.5,54.2,59.42,4.47,5.88,10,3.68,2.79,Good,INT7348,76.39
3.26,51.1,74.2,62.78,5.85,0.98,10,5.7,3.34,Average,INT7349,66.64
0.54,56.1,16.1,76.66,2.0,1.15,13,6.83,1.8,Poor,INT7350,39.98
3.07,63.2,47.4,5.7,4.68,7.35,20,3.34,2.87,Good,INT7351,79.14
2.91,87.4,59.1,0.72,10.0,8.55,13,1.0,5.0,Excellent,INT7352,90.5
2.82,49.8,36.0,60.99,4.05,3.65,6,3.55,2.62,Good,INT7353,80.34
2.21,58.8,59.2,58.65,5.55,1.15,9,3.78,3.22,Average,INT7354,59.4
1.2,56.8,45.4,58.23,0.18,3.44,12,2.47,1.07,Average,INT7355,66.58
1.92,49.0,44.5,87.52,7.92,2.27,11,5.36,4.17,Average,INT7356,60.13
0.68,31.5,21.6,83.63,4.8,0.89,20,6.87,2.92,Fair,INT7357,46.51
0.16,2.9,13.0,50.6,2.0,0.37,4,6.56,1.8,Poor,INT7358,34.04
1.68,66.4,25.3,52.94,7.5,7.22,8,2.41,4.0,Good,INT7359,77.22
1.58,53.8,37.2,82.31,10.0,4.09,7,6.06,5.0,Average,INT7360,66.59
0.45,17.2,10.9,41.96,3.15,4.11,12,5.27,2.26,Average,INT7361,59.98
1.28,34.9,37.2,57.31,2.0,1.83,8,4.22,1.8,Fair,INT7362,50.89
2.4,81.3,54.3,52.22,10.0,3.35,12,4.18,5.0,Good,INT7363,79.6
0.97,11.6,0.5,57.97,5.9,1.33,5,6.15,3.36,Poor,INT7364,35.01
3.49,76.1,86.9,97.88,7.45,8.58,13,3.88,3.98,Excellent,INT7365,91.04
3.54,50.3,91.1,86.38,7.5,9.58,11,3.54,4.0,Excellent,INT7366,88.43
1.01,24.7,43.2,76.39,6.78,4.79,5,3.73,3.71,Good,INT7367,81.61
3.04,82.0,89.2,97.08,7.43,8.42,14,4.14,3.97,Excellent,INT7368,91.02
3.6,91.0,75.7,51.69,4.0,9.19,15,2.38,2.6,Good,INT7369,80.66
0.42,18.7,4.2,86.28,4.68,5.9,7,6.33,2.87,Fair,INT7370,49.28
1.52,66.2,81.3,64.13,4.05,1.97,11,5.46,2.62,Fair,INT7371,51.15
0.63,35.4,35.9,79.45,2.75,3.66,10,3.92,2.1,Average,INT7372,57.22
0.69,16.2,25.4,18.36,0.0,4.18,5,1.66,1.0,Average,INT7373,56.36
3.26,43.7,34.2,70.22,1.82,6.34,9,4.2,1.73,Good,INT7374,75.01
2.02,58.9,29.3,51.66,2.18,6.02,12,1.96,1.87,Average,INT7375,59.96
1.67,56.3,78.0,60.83,3.15,9.16,19,1.66,2.26,Excellent,INT7376,91.7
1.14,16.0,7.4,53.74,7.6,2.74,13,4.3,4.04,Fair,INT7377,52.67
2.55,17.9,72.8,34.02,4.3,3.03,5,3.19,2.72,Average,INT7378,67.18
3.83,49.8,80.5,66.83,7.5,4.71,6,4.98,4.0,Excellent,INT7379,86.41
2.24,46.6,60.2,68.9,0.0,3.97,7,1.36,1.0,Average,INT7380,67.13
1.52,63.5,61.0,91.58,6.72,6.2,14,3.24,3.69,Good,INT7381,78.47
3.21,87.8,49.8,82.82,4.68,8.93,7,2.54,2.87,Excellent,INT7382,87.83
1.56,15.2,40.0,9.61,6.2,1.78,7,7.0,3.48,Fair,INT7383,41.3
1.28,50.6,54.8,61.84,0.0,4.14,9,4.28,1.0,Average,INT7384,63.02
3.1,60.9,45.1,96.11,3.0,3.26,10,3.92,2.2,Average,INT7385,63.61
1.88,87.9,33.8,52.71,7.22,8.56,17,2.54,3.89,Good,INT7386,77.8
3.52,76.9,40.6,66.83,1.23,6.76,15,1.16,1.49,Excellent,INT7387,85.32
0.23,30.7,39.4,81.06,2.25,3.11,3,7.0,1.9,Average,INT7388,58.49
1.5,74.2,50.1,50.17,9.8,8.35,18,2.4,4.92,Good,INT7389,83.13
0.95,20.2,58.7,62.02,6.35,4.58,5,3.96,3.54,Fair,INT7390,52.47
1.36,54.9,69.4,71.53,7.02,2.4,8,5.24,3.81,Good,INT7391,72.6
3.0,98.8,87.0,7.86,10.0,7.29,17,1.0,5.0,Excellent,INT7392,100.0
1.56,27.3,47.8,91.84,3.77,4.49,8,6.25,2.51,Good,INT7393,73.47
3.29,93.5,43.8,97.07,7.32,6.35,5,3.76,3.93,Good,INT7394,82.08
1.42,27.6,67.7,0.0,3.58,1.26,6,2.72,2.43,Good,INT7395,70.82
3.63,96.6,85.3,69.36,10.0,7.8,10,1.81,5.0,Excellent,INT7396,98.33
2.72,68.3,67.7,50.94,3.3,0.65,10,2.33,2.32,Average,INT7397,64.72
2.49,79.2,87.6,97.15,8.38,8.38,10,6.23,4.35,Good,INT7398,72.1
1.0,9.5,7.5,66.47,4.68,2.2,8,4.8,2.87,Fair,INT7399,41.64
2.93,81.5,65.6,70.21,10.0,9.59,14,2.21,5.0,Excellent,INT7400,93.92
3.9,74.1,98.7,95.39,2.05,8.93,14,1.4,1.82,Excellent,INT7401,93.29
3.46,68.9,79.6,76.33,9.52,5.84,17,5.24,4.81,Average,INT7402,68.01
0.25,8.7,9.4,78.31,2.65,2.41,8,3.96,2.06,Fair,INT7403,46.08
1.92,58.9,82.0,58.81,2.62,3.7,7,3.34,2.05,Good,INT7404,77.27
3.68,65.8,82.0,74.93,7.25,6.77,9,3.51,3.9,Good,INT7405,77.86
3.53,79.5,82.6,95.91,6.22,7.66,13,3.92,3.49,Excellent,INT7406,90.1
1.37,44.3,12.3,77.94,2.42,2.54,8,4.69,1.97,Average,INT7407,59.55
0.26,40.8,23.1,1.5,8.9,1.07,12,7.0,4.56,Fair,INT7408,52.28
0.4,8.8,8.2,51.56,4.68,0.32,5,1.82,2.87,Fair,INT7409,53.07
0.3,88.1,20.8,66.82,6.72,2.73,8,4.88,3.69,Average,INT7410,57.43
1.74,33.9,54.6,78.63,2.0,5.8,9,3.24,1.8,Average,INT7411,60.29
1.89,20.2,13.4,52.13,0.0,1.92,12,3.6,1.0,Average,INT7412,55.17
0.71,15.6,60.3,80.49,0.0,9.17,14,2.51,1.0,Average,INT7413,67.76
0.45,27.5,30.0,76.17,0.0,3.31,8,5.95,1.0,Fair,INT7414,52.2
0.6,50.7,3.0,89.17,0.28,2.67,8,3.93,1.11,Fair,INT7415,54.41
2.81,32.7,58.9,51.44,6.7,1.41,11,3.98,3.68,Good,INT7416,72.42
3.12,34.3,81.6,89.04,4.8,8.12,15,2.85,2.92,Good,INT7417,82.87
0.72,74.1,93.3,76.04,1.48,4.29,13,2.07,1.59,Good,INT7418,76.2
1.21,73.3,64.1,68.53,4.85,6.49,15,1.23,2.94,Good,INT7419,79.47
1.69,61.4,46.8,98.27,5.78,7.89,9,5.77,3.31,Good,INT7420,71.83
2.5,75.6,86.0,58.01,8.73,7.42,8,2.55,4.49,Excellent,INT7421,87.88
1.08,11.7,55.2,22.51,4.68,0.89,12,5.53,2.87,Fair,INT7422,53.54
1.68,34.6,65.6,36.88,2.45,1.67,15,3.53,1.98,Average,INT7423,56.76
3.25,90.8,87.1,76.37,10.0,8.7,12,3.15,5.0,Excellent,INT7424,92.53
3.02,36.8,38.8,77.61,0.0,4.14,13,3.89,1.0,Average,INT7425,59.16
0.71,18.5,31.9,54.47,0.0,1.43,12,3.53,1.0,Fair,INT7426,50.4
3.18,42.8,53.5,83.06,0.0,2.61,11,1.14,1.0,Average,INT7427,67.82
1.62,33.7,8.2,53.69,2.0,7.16,8,2.86,1.8,Fair,INT7428,53.58
2.72,69.0,28.3,88.47,9.4,9.06,19,4.88,4.76,Good,INT7429,81.27
1.06,18.6,26.6,54.53,2.3,3.46,7,4.7,1.92,Fair,INT7430,48.2
2.58,71.6,69.8,64.86,4.22,3.24,17,2.6,2.69,Excellent,INT7431,85.2
3.83,86.9,99.2,82.51,7.5,9.79,14,4.24,4.0,Excellent,INT7432,92.07
2.57,84.4,69.6,56.84,3.5,9.01,20,2.38,2.4,Good,INT7433,73.06
3.01,61.6,42.4,83.88,2.0,4.26,20,2.06,1.8,Average,INT7434,56.04
0.53,35.4,19.2,3.77,2.82,5.24,6,1.25,2.13,Average,INT7435,58.54
0.44,2.4,23.6,66.75,2.32,0.72,5,6.13,1.93,Fair,INT7436,53.07
2.97,54.7,79.4,70.37,0.0,5.48,10,2.37,1.0,Good,INT7437,77.13
2.76,61.2,57.0,88.71,4.68,7.77,16,2.77,2.87,Good,INT7438,83.54
3.54,33.0,26.2,82.24,6.4,1.87,11,2.74,3.56,Good,INT7439,74.77
3.72,89.7,88.0,93.52,10.0,8.32,13,1.99,5.0,Excellent,INT7440,100.0
1.07,56.3,17.8,85.46,7.35,4.68,17,4.79,3.94,Average,INT7441,64.16
2.42,83.7,64.3,75.97,4.42,7.64,21,1.47,2.77,Excellent,INT7442,85.21
3.7,86.1,89.8,98.99,3.97,7.04,19,2.01,2.59,Excellent,INT7443,97.96
0.61,29.3,13.3,84.74,0.0,1.32,16,5.18,1.0,Fair,INT7444,53.9
0.8,49.4,78.3,55.1,0.0,1.56,13,3.2,1.0,Average,INT7445,63.31
0.7,25.1,58.0,66.83,2.0,1.75,6,5.73,1.8,Fair,INT7446,43.48
2.13,68.3,35.5,66.92,0.9,2.73,7,4.66,1.36,Average,INT7447,60.42
3.43,53.5,41.6,64.79,2.62,8.57,6,2.82,2.05,Good,INT7448,70.49
1.32,35.2,34.7,12.8,7.2,3.05,15,5.25,3.88,Fair,INT7449,49.12
2.01,25.1,45.4,59.84,6.22,4.29,11,1.48,3.49,Average,INT7450,67.1
1.45,22.9,43.5,66.83,7.32,3.53,17,4.15,3.93,Good,INT7451,82.29
0.48,5.9,15.5,29.13,0.0,0.42,18,3.68,1.0,Fair,INT7452,54.94
2.73,61.3,53.7,64.88,2.9,7.94,16,2.57,2.16,Good,INT7453,83.96
0.15,17.3,19.0,61.24,0.5,2.37,7,4.97,1.2,Fair,INT7454,54.52
0.35,13.5,14.3,58.45,5.18,2.1,14,5.76,3.07,Fair,INT7455,46.67
2.52,37.3,37.4,62.74,7.28,6.09,9,6.7,3.91,Average,INT7456,61.43
3.18,78.3,82.2,75.21,10.0,9.11,12,5.03,5.0,Good,INT7457,80.67
1.19,78.1,37.1,66.83,5.9,8.45,11,2.99,3.36,Average,INT7458,64.58
0.93,12.7,34.8,68.11,0.0,1.28,6,2.08,1.0,Average,INT7459,60.73
3.51,38.4,56.4,93.23,3.38,7.32,13,2.39,2.35,Good,INT7460,79.91
0.56,15.0,40.0,65.92,2.0,3.68,10,4.13,1.8,Fair,INT7461,51.66
1.17,24.8,15.2,54.71,4.3,2.05,14,3.26,2.72,Fair,INT7462,53.28
1.99,63.6,23.9,65.14,5.68,3.57,7,6.93,3.27,Average,INT7463,60.5
0.88,35.8,11.3,85.77,2.68,3.31,12,2.94,2.07,Average,INT7464,55.62
2.35,74.5,34.7,5.16,8.65,6.29,22,3.61,4.46,Average,INT7465,68.8
2.59,59.8,27.7,59.4,8.1,3.67,15,3.08,4.24,Good,INT7466,72.11
0.9,10.2,3.0,55.59,4.68,0.27,4,5.77,2.87,Fair,INT7467,43.9
0.91,63.4,39.6,83.04,4.68,1.71,7,4.9,2.87,Fair,INT7468,45.0
3.84,21.4,93.9,83.82,7.35,6.92,17,4.26,3.94,Excellent,INT7469,89.17
2.14,53.7,66.6,68.31,5.68,6.66,12,2.88,3.27,Average,INT7470,63.15
1.37,77.4,54.8,92.14,7.28,4.7,15,5.77,3.91,Good,INT7471,78.51
3.57,96.3,34.6,1.0,2.75,7.71,13,1.0,2.1,Excellent,INT7472,86.08
1.09,5.3,29.2,60.28,0.0,0.51,5,6.58,1.0,Fair,INT7473,54.14
1.74,33.6,11.9,52.25,1.38,1.4,7,3.97,1.55,Average,INT7474,68.63
1.67,19.0,45.6,24.58,7.43,2.97,18,3.87,3.97,Average,INT7475,57.14
0.26,7.6,18.1,51.21,4.22,2.79,7,4.38,2.69,Fair,INT7476,52.39
0.2,21.4,3.0,36.28,7.6,1.29,9,4.69,4.04,Average,INT7477,58.97
3.87,93.0,96.1,6.34,10.0,8.69,11,1.09,5.0,Excellent,INT7478,93.03
0.52,48.8,7.5,87.61,4.4,0.5,6,6.33,2.76,Average,INT7479,66.8
2.04,21.6,25.5,64.67,3.45,2.75,12,4.0,2.38,Average,INT7480,60.71
1.38,80.1,62.5,55.56,5.4,6.28,23,3.45,3.16,Good,INT7481,71.54
2.56,76.5,67.3,52.05,6.42,4.83,13,1.95,3.57,Excellent,INT7482,89.67
3.15,76.6,74.6,37.27,4.5,7.03,19,3.18,2.8,Good,INT7483,76.49
0.31,26.7,5.9,81.3,0.0,0.13,3,3.96,1.0,Average,INT7484,57.85
3.51,76.0,83.7,89.67,3.68,6.6,8,3.8,2.47,Excellent,INT7485,91.25
1.26,59.5,43.2,77.3,5.02,5.24,8,3.92,3.01,Fair,INT7486,54.74
1.91,24.5,19.2,79.04,2.05,1.06,17,3.9,1.82,Average,INT7487,65.61
1.51,68.0,58.6,0.0,2.75,6.83,9,6.94,2.1,Average,INT7488,62.0
1.31,79.5,29.5,66.83,7.5,3.0,18,4.14,4.0,Good,INT7489,74.24
3.61,85.8,37.7,57.59,6.82,5.68,14,6.31,3.73,Good,INT7490,82.19
3.81,56.6,83.6,3.27,10.0,9.46,18,2.08,5.0,Excellent,INT7491,99.93
0.6,28.2,24.9,73.69,2.08,2.05,7,3.92,1.83,Average,INT7492,58.32
1.92,75.7,76.1,61.78,6.72,9.2,12,2.63,3.69,Excellent,INT7493,90.0
0.2,12.2,14.8,63.2,0.0,0.62,5,4.46,1.0,Fair,INT7494,45.18
0.3,8.0,2.0,56.4,0.15,0.66,6,6.43,1.06,Poor,INT7495,37.23
3.52,96.7,93.0,90.97,4.68,9.43,12,1.35,2.87,Excellent,INT7496,86.13
2.84,29.0,66.3,66.83,2.3,7.2,16,1.08,1.92,Good,INT7497,75.95
1.36,30.9,24.0,67.39,1.05,3.99,5,3.92,1.42,Average,INT7498,57.61
2.63,26.9,61.5,99.07,2.3,5.56,12,2.12,1.92,Good,INT7499,82.12
3.75,75.5,78.5,5.33,7.5,2.59,12,4.86,4.0,Excellent,INT7500,89.0
1.69,66.8,44.5,0.07,4.4,2.05,16,4.4,2.76,Average,INT7501,62.91
0.71,65.0,46.8,57.11,0.0,1.95,4,6.39,1.0,Fair,INT7502,42.88
3.86,94.4,96.3,94.56,10.0,9.71,15,1.81,5.0,Excellent,INT7503,99.44
1.82,44.0,40.4,66.44,0.0,3.91,12,1.97,1.0,Average,INT7504,59.53
0.42,47.0,35.7,50.63,5.6,1.04,11,4.5,3.24,Average,INT7505,60.37
0.98,20.3,24.1,66.83,4.32,1.39,11,6.73,2.73,Average,INT7506,57.38
1.0,39.0,23.5,75.46,7.05,1.98,16,3.3,3.82,Good,INT7507,72.96
1.96,55.5,52.2,55.41,6.45,3.52,14,2.84,3.58,Good,INT7508,73.05
0.22,2.4,31.0,76.88,5.72,0.68,5,4.46,3.29,Fair,INT7509,47.28
2.54,52.1,17.0,90.97,7.5,6.0,7,7.0,4.0,Good,INT7510,71.93
1.59,25.4,41.2,68.88,3.4,2.82,4,6.35,2.36,Fair,INT7511,42.55
1.13,48.6,35.4,44.49,1.5,4.43,10,7.0,1.6,Fair,INT7512,49.58
1.76,49.1,67.2,8.8,2.75,4.28,14,1.55,2.1,Average,INT7513,67.0
2.69,68.1,77.3,96.15,4.68,8.49,12,2.07,2.87,Excellent,INT7514,89.71
2.52,61.4,68.2,52.44,10.0,7.19,14,5.09,5.0,Average,INT7515,63.52
3.46,58.1,84.0,72.25,6.9,7.82,9,5.64,3.76,Good,INT7516,72.67
3.01,69.6,68.9,27.25,2.4,4.31,7,2.93,1.96,Good,INT7517,76.32
3.27,42.7,71.4,94.69,4.9,8.01,11,2.55,2.96,Good,INT7518,84.08
2.2,55.5,93.6,54.8,10.0,6.28,20,5.95,5.0,Good,INT7519,70.24
1.63,37.7,60.0,70.57,2.28,5.93,17,1.1,1.91,Good,INT7520,80.35
1.31,19.7,10.2,70.34,7.6,2.44,6,3.41,4.04,Average,INT7521,69.77
2.63,80.4,82.8,94.42,9.95,9.16,9,3.94,4.98,Good,INT7522,75.21
1.73,22.2,48.0,60.77,6.1,1.87,14,4.69,3.44,Average,INT7523,55.75
3.3,68.4,54.4,82.24,7.88,5.11,13,5.67,4.15,Good,INT7524,79.3
0.9,29.7,7.7,56.72,1.35,0.97,16,2.84,1.54,Fair,INT7525,50.48
3.42,71.0,78.8,97.7,5.05,7.06,14,3.92,3.02,Good,INT7526,74.19
1.23,92.9,47.6,45.82,6.72,5.64,9,4.73,3.69,Good,INT7527,70.76
2.61,82.8,45.5,57.88,4.05,7.03,15,4.34,2.62,Good,INT7528,84.64
2.66,35.9,62.2,71.69,6.35,8.41,7,4.9,3.54,Good,INT7529,73.35
2.96,53.1,66.8,67.11,0.08,7.23,15,2.81,1.03,Average,INT7530,69.39
2.06,38.7,58.9,60.63,1.43,5.94,15,1.86,1.57,Good,INT7531,77.47
2.36,33.3,65.9,80.2,7.95,2.31,8,1.46,4.18,Good,INT7532,74.73
2.81,63.9,12.9,97.73,4.18,8.65,8,2.41,2.67,Good,INT7533,79.71
3.84,69.0,62.1,67.99,10.0,8.65,12,4.33,5.0,Good,INT7534,84.96
3.6,62.7,55.7,94.16,10.0,9.23,8,6.41,5.0,Good,INT7535,77.5
1.13,79.8,84.1,57.44,6.45,4.03,9,5.0,3.58,Average,INT7536,67.85
1.53,49.8,95.5,76.49,0.0,7.93,14,5.33,1.0,Fair,INT7537,51.93
3.08,88.1,77.0,67.52,6.0,6.84,19,2.84,3.4,Excellent,INT7538,85.58
2.54,22.4,61.0,68.99,4.47,9.06,12,3.88,2.79,Good,INT7539,84.4
1.52,35.1,5.2,73.14,1.1,7.06,11,3.32,1.44,Average,INT7540,65.57
2.1,41.6,81.5,66.83,9.18,8.01,18,2.07,4.67,Good,INT7541,83.48
3.2,85.9,86.4,51.71,7.3,6.85,6,1.0,3.92,Excellent,INT7542,93.62
2.17,21.8,52.4,66.83,5.12,8.41,17,4.1,3.05,Average,INT7543,67.2
0.78,86.7,17.6,76.16,4.68,8.63,15,7.0,2.87,Average,INT7544,69.31
2.97,7.0,78.9,51.5,2.05,2.08,7,2.09,1.82,Average,INT7545,63.89
3.73,97.1,97.8,8.88,6.65,9.26,12,1.36,3.66,Excellent,INT7546,91.58
2.94,71.9,59.4,67.3,4.68,7.29,9,5.29,2.87,Average,INT7547,66.49
1.76,63.7,78.9,66.83,4.45,1.52,12,2.37,2.78,Good,INT7548,73.37
3.35,74.5,72.6,4.09,6.08,8.97,15,6.29,3.43,Good,INT7549,77.51
2.4,89.5,76.2,85.49,7.45,7.88,6,4.89,3.98,Average,INT7550,68.63
1.98,85.2,11.0,85.85,3.63,2.17,11,7.0,2.45,Fair,INT7551,54.76
1.15,29.5,4.3,66.83,3.08,0.54,6,3.07,2.23,Fair,INT7552,52.57
3.1,50.2,17.8,88.51,1.43,5.45,10,4.64,1.57,Average,INT7553,64.5
1.44,53.7,43.7,50.98,6.85,3.94,7,3.77,3.74,Good,INT7554,73.38
3.57,49.3,57.9,47.53,10.0,3.9,10,5.23,5.0,Good,INT7555,79.41
1.13,38.2,41.2,27.59,6.52,3.61,7,3.53,3.61,Fair,INT7556,52.26
1.33,61.0,47.3,86.48,3.05,8.2,13,2.29,2.22,Good,INT7557,72.45
3.13,11.4,39.5,76.36,0.0,3.42,12,4.14,1.0,Fair,INT7558,49.56
3.4,62.8,22.4,71.86,10.0,7.77,18,3.82,5.0,Good,INT7559,72.43
1.31,79.0,38.6,84.53,4.68,8.46,16,5.61,2.87,Good,INT7560,80.62
1.53,23.5,38.3,51.82,3.9,1.24,15,3.92,2.56,Average,INT7561,55.88
1.82,19.7,22.1,61.17,5.68,2.15,12,4.66,3.27,Average,INT7562,61.2
3.04,75.2,65.1,80.82,0.52,8.54,19,1.88,1.21,Good,INT7563,84.34
1.91,57.1,35.6,67.71,0.37,1.32,6,5.78,1.15,Fair,INT7564,50.4
3.38,70.4,90.2,69.06,2.3,7.83,10,3.62,1.92,Good,INT7565,78.61
0.93,37.2,23.2,62.94,5.52,1.53,5,6.26,3.21,Average,INT7566,59.09
3.32,22.2,83.4,75.94,4.12,5.74,2,6.24,2.65,Average,INT7567,66.34
3.86,86.0,92.1,81.12,4.0,9.35,12,1.05,2.6,Excellent,INT7568,99.66
2.53,80.1,81.2,46.85,9.85,6.31,11,5.54,4.94,Good,INT7569,70.09
3.58,73.9,96.5,9.58,2.8,9.57,13,1.38,2.12,Excellent,INT7570,100.0
3.25,62.8,74.6,76.17,4.68,1.37,7,3.45,2.87,Excellent,INT7571,92.35
2.58,84.4,54.8,51.79,10.0,5.27,21,4.43,5.0,Good,INT7572,81.07
2.01,57.5,81.7,61.15,5.32,4.69,9,2.31,3.13,Good,INT7573,77.2
0.53,23.3,14.6,45.13,3.1,4.17,8,5.13,2.24,Fair,INT7574,41.49
3.4,79.3,81.6,8.68,2.1,4.59,14,1.0,1.84,Excellent,INT7575,87.39
3.04,64.1,77.4,5.55,7.38,7.63,18,1.85,3.95,Excellent,INT7576,87.51
0.46,12.3,63.5,98.81,4.28,3.86,11,3.92,2.71,Average,INT7577,56.72
0.93,10.6,19.7,65.93,0.0,1.43,11,4.93,1.0,Poor,INT7578,37.04
0.52,47.5,5.8,53.91,0.0,1.82,13,6.49,1.0,Poor,INT7579,36.33
3.23,66.1,87.9,50.95,6.8,2.74,9,5.56,3.72,Average,INT7580,62.58
3.03,60.9,83.6,0.0,4.5,6.32,7,5.48,2.8,Good,INT7581,71.51
3.56,62.1,54.2,67.66,3.2,8.62,17,3.0,2.28,Good,INT7582,73.71
2.36,34.9,19.5,0.02,0.55,2.94,11,1.33,1.22,Average,INT7583,59.93
3.63,63.7,87.5,96.66,4.82,2.39,18,2.04,2.93,Excellent,INT7584,96.56
2.0,45.6,17.6,65.79,2.7,5.0,17,4.1,2.08,Fair,INT7585,52.27
1.09,49.3,47.6,84.61,6.65,6.01,9,4.66,3.66,Fair,INT7586,54.83
3.64,97.0,90.6,53.32,8.52,5.4,11,3.99,4.41,Good,INT7587,80.75
3.44,22.8,25.6,87.05,0.6,7.25,12,5.54,1.24,Average,INT7588,69.27
1.39,57.5,24.5,0.0,3.12,5.43,8,4.61,2.25,Good,INT7589,71.53
3.87,95.2,84.2,93.21,10.0,7.83,12,1.43,5.0,Excellent,INT7590,89.79
2.01,42.1,25.4,99.73,2.2,3.34,12,2.05,1.88,Good,INT7591,75.25
2.88,35.8,65.7,59.13,4.68,4.24,13,5.79,2.87,Average,INT7592,65.81
0.71,24.1,29.5,65.24,0.0,2.22,3,5.83,1.0,Fair,INT7593,45.31
0.11,66.1,37.6,81.81,2.0,1.63,8,6.12,1.8,Fair,INT7594,48.95
3.5,90.1,69.5,86.65,5.32,9.54,14,1.23,3.13,Excellent,INT7595,97.5
1.59,12.1,46.3,76.73,9.07,4.15,17,6.95,4.63,Average,INT7596,59.58
0.75,29.6,15.2,53.7,1.33,0.95,11,2.14,1.53,Average,INT7597,57.19
2.33,16.9,62.7,0.0,5.15,1.34,2,1.0,3.06,Average,INT7598,69.18
2.33,54.3,18.3,98.04,5.88,6.83,15,7.0,3.35,Good,INT7599,73.16
3.34,91.0,96.1,42.04,10.0,7.54,10,2.55,5.0,Excellent,INT7600,85.57
1.48,12.8,15.7,61.24,5.28,1.98,16,4.91,3.11,Fair,INT7601,47.28
2.66,3.9,67.1,50.97,4.07,6.48,7,1.58,2.63,Good,INT7602,79.99
1.37,34.0,47.5,61.86,0.0,4.8,3,4.57,1.0,Fair,INT7603,47.1
2.59,31.4,16.1,85.0,0.08,1.8,14,6.04,1.03,Average,INT7604,63.6
1.04,13.4,47.9,95.58,0.0,0.34,8,2.63,1.0,Average,INT7605,55.03
0.49,23.0,26.7,54.68,3.42,3.63,13,5.24,2.37,Average,INT7606,55.32
1.29,50.9,34.0,77.66,2.75,2.28,11,1.94,2.1,Average,INT7607,63.57
0.26,20.2,16.7,84.78,6.75,2.89,7,4.41,3.7,Average,INT7608,62.01
3.18,83.5,91.7,63.82,3.73,6.47,9,3.1,2.49,Average,INT7609,64.3
3.33,84.2,34.5,57.63,8.45,4.36,9,1.98,4.38,Good,INT7610,78.84
2.11,28.1,46.8,85.76,2.0,8.05,10,2.65,1.8,Average,INT7611,58.31
2.75,45.0,40.2,91.89,7.62,5.83,22,2.19,4.05,Good,INT7612,75.73
3.34,69.0,85.9,72.62,9.57,5.25,16,6.65,4.83,Average,INT7613,69.09
0.52,35.7,89.6,0.0,1.2,4.15,8,3.62,1.48,Average,INT7614,65.05
1.97,15.6,34.6,65.09,2.15,6.44,10,2.45,1.86,Good,INT7615,80.51
0.42,75.6,36.6,5.02,3.2,1.95,11,3.64,2.28,Average,INT7616,61.07
2.29,78.1,51.9,59.37,3.73,9.47,5,3.21,2.49,Average,INT7617,66.2
3.09,33.7,72.1,67.94,9.65,1.5,14,5.16,4.86,Average,INT7618,58.27
2.62,9.7,36.5,51.79,9.0,1.46,11,3.92,4.6,Average,INT7619,65.02
2.25,37.8,67.1,64.15,5.1,1.28,12,3.79,3.04,Fair,INT7620,52.58
0.62,12.2,15.6,82.61,2.0,2.0,11,6.08,1.8,Fair,INT7621,41.08
1.42,55.1,93.7,82.4,8.08,6.77,8,4.61,4.23,Good,INT7622,73.86
3.25,27.2,20.6,53.68,4.68,7.0,20,1.7,2.87,Excellent,INT7623,86.96
3.59,64.5,79.9,64.37,10.0,8.23,17,4.96,5.0,Good,INT7624,81.54
1.86,29.4,39.4,78.48,2.35,4.97,14,4.48,1.94,Average,INT7625,67.04
0.61,38.9,42.9,65.93,2.18,3.5,6,4.82,1.87,Average,INT7626,63.85
1.4,29.2,43.3,70.9,1.45,4.44,12,3.92,1.58,Average,INT7627,55.6
0.39,39.7,41.2,85.64,5.05,3.4,11,3.25,3.02,Good,INT7628,73.5
1.37,56.8,29.2,0.0,8.35,1.6,5,6.09,4.34,Fair,INT7629,50.29
1.54,40.7,63.9,63.82,3.75,4.11,11,5.04,2.5,Good,INT7630,72.2
1.62,43.4,92.5,57.12,10.0,7.07,9,3.85,5.0,Average,INT7631,69.82
1.27,4.3,1.4,56.38,8.98,4.63,11,5.11,4.59,Average,INT7632,61.09
3.16,55.7,93.7,97.95,0.0,3.86,13,3.32,1.0,Good,INT7633,81.95
1.02,7.2,85.5,68.83,1.4,1.62,6,7.0,1.56,Fair,INT7634,53.86
3.42,68.4,11.0,76.35,4.05,4.94,17,5.36,2.62,Average,INT7635,57.71
3.49,75.6,76.1,8.19,2.08,9.52,10,1.35,1.83,Excellent,INT7636,86.76
0.9,58.6,72.6,7.57,2.18,4.6,9,2.83,1.87,Fair,INT7637,45.22
1.3,59.3,50.8,40.68,0.0,1.3,13,4.41,1.0,Fair,INT7638,46.26
2.57,47.4,92.6,91.61,0.0,4.6,9,3.92,1.0,Good,INT7639,82.49
3.89,86.5,91.6,3.66,3.22,9.6,14,1.0,2.29,Excellent,INT7640,99.38
1.21,58.5,4.2,68.65,4.78,2.14,18,3.62,2.91,Average,INT7641,55.51
3.08,72.6,89.5,39.56,4.73,3.9,12,3.33,2.89,Good,INT7642,73.18
0.44,45.1,51.3,87.84,2.95,5.73,10,3.26,2.18,Average,INT7643,66.99
1.03,50.4,66.7,26.56,0.0,3.3,6,2.21,1.0,Average,INT7644,58.61
3.37,92.2,43.3,17.78,4.68,5.94,12,1.71,2.87,Excellent,INT7645,88.23
2.09,79.1,37.5,62.88,10.0,3.96,11,5.18,5.0,Good,INT7646,72.47
0.19,24.3,9.4,69.37,0.0,0.09,6,3.84,1.0,Fair,INT7647,46.06
3.62,83.4,95.2,52.61,9.2,7.43,18,2.2,4.68,Good,INT7648,82.93
1.84,59.3,83.8,73.93,4.68,5.4,8,2.72,2.87,Average,INT7649,66.7
1.02,50.2,34.7,87.0,10.0,7.58,7,4.56,5.0,Good,INT7650,84.88
0.61,42.3,16.2,40.0,0.52,2.88,9,1.21,1.21,Good,INT7651,70.38
0.46,10.2,86.2,53.59,2.0,0.58,5,2.36,1.8,Average,INT7652,57.01
2.81,25.7,48.8,72.01,3.18,5.84,14,1.43,2.27,Good,INT7653,77.38
2.54,74.9,75.7,48.12,5.85,8.66,14,6.11,3.34,Good,INT7654,74.94
0.44,7.1,13.0,52.9,1.43,1.12,11,5.71,1.57,Poor,INT7655,39.39
1.23,18.4,54.7,52.99,10.0,5.98,15,5.51,5.0,Average,INT7656,66.33
0.25,22.5,3.9,44.2,2.0,1.35,11,5.04,1.8,Poor,INT7657,38.27
3.17,80.3,37.1,37.51,6.7,7.68,6,5.03,3.68,Good,INT7658,77.56
1.43,25.0,25.2,96.74,4.8,4.19,6,4.04,2.92,Average,INT7659,56.08
3.59,9.6,53.2,79.07,10.0,8.27,13,4.81,5.0,Good,INT7660,78.31
3.35,75.1,54.5,6.02,4.4,2.87,9,1.0,2.76,Good,INT7661,82.46
3.45,75.3,72.8,85.24,8.48,8.77,15,4.25,4.39,Average,INT7662,67.85
3.32,69.9,91.5,66.83,10.0,1.85,12,3.92,5.0,Good,INT7663,77.48
3.55,74.5,47.3,56.61,9.4,7.14,10,3.65,4.76,Good,INT7664,83.55
1.47,56.6,33.5,61.86,8.5,5.99,8,3.56,4.4,Good,INT7665,78.72
2.74,44.2,54.3,82.14,3.28,3.9,13,2.34,2.31,Average,INT7666,62.37
1.93,10.3,13.1,1.85,2.55,1.15,13,4.75,2.02,Fair,INT7667,52.7
1.96,13.2,5.4,63.63,4.8,3.47,12,5.37,2.92,Average,INT7668,55.14
0.95,47.3,68.6,60.42,7.15,5.91,14,6.55,3.86,Fair,INT7669,54.24
3.56,84.5,78.7,20.39,5.2,7.78,9,3.03,3.08,Good,INT7670,72.14
0.76,35.7,26.0,60.19,0.0,1.59,6,5.3,1.0,Fair,INT7671,45.32
3.78,42.2,24.3,8.62,9.1,9.15,5,4.14,4.64,Good,INT7672,75.02
1.64,29.9,52.1,48.25,2.12,5.95,9,6.22,1.85,Good,INT7673,72.19
0.46,16.9,6.6,66.83,2.0,2.21,4,4.03,1.8,Fair,INT7674,53.95
1.15,40.9,63.7,95.82,5.2,6.1,13,3.96,3.08,Good,INT7675,77.49
0.8,23.2,25.0,52.92,0.68,7.48,4,4.1,1.27,Average,INT7676,56.57
3.46,18.7,50.1,58.37,4.32,2.69,12,5.91,2.73,Average,INT7677,66.92
0.26,23.0,5.3,70.72,2.0,1.74,7,6.32,1.8,Poor,INT7678,36.29
2.96,51.3,46.2,68.62,3.77,3.05,11,1.38,2.51,Good,INT7679,84.12
2.61,84.7,47.4,70.9,0.0,3.02,20,1.8,1.0,Good,INT7680,75.31
0.91,37.9,37.2,60.32,4.58,2.1,7,6.79,2.83,Fair,INT7681,54.54
2.71,33.6,42.6,57.48,2.72,5.61,11,4.04,2.09,Average,INT7682,69.45
2.87,93.2,36.4,3.63,4.55,5.63,11,4.34,2.82,Good,INT7683,76.7
0.39,25.5,10.1,96.4,3.2,1.92,13,4.35,2.28,Average,INT7684,61.64
2.16,59.6,37.2,69.6,9.9,3.86,10,1.07,4.96,Good,INT7685,76.87
1.9,31.9,24.5,52.17,10.0,6.44,12,5.79,5.0,Average,INT7686,68.8
1.58,33.7,9.7,27.75,0.0,1.05,10,5.86,1.0,Fair,INT7687,48.62
3.75,87.1,68.0,64.56,7.5,8.93,9,2.4,4.0,Good,INT7688,84.95
3.14,51.0,89.8,62.25,6.52,8.3,15,3.07,3.61,Good,INT7689,79.59
1.53,28.2,27.4,66.21,10.0,1.58,16,6.53,5.0,Average,INT7690,62.82
3.31,71.8,34.9,86.19,2.32,6.11,15,1.57,1.93,Good,INT7691,78.37
0.64,39.1,3.2,90.94,0.0,2.63,10,6.2,1.0,Average,INT7692,55.79
2.65,85.0,95.4,50.8,4.05,9.43,16,2.91,2.62,Excellent,INT7693,93.67
1.78,51.6,76.2,27.52,5.6,3.85,10,4.61,3.24,Average,INT7694,60.65
0.21,10.3,24.3,65.52,4.68,8.82,9,6.87,2.87,Poor,INT7695,37.19
2.16,31.2,75.2,56.22,8.0,6.41,14,5.16,4.2,Average,INT7696,57.73
2.37,15.3,52.8,96.67,2.0,4.56,9,3.03,1.8,Average,INT7697,64.54
2.86,88.1,76.7,81.91,10.0,9.09,17,4.85,5.0,Good,INT7698,80.31
2.07,28.8,16.5,51.35,3.92,1.18,4,2.64,2.57,Average,INT7699,67.18
3.46,88.3,98.4,83.12,10.0,9.67,11,2.27,5.0,Excellent,INT7700,96.42
0.53,34.7,22.0,72.36,2.85,1.0,10,6.5,2.14,Average,INT7701,58.46
2.55,23.8,18.7,98.63,5.12,4.26,5,5.42,3.05,Fair,INT7702,51.81
0.34,20.7,23.8,90.95,1.3,1.27,9,4.55,1.52,Average,INT7703,65.87
1.63,45.1,66.7,23.56,5.25,4.77,7,3.49,3.1,Good,INT7704,80.83
3.19,79.3,83.2,6.06,1.67,9.45,11,1.54,1.67,Good,INT7705,83.4
3.65,83.3,90.3,3.65,4.68,8.6,20,1.26,2.87,Excellent,INT7706,100.0
3.47,74.5,60.1,59.35,4.68,4.08,20,3.92,2.87,Good,INT7707,72.06
1.53,28.7,13.8,84.94,0.0,2.51,7,5.33,1.0,Fair,INT7708,45.23
2.04,76.4,76.9,77.37,10.0,3.66,14,4.19,5.0,Good,INT7709,82.26
0.13,4.0,4.4,27.84,2.0,2.24,3,6.18,1.8,Poor,INT7710,35.21
3.27,47.4,83.6,66.83,0.0,5.07,10,1.48,1.0,Good,INT7711,72.76
3.66,95.2,77.3,81.75,9.35,5.29,14,2.78,4.74,Good,INT7712,81.05
3.76,82.6,96.9,57.2,7.5,9.36,21,2.63,4.0,Good,INT7713,84.89
0.9,35.4,10.8,67.45,2.88,4.7,10,3.92,2.15,Average,INT7714,63.42
3.03,68.7,69.6,40.42,4.68,1.19,10,1.49,2.87,Good,INT7715,75.11
0.49,9.7,4.0,56.94,3.02,0.75,5,6.43,2.21,Poor,INT7716,39.54
3.2,67.4,57.3,92.64,2.92,8.02,5,2.38,2.17,Good,INT7717,74.6
0.45,10.4,43.3,51.37,2.77,2.37,15,6.53,2.11,Poor,INT7718,37.96
0.82,21.0,19.3,55.14,0.0,1.83,8,3.54,1.0,Fair,INT7719,48.68
1.54,24.6,77.9,55.81,10.0,2.63,15,6.87,5.0,Fair,INT7720,51.43
1.32,82.8,69.0,76.41,7.5,6.95,7,3.93,4.0,Good,INT7721,81.57
0.45,6.4,13.4,81.01,0.57,2.33,10,3.92,1.23,Fair,INT7722,47.95
1.58,86.8,66.4,5.03,2.0,4.72,11,1.0,1.8,Average,INT7723,65.5
1.08,29.8,31.6,64.43,3.38,3.96,8,5.23,2.35,Good,INT7724,74.85
1.6,63.8,64.4,90.47,2.42,2.76,9,6.18,1.97,Average,INT7725,64.78
3.89,84.9,86.9,53.41,7.5,8.09,14,1.59,4.0,Excellent,INT7726,92.94
2.11,13.2,55.0,37.04,3.65,1.98,5,1.29,2.46,Average,INT7727,65.27
1.28,11.4,39.1,51.96,0.0,3.03,11,3.79,1.0,Fair,INT7728,45.36
1.25,21.9,31.9,16.65,9.42,1.42,3,6.92,4.77,Fair,INT7729,48.63
2.38,58.9,73.1,39.16,3.65,4.2,11,4.08,2.46,Good,INT7730,73.54
0.46,39.0,8.2,59.74,6.8,7.01,8,3.97,3.72,Average,INT7731,62.76
3.22,54.1,61.8,63.42,10.0,5.51,20,2.19,5.0,Good,INT7732,75.05
1.23,74.2,30.4,4.65,0.0,5.19,13,1.12,1.0,Good,INT7733,74.09
0.45,17.9,5.4,0.0,4.68,1.48,3,5.65,2.87,Fair,INT7734,52.03
3.81,93.8,78.1,89.01,1.57,9.77,14,1.74,1.63,Excellent,INT7735,93.38
1.4,93.1,24.3,83.75,1.82,7.6,11,4.64,1.73,Average,INT7736,67.59
2.14,43.0,37.6,66.32,4.3,3.22,11,6.58,2.72,Average,INT7737,55.47
2.27,36.2,62.0,41.7,4.0,7.02,7,2.74,2.6,Good,INT7738,73.09
0.82,37.6,42.7,72.22,0.83,7.51,12,4.79,1.33,Fair,INT7739,53.0
3.51,78.0,50.8,56.42,5.02,3.48,15,1.9,3.01,Good,INT7740,71.64
2.28,49.5,81.1,95.36,1.6,6.59,8,4.44,1.64,Average,INT7741,67.5
2.26,53.7,39.7,78.48,0.0,1.48,6,2.02,1.0,Average,INT7742,63.34
1.81,67.7,5.7,94.01,6.18,3.29,3,5.38,3.47,Good,INT7743,72.06
3.29,96.5,80.1,91.19,7.95,8.62,7,3.09,4.18,Excellent,INT7744,94.33
1.63,9.6,13.5,53.99,3.05,0.21,11,3.34,2.22,Fair,INT7745,54.36
0.26,10.0,0.7,60.36,2.45,3.87,6,4.73,1.98,Fair,INT7746,46.03
3.62,91.6,95.7,57.26,10.0,8.92,15,2.29,5.0,Excellent,INT7747,91.08
1.44,28.2,40.9,64.33,2.12,2.29,8,5.42,1.85,Average,INT7748,58.75
0.75,45.5,9.7,93.12,3.28,3.24,3,2.43,2.31,Average,INT7749,61.49
0.65,33.4,11.3,76.4,7.7,4.48,8,4.71,4.08,Average,INT7750,59.81
1.84,95.9,78.1,55.21,10.0,2.17,16,2.13,5.0,Good,INT7751,80.36
1.43,49.1,40.5,56.78,0.0,0.09,12,5.53,1.0,Fair,INT7752,43.5
1.14,28.3,35.9,90.68,9.75,5.27,6,1.69,4.9,Excellent,INT7753,85.48
3.13,45.9,23.7,96.46,6.15,3.98,14,3.61,3.46,Good,INT7754,73.29
1.6,5.7,34.0,59.97,0.0,6.08,10,2.21,1.0,Fair,INT7755,51.81
0.36,1.9,22.0,50.56,7.3,1.03,8,5.4,3.92,Fair,INT7756,42.76
3.39,77.4,83.6,66.55,6.75,8.06,17,2.41,3.7,Good,INT7757,80.76
0.95,10.6,18.8,51.52,8.12,2.46,14,6.45,4.25,Fair,INT7758,51.93
0.2,46.5,15.0,91.4,0.0,0.35,8,6.83,1.0,Fair,INT7759,44.88
0.33,46.1,23.9,74.58,2.0,2.17,13,2.49,1.8,Average,INT7760,62.58
2.67,45.6,75.9,82.09,8.4,2.26,9,4.37,4.36,Average,INT7761,68.23
3.25,62.6,90.2,70.57,10.0,3.7,8,1.61,5.0,Excellent,INT7762,87.83
1.76,74.5,80.0,46.32,7.5,1.81,13,2.92,4.0,Average,INT7763,65.92
1.2,78.0,73.7,37.91,3.45,1.63,7,5.03,2.38,Average,INT7764,57.36
1.7,25.9,86.8,88.53,1.2,4.18,14,4.63,1.48,Average,INT7765,55.22
1.08,15.4,63.1,84.78,2.62,2.62,11,4.59,2.05,Average,INT7766,58.37
0.47,32.9,26.6,68.04,0.0,4.69,10,3.92,1.0,Average,INT7767,57.39
1.77,54.3,81.1,31.82,10.0,1.38,14,3.27,5.0,Good,INT7768,74.83
2.8,45.9,23.1,50.06,6.0,5.24,5,2.05,3.4,Good,INT7769,71.22
1.96,59.0,92.6,53.18,7.5,3.61,11,5.02,4.0,Average,INT7770,66.92
3.73,94.7,44.1,81.16,6.57,7.56,12,3.88,3.63,Good,INT7771,72.6
1.17,20.0,73.0,75.73,7.5,5.67,15,5.08,4.0,Good,INT7772,72.21
1.1,31.4,78.4,71.74,0.35,4.55,4,2.23,1.14,Average,INT7773,64.55
2.36,23.9,67.0,91.38,1.35,3.18,7,3.44,1.54,Average,INT7774,63.21
3.42,64.2,27.3,75.19,10.0,8.09,20,2.9,5.0,Excellent,INT7775,90.03
1.51,69.1,48.6,9.98,9.18,6.42,11,1.59,4.67,Excellent,INT7776,92.88
3.76,78.6,90.2,58.06,10.0,9.66,13,2.94,5.0,Good,INT7777,79.18
0.41,16.0,22.0,66.83,2.12,1.12,3,5.52,1.85,Fair,INT7778,42.9
0.19,30.5,25.5,78.81,0.0,2.91,9,6.0,1.0,Fair,INT7779,53.55
2.49,70.0,64.0,54.62,6.92,3.24,13,4.47,3.77,Good,INT7780,73.47
0.53,20.7,7.2,82.44,0.0,1.64,11,3.26,1.0,Fair,INT7781,50.02
2.72,69.8,94.8,4.94,7.68,7.88,17,1.64,4.07,Excellent,INT7782,85.22
0.46,24.9,25.1,90.57,3.8,3.03,13,6.2,2.52,Average,INT7783,57.8
2.07,37.2,65.0,1.78,0.0,4.1,10,1.0,1.0,Average,INT7784,65.42
1.2,14.3,39.0,80.02,6.35,0.19,7,6.79,3.54,Fair,INT7785,42.7
2.69,18.4,29.4,63.14,4.68,4.07,9,3.57,2.87,Average,INT7786,58.12
0.12,25.3,25.1,52.83,0.0,1.62,15,2.62,1.0,Fair,INT7787,48.7
1.91,23.4,50.6,78.01,5.82,7.08,7,6.88,3.33,Average,INT7788,58.51
2.1,47.7,48.5,5.13,6.42,1.62,15,1.07,3.57,Good,INT7789,74.1
0.49,7.9,55.3,3.52,0.0,1.26,5,4.51,1.0,Average,INT7790,56.91
3.19,64.4,53.0,79.68,8.48,2.79,13,3.97,4.39,Excellent,INT7791,85.68
2.88,60.2,54.6,94.95,6.68,6.14,8,1.88,3.67,Good,INT7792,81.64
1.02,50.8,31.2,59.9,1.43,6.82,7,3.44,1.57,Average,INT7793,62.6
0.69,21.9,92.3,54.91,10.0,5.68,10,4.92,5.0,Average,INT7794,69.58
1.99,88.5,67.7,84.53,4.1,9.01,9,5.63,2.64,Good,INT7795,83.7
1.11,69.3,62.9,8.14,4.25,2.05,9,1.0,2.7,Good,INT7796,71.95
0.76,15.6,71.2,92.52,6.48,3.05,14,6.9,3.59,Fair,INT7797,54.09
2.04,61.3,35.5,44.01,5.6,4.22,18,1.61,3.24,Good,INT7798,81.58
2.56,27.1,74.6,91.66,7.18,7.57,10,1.96,3.87,Good,INT7799,73.22
3.23,48.5,41.8,85.03,9.72,7.92,10,2.24,4.89,Excellent,INT7800,87.1
3.66,88.5,34.9,7.77,10.0,8.14,18,1.5,5.0,Excellent,INT7801,90.38
3.8,96.9,79.9,57.07,6.92,9.65,15,2.0,3.77,Excellent,INT7802,98.31
0.99,9.3,10.5,58.97,6.65,1.37,8,6.56,3.66,Fair,INT7803,43.45
0.42,77.7,13.7,61.83,2.0,2.41,11,2.42,1.8,Average,INT7804,56.67
2.23,80.6,66.1,69.73,10.0,9.53,14,1.88,5.0,Excellent,INT7805,94.96
2.15,33.0,62.6,65.73,6.57,7.43,22,2.0,3.63,Average,INT7806,69.88
0.27,35.4,4.7,8.92,0.0,0.67,5,5.57,1.0,Fair,INT7807,48.72
0.38,16.6,51.5,58.46,4.58,3.01,7,5.83,2.83,Average,INT7808,59.32
1.03,45.4,70.5,64.69,0.0,5.89,11,2.62,1.0,Average,INT7809,59.14
3.18,35.6,85.4,0.0,4.68,7.99,10,1.39,2.87,Good,INT7810,70.03
3.78,63.7,80.9,73.65,10.0,8.68,13,2.1,5.0,Excellent,INT7811,93.37
2.37,70.6,71.2,88.43,0.0,1.66,10,1.37,1.0,Good,INT7812,73.59
1.89,38.4,28.1,72.22,0.0,2.38,6,1.43,1.0,Good,INT7813,72.01
3.23,86.4,43.3,91.02,4.7,5.75,8,3.32,2.88,Average,INT7814,64.23
1.65,38.4,71.7,70.82,10.0,7.55,16,3.92,5.0,Good,INT7815,80.83
0.12,1.9,7.5,86.52,3.22,2.0,10,4.51,2.29,Fair,INT7816,52.42
3.39,54.0,30.7,64.39,2.22,1.99,13,3.92,1.89,Good,INT7817,72.59
0.48,74.2,32.5,29.15,5.78,2.77,6,3.92,3.31,Fair,INT7818,47.87
1.68,74.8,33.5,56.52,10.0,8.43,14,6.67,5.0,Average,INT7819,68.1
2.41,61.9,34.6,82.44,1.8,0.78,15,4.16,1.72,Average,INT7820,56.18
2.76,84.2,89.5,90.08,7.68,7.47,20,2.8,4.07,Good,INT7821,84.19
1.38,40.6,66.4,80.81,4.35,7.03,5,3.17,2.74,Average,INT7822,61.81
1.64,95.7,63.0,57.84,4.28,2.62,13,3.5,2.71,Good,INT7823,72.33
2.85,73.6,24.9,92.66,3.8,5.17,16,4.97,2.52,Average,INT7824,64.36
0.68,22.4,6.1,81.36,3.15,2.6,9,3.78,2.26,Fair,INT7825,51.46
3.14,71.4,59.3,57.44,9.15,3.56,14,5.66,4.66,Average,INT7826,66.82
0.85,9.7,45.8,88.71,6.18,2.1,10,7.0,3.47,Fair,INT7827,48.15
1.01,16.6,40.5,64.89,2.0,3.73,14,3.44,1.8,Average,INT7828,58.05
2.54,28.6,24.5,53.73,5.58,1.37,11,4.59,3.23,Fair,INT7829,48.88
3.34,84.1,51.2,58.83,1.53,4.03,13,1.54,1.61,Good,INT7830,81.3
2.84,35.3,70.3,54.64,0.0,7.62,22,1.95,1.0,Average,INT7831,62.64
0.68,44.3,17.9,62.17,3.82,6.87,7,3.72,2.53,Fair,INT7832,49.24
0.74,29.0,37.3,0.0,0.0,4.28,13,2.67,1.0,Average,INT7833,55.23
0.89,13.6,14.5,55.52,2.22,7.48,12,5.92,1.89,Average,INT7834,59.47
3.48,76.7,59.2,66.83,3.77,8.93,15,1.92,2.51,Good,INT7835,84.57
0.57,33.8,29.0,85.93,0.0,6.53,12,3.55,1.0,Average,INT7836,58.39
0.74,1.6,14.8,51.21,4.53,0.7,8,4.49,2.81,Poor,INT7837,37.5
0.89,82.7,62.5,67.07,6.3,5.99,14,5.06,3.52,Average,INT7838,60.56
2.24,83.8,45.8,0.0,10.0,8.29,9,3.75,5.0,Good,INT7839,83.54
1.52,42.7,6.7,56.45,9.15,2.19,8,5.97,4.66,Average,INT7840,59.8
3.17,68.9,66.8,90.05,7.5,5.03,17,4.4,4.0,Good,INT7841,79.7
0.06,6.0,2.7,69.67,0.0,0.72,8,4.09,1.0,Average,INT7842,60.77
2.64,79.9,94.6,67.71,7.5,8.13,12,1.38,4.0,Excellent,INT7843,100.0
1.3,47.8,16.9,85.29,4.68,8.35,15,4.15,2.87,Average,INT7844,66.68
3.4,45.2,94.6,66.83,4.9,9.07,8,5.48,2.96,Average,INT7845,67.83
3.04,42.4,18.2,84.54,4.53,3.05,5,5.14,2.81,Fair,INT7846,52.76
0.81,14.2,42.4,7.53,2.22,2.1,11,5.68,1.89,Fair,INT7847,49.72
1.16,44.3,19.4,30.08,1.05,0.56,8,4.44,1.42,Fair,INT7848,54.51
1.18,60.3,43.0,85.49,0.0,2.49,4,1.39,1.0,Good,INT7849,77.52
3.85,68.7,91.5,7.08,10.0,8.33,9,1.02,5.0,Excellent,INT7850,99.96
3.85,85.4,92.2,82.06,6.98,7.79,21,2.63,3.79,Excellent,INT7851,88.8
3.73,45.5,91.1,73.87,7.43,6.84,13,5.12,3.97,Good,INT7852,78.72
2.97,29.4,84.4,83.75,8.12,7.69,16,5.49,4.25,Average,INT7853,66.7
1.18,33.2,74.0,88.69,0.0,6.61,9,3.24,1.0,Good,INT7854,79.03
1.15,87.7,19.4,98.32,0.4,1.74,11,3.78,1.16,Average,INT7855,58.15
3.83,92.1,90.2,1.03,9.48,9.57,17,3.68,4.79,Excellent,INT7856,98.89
2.11,86.1,50.3,54.83,9.52,6.85,15,3.1,4.81,Good,INT7857,73.03
1.9,88.1,91.2,84.74,4.5,9.07,14,2.71,2.8,Excellent,INT7858,88.81
2.44,71.3,68.1,66.83,3.58,5.65,13,1.86,2.43,Good,INT7859,80.24
2.54,83.6,79.3,56.03,2.97,7.82,17,2.66,2.19,Good,INT7860,71.13
1.53,60.3,78.1,32.88,10.0,8.19,16,1.25,5.0,Excellent,INT7861,92.2
1.37,42.4,53.4,91.01,0.0,6.66,6,1.89,1.0,Average,INT7862,63.89
2.73,81.2,34.7,2.54,0.42,7.18,11,1.0,1.17,Good,INT7863,79.87
2.33,37.3,5.6,80.72,3.53,4.1,16,5.0,2.41,Fair,INT7864,52.04
1.04,79.9,77.0,0.0,7.43,4.03,16,3.06,3.97,Good,INT7865,79.19
0.47,9.5,32.9,51.3,4.62,2.24,6,7.0,2.85,Poor,INT7866,31.21
2.26,75.8,34.9,66.36,0.0,1.39,10,1.73,1.0,Average,INT7867,60.7
1.97,34.1,61.9,71.03,0.0,2.64,4,3.15,1.0,Average,INT7868,66.93
1.92,94.6,24.7,74.29,7.15,7.38,15,3.58,3.86,Good,INT7869,72.59
2.22,83.8,57.0,8.62,6.08,4.8,12,1.0,3.43,Good,INT7870,84.52
0.69,13.2,22.1,55.44,0.0,0.81,15,5.63,1.0,Poor,INT7871,36.99
3.62,68.7,46.5,8.93,9.07,7.4,11,1.41,4.63,Excellent,INT7872,99.12
1.79,36.7,19.1,68.4,10.0,6.55,12,6.46,5.0,Good,INT7873,71.97
1.96,11.4,30.7,99.5,0.0,2.22,13,6.51,1.0,Average,INT7874,55.45
2.5,66.9,51.2,93.09,10.0,8.53,18,4.26,5.0,Good,INT7875,79.9
0.69,24.0,43.2,34.06,3.28,8.81,13,4.75,2.31,Average,INT7876,64.25
0.82,56.2,20.0,99.98,1.88,3.16,10,5.31,1.75,Average,INT7877,55.11
2.21,47.8,17.0,75.7,0.13,3.3,7,3.5,1.05,Average,INT7878,60.89
1.17,26.6,22.9,66.83,4.4,3.28,10,4.64,2.76,Average,INT7879,57.52
3.41,53.7,76.3,1.94,1.7,6.03,11,1.03,1.68,Good,INT7880,82.01
2.93,25.4,28.5,61.31,2.4,4.08,8,1.7,1.96,Average,INT7881,67.54
2.41,28.3,64.8,81.82,5.58,9.77,13,3.83,3.23,Good,INT7882,80.96
1.92,86.9,50.5,96.87,4.32,5.17,12,4.59,2.73,Good,INT7883,71.48
3.49,28.4,79.3,89.31,6.05,6.89,14,3.92,3.42,Average,INT7884,63.72
0.19,7.8,24.6,63.66,0.0,2.16,13,1.23,1.0,Average,INT7885,59.46
0.48,41.2,2.4,64.84,2.82,1.02,14,5.77,2.13,Fair,INT7886,52.18
2.25,40.3,11.7,8.37,5.18,4.25,10,1.92,3.07,Average,INT7887,60.63
2.03,30.1,54.0,64.29,0.28,0.97,8,3.64,1.11,Average,INT7888,63.71
2.37,53.5,28.2,54.63,2.8,4.1,5,3.1,2.12,Good,INT7889,75.29
3.58,91.2,76.0,74.97,7.2,5.08,9,2.99,3.88,Good,INT7890,84.17
1.43,60.3,91.7,85.42,3.05,8.66,11,2.02,2.22,Good,INT7891,72.67
3.27,21.3,71.3,87.56,4.45,7.73,11,4.39,2.78,Good,INT7892,75.08
1.2,72.1,10.3,52.98,6.92,3.66,12,6.01,3.77,Good,INT7893,74.03
1.1,61.6,83.7,67.0,3.75,1.41,11,3.66,2.5,Good,INT7894,73.07
1.69,63.8,40.6,64.41,0.0,4.72,8,3.75,1.0,Fair,INT7895,46.12
0.54,7.4,32.1,55.22,4.3,2.1,6,6.48,2.72,Fair,INT7896,53.94
0.39,5.1,16.3,68.12,0.55,5.13,7,5.16,1.22,Fair,INT7897,44.56
3.39,83.2,89.0,32.42,8.22,9.31,9,4.3,4.29,Good,INT7898,80.09
3.47,33.2,53.3,58.16,9.18,7.07,7,2.83,4.67,Good,INT7899,73.15
2.52,9.8,18.1,94.17,3.35,4.02,11,6.63,2.34,Fair,INT7900,54.34
0.45,23.7,29.5,72.74,2.57,1.64,14,4.95,2.03,Fair,INT7901,51.11
3.34,86.1,33.5,87.33,1.3,7.74,9,2.58,1.52,Good,INT7902,75.47
2.98,82.1,97.0,57.3,10.0,8.81,15,2.14,5.0,Good,INT7903,84.64
0.86,20.2,10.7,66.83,0.0,0.67,7,5.53,1.0,Fair,INT7904,42.63
1.9,56.6,45.5,1.3,4.25,1.82,7,1.0,2.7,Good,INT7905,71.33
2.51,53.8,35.1,59.61,4.68,8.88,10,6.64,2.87,Average,INT7906,64.36
1.13,67.9,71.6,24.89,5.95,6.56,7,1.34,3.38,Good,INT7907,72.72
0.06,34.5,21.6,65.48,3.77,1.73,9,5.78,2.51,Fair,INT7908,48.33
0.98,31.8,36.3,77.62,3.28,3.42,6,2.9,2.31,Good,INT7909,79.45
2.38,42.4,38.4,99.4,2.12,5.71,15,3.92,1.85,Good,INT7910,70.65
0.38,9.1,28.2,89.67,4.68,4.8,14,6.68,2.87,Fair,INT7911,46.29
0.94,7.8,16.7,30.24,0.0,1.67,7,3.73,1.0,Fair,INT7912,44.46
1.7,80.9,35.3,78.79,3.6,6.12,10,4.66,2.44,Good,INT7913,72.78
3.04,50.8,97.5,9.76,6.7,8.22,14,1.03,3.68,Excellent,INT7914,99.49
1.75,39.4,75.6,8.68,0.0,4.77,11,1.04,1.0,Good,INT7915,73.26
3.07,89.1,63.9,65.65,0.0,5.74,9,2.29,1.0,Average,INT7916,67.52
1.39,49.3,57.2,44.42,5.7,3.37,12,5.07,3.28,Average,INT7917,56.92
3.69,76.6,88.7,83.46,5.58,8.51,12,1.79,3.23,Excellent,INT7918,96.07
3.31,44.9,48.5,66.83,4.68,3.08,12,1.22,2.87,Average,INT7919,68.84
3.32,85.7,24.2,56.66,10.0,8.74,10,3.92,5.0,Good,INT7920,80.36
0.86,32.4,4.0,33.24,0.0,2.15,13,5.09,1.0,Poor,INT7921,36.89
3.66,60.4,97.5,84.43,10.0,8.9,13,5.54,5.0,Good,INT7922,80.94
3.43,45.9,88.9,60.61,3.1,9.01,5,2.14,2.24,Excellent,INT7923,87.72
1.94,68.6,57.1,70.46,10.0,8.16,17,1.25,5.0,Good,INT7924,81.56
0.99,8.8,8.9,98.99,3.18,5.12,9,6.55,2.27,Average,INT7925,60.56
1.63,36.9,73.8,60.8,5.32,6.37,11,2.16,3.13,Excellent,INT7926,85.63
0.27,14.0,13.5,70.83,4.68,2.0,10,6.57,2.87,Fair,INT7927,41.5
0.08,5.8,15.2,68.93,2.0,0.34,3,6.55,1.8,Poor,INT7928,31.84
1.09,7.2,9.1,96.51,3.45,4.02,7,5.21,2.38,Average,INT7929,64.45
3.7,94.4,84.4,64.27,3.53,9.78,23,1.68,2.41,Excellent,INT7930,92.14
1.84,51.4,62.9,73.54,2.55,6.33,6,6.01,2.02,Average,INT7931,64.36
1.03,11.7,71.0,59.36,2.68,3.09,10,5.35,2.07,Average,INT7932,59.57
1.84,91.6,48.2,76.06,7.72,6.18,10,5.01,4.09,Good,INT7933,71.96
0.59,41.0,15.0,92.87,3.3,2.58,8,3.28,2.32,Average,INT7934,62.67
3.47,70.8,94.4,65.2,7.5,8.5,16,2.35,4.0,Excellent,INT7935,88.24
2.79,95.3,46.6,90.54,5.38,6.59,9,1.24,3.15,Excellent,INT7936,94.46
1.82,50.8,30.8,95.57,6.08,6.96,8,4.36,3.43,Good,INT7937,80.31
2.77,38.4,42.8,18.36,6.65,0.31,7,4.43,3.66,Average,INT7938,55.34
2.59,78.9,98.1,87.82,9.15,7.81,13,3.3,4.66,Excellent,INT7939,90.74
3.86,87.7,56.7,62.77,7.5,8.03,22,3.64,4.0,Good,INT7940,82.25
2.19,36.7,38.6,58.77,10.0,9.2,17,2.82,5.0,Average,INT7941,67.54
2.62,34.5,48.1,66.83,3.22,4.46,13,5.03,2.29,Average,INT7942,60.46
3.02,53.8,44.0,85.28,8.17,5.87,12,6.36,4.27,Average,INT7943,66.88
3.13,53.8,20.5,69.74,3.25,4.56,9,1.72,2.3,Good,INT7944,76.23
2.7,59.2,56.3,66.83,5.95,7.35,10,2.93,3.38,Average,INT7945,58.27
1.03,20.8,53.3,95.44,5.07,2.9,7,3.92,3.03,Good,INT7946,77.56
1.7,45.3,56.7,66.83,8.08,8.68,13,4.98,4.23,Average,INT7947,60.98
1.04,46.0,40.6,66.83,9.75,2.71,21,5.15,4.9,Average,INT7948,63.7
0.19,18.4,60.8,74.84,1.78,3.96,6,6.83,1.71,Fair,INT7949,50.27
1.44,72.8,36.8,17.92,2.12,4.9,15,2.35,1.85,Average,INT7950,58.38
2.28,5.8,8.8,66.96,2.6,1.37,7,6.54,2.04,Average,INT7951,59.25
3.25,88.5,95.9,51.07,2.82,9.23,14,1.62,2.13,Good,INT7952,77.65
2.05,5.6,2.1,75.86,0.0,4.39,11,4.78,1.0,Fair,INT7953,44.1
3.51,39.4,47.5,60.41,3.18,4.73,8,1.11,2.27,Average,INT7954,66.58
3.81,25.4,54.0,88.84,7.5,5.62,14,5.98,4.0,Good,INT7955,74.94
3.14,32.9,38.5,64.94,7.05,3.11,20,3.72,3.82,Good,INT7956,74.65
2.84,15.5,6.2,39.8,0.0,2.91,15,5.36,1.0,Fair,INT7957,51.95
2.45,85.7,23.7,63.58,4.38,2.8,22,5.57,2.75,Average,INT7958,67.53
2.0,51.3,70.8,49.91,2.0,0.53,11,1.51,1.8,Average,INT7959,59.83
3.66,91.3,96.3,8.93,7.5,5.11,12,3.92,4.0,Excellent,INT7960,98.36
0.29,3.1,7.3,81.65,0.0,0.73,3,6.22,1.0,Fair,INT7961,49.23
0.43,21.2,5.4,71.28,0.0,0.42,5,3.18,1.0,Fair,INT7962,48.38
3.59,95.2,32.1,1.55,3.85,7.74,20,1.52,2.54,Good,INT7963,72.67
0.68,45.2,51.9,23.53,0.0,1.71,14,3.85,1.0,Average,INT7964,59.95
1.3,29.9,82.0,73.56,9.4,4.39,14,4.18,4.76,Average,INT7965,63.97
3.22,62.8,9.9,0.0,7.48,5.84,17,1.15,3.99,Excellent,INT7966,89.86
2.78,80.6,18.5,45.02,4.68,9.07,13,2.33,2.87,Excellent,INT7967,89.15
2.71,64.0,76.6,5.42,8.0,8.0,11,1.0,4.2,Good,INT7968,80.54
1.55,90.3,50.6,8.17,6.3,7.8,6,3.39,3.52,Average,INT7969,69.5
1.48,33.9,33.4,69.93,3.48,4.8,14,6.63,2.39,Fair,INT7970,52.94
0.71,8.8,10.8,76.44,0.0,0.15,4,3.92,1.0,Poor,INT7971,32.33
2.39,47.3,54.3,89.37,4.68,3.65,6,4.73,2.87,Good,INT7972,71.77
2.78,50.9,46.3,87.65,2.0,4.8,12,1.59,1.8,Average,INT7973,66.86
2.91,89.2,41.7,96.09,6.85,7.25,16,6.22,3.74,Good,INT7974,73.86
2.68,69.6,65.2,60.7,4.68,5.31,17,4.11,2.87,Average,INT7975,66.63
2.53,53.6,39.8,91.37,1.48,3.93,10,2.29,1.59,Good,INT7976,74.31
1.56,39.6,43.8,95.28,9.4,5.11,14,7.0,4.76,Average,INT7977,64.56
0.7,38.3,2.7,38.2,2.0,1.38,10,3.92,1.8,Fair,INT7978,46.85
2.24,35.1,35.0,65.69,6.38,3.73,7,5.24,3.55,Fair,INT7979,54.85
3.53,69.8,85.9,97.6,10.0,4.82,12,3.92,5.0,Good,INT7980,79.65
0.92,8.8,41.2,81.38,2.12,5.62,8,2.04,1.85,Good,INT7981,75.98
0.61,39.2,33.9,69.03,0.0,4.81,7,2.4,1.0,Average,INT7982,61.46
1.99,50.7,85.4,89.59,2.25,5.8,11,4.87,1.9,Good,INT7983,74.29
1.99,4.9,52.5,65.22,0.0,1.38,14,2.09,1.0,Average,INT7984,56.94
2.54,78.9,90.0,58.82,10.0,7.31,15,3.21,5.0,Good,INT7985,70.06
1.11,31.7,90.7,77.2,8.8,7.48,11,5.61,4.52,Average,INT7986,63.15
0.33,71.2,30.5,78.31,2.03,1.92,9,5.82,1.81,Fair,INT7987,53.34
2.51,92.0,41.4,91.29,6.02,5.99,14,4.01,3.41,Good,INT7988,83.94
1.18,29.0,32.5,72.85,4.58,5.73,6,6.06,2.83,Average,INT7989,65.86
0.85,35.9,24.5,59.79,4.68,0.42,11,6.52,2.87,Fair,INT7990,41.0
1.76,63.8,65.5,65.57,6.95,0.89,15,4.52,3.78,Fair,INT7991,50.88
2.15,60.7,43.5,78.77,8.2,5.85,7,2.36,4.28,Excellent,INT7992,87.76
2.61,25.4,55.9,60.42,2.18,5.65,9,2.66,1.87,Fair,INT7993,46.94
2.41,9.0,26.7,69.27,2.95,2.62,11,3.19,2.18,Good,INT7994,76.14
2.64,87.5,77.8,60.73,9.28,8.25,24,1.47,4.71,Excellent,INT7995,96.06
1.88,26.6,44.6,60.8,8.22,1.14,11,2.21,4.29,Good,INT7996,70.98
3.85,95.6,94.4,90.51,9.6,9.64,11,2.07,4.84,Excellent,INT7997,92.93
1.99,33.0,89.2,64.14,6.75,7.86,3,4.21,3.7,Good,INT7998,75.69
0.47,23.0,53.5,51.72,4.42,2.08,13,6.85,2.77,Average,INT7999,58.1
3.32,68.4,67.4,55.5,5.72,8.55,6,1.53,3.29,Excellent,INT8000,86.14
2.74,24.7,38.0,87.29,5.95,4.94,10,5.7,3.38,Average,INT8001,68.09
3.11,32.8,41.3,63.1,8.02,4.88,15,4.65,4.21,Average,INT8002,56.07
2.86,65.6,57.1,82.71,2.22,7.57,13,1.38,1.89,Good,INT8003,79.58
1.05,37.5,42.7,84.96,6.68,3.1,16,6.77,3.67,Average,INT8004,63.68
2.59,69.6,11.9,67.26,6.28,4.73,11,4.13,3.51,Good,INT8005,77.31
1.09,9.9,22.2,73.75,6.72,0.97,12,2.88,3.69,Average,INT8006,64.76
1.06,52.4,25.9,66.83,5.42,5.24,10,5.9,3.17,Fair,INT8007,51.81
3.6,79.4,52.0,76.95,7.5,4.57,14,2.66,4.0,Excellent,INT8008,96.71
0.86,77.8,34.4,66.0,5.28,4.33,11,5.65,3.11,Average,INT8009,65.42
1.43,35.0,61.3,6.46,2.0,2.84,4,1.0,1.8,Average,INT8010,67.57
1.13,45.8,75.0,68.28,10.0,4.29,13,5.9,5.0,Average,INT8011,61.12
2.53,53.0,49.1,83.48,9.4,7.82,16,3.5,4.76,Excellent,INT8012,89.94
3.71,82.0,80.0,84.87,7.5,6.3,9,5.2,4.0,Good,INT8013,80.39
1.51,67.4,26.4,96.2,4.95,7.93,11,2.09,2.98,Excellent,INT8014,87.59
0.78,44.9,21.7,94.09,2.0,7.16,7,4.91,1.8,Average,INT8015,58.14
1.94,93.0,75.8,1.9,10.0,6.97,6,5.27,5.0,Good,INT8016,74.0
2.44,39.0,87.3,72.76,7.25,1.48,9,4.12,3.9,Average,INT8017,67.6
3.69,88.0,92.8,50.82,10.0,7.75,11,4.45,5.0,Good,INT8018,80.0
2.67,74.7,66.3,95.83,7.3,5.64,12,3.31,3.92,Average,INT8019,63.54
0.24,12.4,4.0,40.9,2.0,1.19,11,6.3,1.8,Poor,INT8020,37.13
3.38,50.7,87.1,72.22,8.75,1.77,7,3.88,4.5,Average,INT8021,63.41
0.71,11.1,13.3,94.97,4.7,2.08,9,3.92,2.88,Fair,INT8022,53.68
2.81,38.3,64.4,67.92,9.15,4.22,10,5.44,4.66,Average,INT8023,63.79
3.34,57.0,65.9,1.14,10.0,8.44,9,3.86,5.0,Good,INT8024,84.96
0.71,52.9,95.5,95.23,6.4,6.07,13,1.95,3.56,Excellent,INT8025,89.35
3.47,84.0,71.5,90.11,7.5,9.33,15,3.04,4.0,Excellent,INT8026,89.93
0.72,22.3,63.8,62.17,4.02,1.19,13,5.71,2.61,Fair,INT8027,53.19
2.71,85.7,75.5,66.83,7.22,7.98,12,2.82,3.89,Good,INT8028,81.44
3.52,66.0,76.4,67.65,5.93,4.1,4,3.74,3.37,Good,INT8029,75.39
2.33,68.5,91.1,95.64,10.0,5.3,14,6.16,5.0,Good,INT8030,76.04
3.81,71.2,24.2,77.2,2.57,9.8,12,3.51,2.03,Good,INT8031,81.71
1.44,66.8,62.2,88.7,8.25,4.21,13,4.73,4.3,Good,INT8032,75.08
2.14,68.4,48.3,74.22,4.5,6.56,9,2.26,2.8,Good,INT8033,79.15
2.17,57.8,51.8,50.51,0.0,1.67,6,1.84,1.0,Average,INT8034,59.19
2.64,60.8,82.5,84.87,10.0,6.4,14,5.97,5.0,Good,INT8035,74.77
3.37,83.9,65.2,37.52,9.0,7.55,14,1.87,4.6,Excellent,INT8036,99.46
2.61,34.5,50.6,44.68,6.65,4.82,18,2.96,3.66,Good,INT8037,78.87
1.29,53.7,43.0,80.33,10.0,7.34,13,5.9,5.0,Average,INT8038,69.77
2.51,54.2,32.2,74.04,6.88,8.68,12,3.27,3.75,Good,INT8039,76.75
3.07,50.8,77.1,97.22,6.12,4.99,8,6.47,3.45,Average,INT8040,69.67
1.21,8.1,11.3,51.16,4.98,3.84,2,6.89,2.99,Fair,INT8041,51.84
3.81,55.2,89.0,85.61,6.32,7.21,15,2.72,3.53,Excellent,INT8042,88.5
2.85,62.4,36.3,5.45,0.0,4.4,12,1.0,1.0,Good,INT8043,77.06
0.19,29.2,5.9,85.69,4.6,0.43,18,4.81,2.84,Fair,INT8044,47.32
2.32,51.9,45.6,83.76,3.45,3.69,12,3.4,2.38,Good,INT8045,82.71
3.65,22.0,62.7,50.51,10.0,8.68,18,1.52,5.0,Good,INT8046,79.32
1.62,36.6,66.6,64.27,4.68,1.43,21,5.64,2.87,Good,INT8047,75.89
0.34,15.2,59.5,0.51,0.88,6.65,21,1.22,1.35,Average,INT8048,66.05
0.13,33.9,13.5,58.35,2.0,2.08,5,6.47,1.8,Poor,INT8049,37.0
3.55,89.5,85.5,53.17,6.85,8.96,6,1.5,3.74,Excellent,INT8050,99.02
1.83,35.1,66.1,61.98,0.0,3.01,12,1.37,1.0,Average,INT8051,59.8
3.58,95.9,62.0,73.74,7.5,9.76,24,1.79,4.0,Excellent,INT8052,90.93
2.16,58.4,44.4,62.35,7.72,4.34,13,6.57,4.09,Average,INT8053,61.97
2.06,26.0,38.1,79.01,2.08,4.24,13,5.21,1.83,Average,INT8054,66.62
1.74,7.7,19.3,86.03,0.0,3.71,14,6.19,1.0,Fair,INT8055,49.26
3.0,19.5,77.2,66.55,10.0,7.22,14,3.32,5.0,Good,INT8056,72.52
2.9,96.8,50.0,80.15,7.5,4.58,9,3.04,4.0,Excellent,INT8057,85.04
3.55,52.0,87.2,91.24,1.75,7.21,13,3.92,1.7,Good,INT8058,72.53
1.07,83.2,94.3,54.71,0.0,2.02,23,3.41,1.0,Average,INT8059,62.83
2.42,48.2,74.6,85.53,1.92,6.05,12,3.89,1.77,Average,INT8060,64.33
0.54,5.3,15.3,43.86,2.82,1.85,2,4.99,2.13,Fair,INT8061,43.68
3.32,72.4,89.3,56.13,6.42,8.01,14,2.53,3.57,Excellent,INT8062,89.34
1.29,60.0,36.3,66.83,10.0,4.33,15,6.38,5.0,Average,INT8063,69.21
3.33,92.2,96.0,61.31,10.0,7.17,13,2.11,5.0,Excellent,INT8064,88.98
2.14,64.9,26.7,91.07,7.85,5.12,21,6.83,4.14,Average,INT8065,62.29
2.96,49.2,94.7,0.0,7.0,8.59,11,1.0,3.8,Good,INT8066,81.07
1.73,6.5,13.2,16.99,6.02,2.45,12,4.03,3.41,Fair,INT8067,46.08
3.07,32.4,75.8,76.05,6.18,4.76,6,3.27,3.47,Good,INT8068,83.03
2.73,17.7,26.0,79.45,4.0,8.47,6,3.48,2.6,Good,INT8069,74.28
3.76,84.0,81.8,86.49,10.0,8.87,12,3.92,5.0,Excellent,INT8070,86.63
3.29,82.5,55.4,38.42,7.5,8.51,12,3.31,4.0,Good,INT8071,79.13
3.57,66.1,51.1,0.77,10.0,9.31,19,3.75,5.0,Excellent,INT8072,89.9
2.93,26.9,82.7,97.66,3.7,5.42,16,5.81,2.48,Good,INT8073,82.28
2.39,59.3,27.0,45.87,10.0,3.68,12,5.06,5.0,Good,INT8074,72.27
1.66,22.5,20.5,62.75,0.13,3.18,12,5.74,1.05,Fair,INT8075,42.38
3.5,68.5,48.8,76.24,10.0,8.91,11,2.4,5.0,Excellent,INT8076,89.4
1.99,27.8,67.3,53.47,5.58,7.86,12,4.41,3.23,Average,INT8077,59.32
3.12,59.5,77.6,66.31,0.0,2.53,11,4.01,1.0,Average,INT8078,59.14
2.62,13.1,55.1,54.37,2.57,5.77,10,3.37,2.03,Fair,INT8079,43.03
3.82,84.5,75.1,64.93,6.28,8.61,16,3.46,3.51,Good,INT8080,82.18
1.02,7.7,72.0,61.45,7.28,3.59,8,2.59,3.91,Average,INT8081,64.28
2.65,53.6,33.2,81.8,2.18,8.69,16,2.07,1.87,Good,INT8082,78.29
3.62,85.3,66.3,64.22,1.82,7.8,18,2.45,1.73,Good,INT8083,83.91
3.6,78.8,63.9,82.66,10.0,7.71,10,1.2,5.0,Excellent,INT8084,99.47
3.42,90.9,40.7,32.13,3.25,4.38,20,5.26,2.3,Good,INT8085,75.24
0.51,45.0,39.5,89.26,0.0,4.2,12,5.39,1.0,Average,INT8086,62.82
2.49,28.1,16.4,55.54,3.38,3.84,5,6.27,2.35,Fair,INT8087,48.05
3.1,52.7,47.5,94.76,4.4,2.54,13,5.3,2.76,Average,INT8088,57.2
3.48,96.7,14.9,92.02,3.22,9.37,13,1.54,2.29,Good,INT8089,83.41
0.93,21.1,23.8,46.16,0.0,0.9,16,6.48,1.0,Fair,INT8090,47.05
2.55,18.1,36.4,53.37,7.2,7.71,11,5.91,3.88,Average,INT8091,69.42
3.69,93.6,78.4,60.43,5.25,9.07,5,3.32,3.1,Good,INT8092,71.45
2.14,21.0,24.8,92.97,0.0,6.9,6,4.8,1.0,Average,INT8093,55.81
0.92,2.8,39.8,56.1,5.52,0.82,8,7.0,3.21,Fair,INT8094,42.62
1.57,67.1,41.8,57.8,9.48,3.99,15,4.46,4.79,Average,INT8095,62.74
1.24,55.9,21.4,66.83,0.32,7.64,9,6.89,1.13,Fair,INT8096,53.77
2.02,16.5,19.3,25.86,4.35,1.04,6,1.6,2.74,Average,INT8097,58.55
3.67,65.7,90.5,61.1,10.0,6.56,13,2.58,5.0,Excellent,INT8098,95.35
0.94,48.0,85.3,52.6,4.75,8.64,9,3.83,2.9,Average,INT8099,64.31
2.15,19.4,37.3,68.63,0.0,3.37,8,4.92,1.0,Fair,INT8100,46.11
2.13,17.8,4.7,57.03,0.28,2.17,5,5.56,1.11,Poor,INT8101,37.14
1.05,16.3,16.8,38.18,7.8,2.22,11,7.0,4.12,Average,INT8102,55.05
1.5,11.0,28.8,31.71,0.0,4.91,7,3.03,1.0,Fair,INT8103,51.35
1.61,26.6,46.6,5.05,2.42,2.27,6,1.0,1.97,Average,INT8104,63.56
0.53,30.0,7.9,55.14,3.3,3.92,5,5.83,2.32,Fair,INT8105,42.76
0.95,66.1,18.6,81.03,3.73,1.18,13,4.45,2.49,Good,INT8106,72.79
3.14,48.8,53.7,71.82,3.12,1.8,6,1.73,2.25,Average,INT8107,63.21
3.09,43.2,13.0,46.8,2.62,2.1,12,4.45,2.05,Average,INT8108,56.43
0.23,13.8,9.5,0.25,0.0,0.7,4,5.62,1.0,Fair,INT8109,48.85
0.66,8.1,11.0,51.52,5.6,0.41,11,6.02,3.24,Poor,INT8110,37.11
3.35,86.7,41.0,92.38,4.55,3.48,11,4.5,2.82,Good,INT8111,70.83
1.37,13.2,16.0,1.16,2.0,1.83,5,2.72,1.8,Fair,INT8112,53.65
0.3,17.9,26.4,84.05,0.0,0.36,3,6.59,1.0,Poor,INT8113,35.56
2.25,38.1,14.2,97.38,0.2,2.14,13,4.66,1.08,Average,INT8114,68.51
1.47,28.3,59.0,57.18,2.0,6.05,17,3.47,1.8,Average,INT8115,65.2
0.99,75.9,45.3,69.86,0.0,1.5,13,2.79,1.0,Fair,INT8116,54.71
3.23,87.4,44.4,63.41,1.75,0.43,16,5.36,1.7,Average,INT8117,56.93
3.11,79.1,93.9,9.43,8.65,8.18,12,2.34,4.46,Excellent,INT8118,99.62
3.24,74.3,33.4,63.28,4.75,7.97,12,1.7,2.9,Excellent,INT8119,87.46
3.57,73.7,61.8,55.21,10.0,7.73,10,4.12,5.0,Good,INT8120,84.86
3.27,76.5,69.8,71.31,8.22,5.58,5,2.33,4.29,Excellent,INT8121,88.54
3.43,57.9,99.3,92.25,4.73,9.0,9,5.14,2.89,Good,INT8122,82.81
3.76,45.2,82.3,85.68,7.12,4.29,8,1.26,3.85,Excellent,INT8123,88.34
1.96,79.5,58.0,37.19,4.68,3.08,13,4.81,2.87,Average,INT8124,66.42
3.28,68.1,80.8,79.98,1.15,6.84,7,2.3,1.46,Average,INT8125,69.56
2.59,32.9,35.5,6.48,0.0,5.79,15,1.27,1.0,Average,INT8126,67.81
2.9,57.6,89.7,0.95,1.88,8.45,14,1.57,1.75,Good,INT8127,75.26
2.34,79.5,26.7,90.38,10.0,8.03,9,6.21,5.0,Good,INT8128,75.49
2.89,11.1,44.6,56.14,2.18,5.87,9,6.23,1.87,Fair,INT8129,52.52
3.07,55.1,79.4,0.0,6.72,4.55,7,2.82,3.69,Excellent,INT8130,87.84
1.58,9.0,52.9,66.83,0.0,6.14,8,6.08,1.0,Average,INT8131,57.09
0.69,61.9,11.9,67.1,3.82,0.2,8,4.4,2.53,Average,INT8132,57.13
0.8,3.8,6.9,73.87,6.1,4.63,11,7.0,3.44,Fair,INT8133,53.74
1.4,30.1,30.6,99.85,0.05,3.76,13,2.77,1.02,Good,INT8134,80.19
1.73,8.7,57.5,70.42,7.68,5.2,8,4.72,4.07,Average,INT8135,58.34
2.69,57.3,84.0,9.21,5.0,9.33,8,1.38,3.0,Good,INT8136,80.87
2.01,56.7,40.4,80.68,10.0,7.84,12,3.11,5.0,Excellent,INT8137,86.81
2.16,79.8,92.1,61.81,6.32,6.83,12,7.0,3.53,Average,INT8138,68.65
0.15,21.3,34.1,55.28,0.0,4.46,11,4.66,1.0,Fair,INT8139,47.92
2.96,81.6,86.4,0.0,7.5,6.03,12,2.23,4.0,Excellent,INT8140,85.17
2.89,63.0,49.5,51.14,0.0,2.5,10,3.92,1.0,Average,INT8141,67.02
1.56,24.3,59.9,71.56,0.6,3.97,9,5.16,1.24,Fair,INT8142,49.29
1.74,95.5,73.2,71.34,6.78,6.09,8,4.93,3.71,Good,INT8143,73.9
2.1,27.9,85.3,6.28,0.55,3.38,7,3.66,1.22,Fair,INT8144,54.91
0.14,13.1,3.2,89.2,0.0,2.56,9,7.0,1.0,Fair,INT8145,42.59
3.06,78.8,22.0,5.03,0.0,8.37,7,1.27,1.0,Good,INT8146,76.1
3.39,73.7,66.1,95.77,10.0,6.74,12,2.58,5.0,Excellent,INT8147,93.11
0.7,27.3,39.6,42.95,7.28,3.31,8,6.81,3.91,Fair,INT8148,52.27
2.41,48.8,48.4,51.38,1.3,2.48,9,2.63,1.52,Good,INT8149,71.31
3.94,88.7,95.3,74.31,10.0,5.48,13,2.98,5.0,Excellent,INT8150,90.04
2.07,68.6,54.5,66.83,9.33,4.47,11,3.72,4.73,Good,INT8151,75.15
2.12,44.7,75.5,72.5,10.0,4.68,6,6.01,5.0,Average,INT8152,68.03
2.41,19.6,24.1,35.15,6.32,2.87,10,1.21,3.53,Average,INT8153,69.49
0.52,71.7,61.3,0.33,0.0,3.81,6,6.57,1.0,Fair,INT8154,45.3
0.23,34.2,59.6,66.83,0.0,2.21,7,5.9,1.0,Fair,INT8155,46.3
1.3,14.7,31.5,21.28,3.82,7.2,9,2.28,2.53,Good,INT8156,72.93
2.28,31.3,55.2,55.21,9.15,5.45,5,3.92,4.66,Average,INT8157,63.71
0.34,3.1,19.7,86.27,2.0,0.51,10,3.4,1.8,Fair,INT8158,52.41
1.16,53.4,50.1,61.85,2.65,5.68,10,3.16,2.06,Average,INT8159,58.04
2.71,47.7,79.4,5.96,5.3,2.83,7,6.09,3.12,Average,INT8160,68.27
0.88,38.0,65.1,74.97,1.7,4.79,8,7.0,1.68,Average,INT8161,64.66
3.64,79.0,92.5,90.14,2.32,8.43,24,1.42,1.93,Excellent,INT8162,88.7
1.09,50.8,73.9,41.33,7.62,8.42,14,3.85,4.05,Good,INT8163,81.86
3.16,85.0,36.7,63.82,7.32,8.42,15,4.36,3.93,Good,INT8164,76.78
3.73,96.2,87.2,9.03,6.32,8.16,14,3.4,3.53,Good,INT8165,84.36
3.09,78.8,31.2,57.39,3.9,5.2,13,2.96,2.56,Average,INT8166,66.71
3.1,62.3,86.2,3.23,9.33,9.95,13,1.42,4.73,Excellent,INT8167,99.23
1.51,38.1,72.3,70.3,7.7,1.74,14,3.92,4.08,Good,INT8168,71.89
0.33,29.1,26.2,92.07,0.0,1.34,9,3.8,1.0,Average,INT8169,60.81
0.94,16.7,2.8,53.09,4.93,1.76,16,2.21,2.97,Average,INT8170,57.72
2.32,7.0,12.1,66.0,8.93,1.11,6,6.33,4.57,Average,INT8171,59.05
1.25,14.9,55.8,57.12,10.0,1.81,8,5.94,5.0,Average,INT8172,66.4
0.58,73.3,26.3,97.46,3.77,3.55,11,3.63,2.51,Average,INT8173,62.89
0.91,14.9,59.0,3.14,4.82,4.81,8,3.92,2.93,Average,INT8174,60.2
1.39,68.8,34.1,61.75,6.32,2.99,12,4.63,3.53,Good,INT8175,75.38
2.04,72.0,80.4,83.48,8.65,6.45,10,2.5,4.46,Excellent,INT8176,93.88
2.76,50.6,65.3,67.54,0.0,3.48,11,2.31,1.0,Good,INT8177,75.66
0.31,20.1,47.9,61.68,5.78,0.97,5,4.89,3.31,Fair,INT8178,52.97
3.34,88.2,59.4,4.92,4.1,9.02,19,1.71,2.64,Excellent,INT8179,87.87
2.52,62.1,78.1,50.56,5.3,4.24,9,1.6,3.12,Average,INT8180,60.83
3.46,81.6,97.2,1.72,3.77,6.78,10,1.31,2.51,Excellent,INT8181,98.12
1.08,26.1,3.0,94.97,0.57,4.47,12,1.68,1.23,Average,INT8182,63.46
1.57,28.8,59.7,95.15,0.0,8.35,7,1.66,1.0,Good,INT8183,70.29
0.81,18.8,2.3,56.39,6.08,1.54,10,7.0,3.43,Poor,INT8184,34.23
0.98,24.4,20.6,28.87,0.0,1.99,8,2.65,1.0,Average,INT8185,61.93
0.65,14.2,12.9,70.4,5.12,1.9,10,2.37,3.05,Average,INT8186,59.22
1.85,68.7,54.4,89.03,0.0,4.06,11,2.44,1.0,Average,INT8187,58.65
2.08,29.0,49.4,80.59,2.55,3.69,12,6.78,2.02,Average,INT8188,68.51
2.12,33.5,66.7,75.69,4.68,5.95,11,3.64,2.87,Average,INT8189,57.75
1.15,92.4,81.5,53.68,10.0,7.86,13,2.99,5.0,Excellent,INT8190,86.37
1.25,13.0,47.6,54.81,0.0,2.82,13,6.63,1.0,Fair,INT8191,49.15
1.78,84.9,48.0,73.88,10.0,6.72,14,3.63,5.0,Good,INT8192,73.52
2.25,81.1,83.4,99.6,0.0,7.63,11,3.05,1.0,Good,INT8193,71.19
1.37,65.9,1.7,54.42,0.0,4.65,8,2.64,1.0,Average,INT8194,64.32
2.51,95.0,91.4,38.3,3.25,2.53,18,3.26,2.3,Good,INT8195,70.91
2.38,33.1,80.7,0.0,3.1,1.37,15,2.97,2.24,Good,INT8196,71.68
2.95,37.3,75.8,77.0,9.68,5.04,8,4.94,4.87,Good,INT8197,71.87
1.77,77.6,94.5,78.69,10.0,8.02,15,2.86,5.0,Good,INT8198,84.09
1.3,72.0,12.1,42.02,4.2,7.63,13,3.92,2.68,Good,INT8199,75.69
3.12,59.7,87.3,92.61,4.0,8.75,13,1.29,2.6,Excellent,INT8200,85.39
2.77,92.3,87.5,69.49,7.5,8.64,11,2.62,4.0,Excellent,INT8201,95.38
1.04,89.7,44.2,38.19,5.72,7.13,8,3.05,3.29,Good,INT8202,72.3
3.23,57.6,25.0,66.83,7.4,3.73,9,3.92,3.96,Average,INT8203,67.1
1.65,86.2,77.8,0.0,3.2,6.39,19,2.8,2.28,Excellent,INT8204,87.84
0.89,67.1,40.2,62.97,0.0,0.92,3,4.8,1.0,Fair,INT8205,44.98
1.28,91.0,28.2,90.83,0.7,3.68,12,2.43,1.28,Average,INT8206,67.51
3.63,66.5,57.9,63.28,5.22,3.96,18,1.35,3.09,Good,INT8207,82.98
2.58,90.3,36.3,50.54,2.22,9.25,8,1.4,1.89,Good,INT8208,82.11
1.35,26.7,34.7,57.74,0.5,7.54,11,2.91,1.2,Good,INT8209,71.43
3.4,92.1,96.2,99.28,7.35,9.24,13,2.2,3.94,Excellent,INT8210,95.03
2.13,41.6,76.4,65.99,0.32,6.4,16,2.52,1.13,Average,INT8211,69.42
0.61,2.5,31.8,55.44,2.0,0.84,5,5.68,1.8,Fair,INT8212,41.85
1.05,14.0,70.4,2.79,0.0,0.6,10,1.0,1.0,Average,INT8213,60.11
2.3,47.4,64.3,65.52,0.73,2.14,21,3.94,1.29,Average,INT8214,67.3
1.72,49.2,24.2,51.88,4.38,5.67,9,3.56,2.75,Good,INT8215,70.3
2.15,16.8,46.8,75.57,4.68,4.7,13,4.19,2.87,Average,INT8216,56.23
1.22,74.6,68.2,60.69,4.68,2.95,15,4.04,2.87,Average,INT8217,68.88
0.77,6.8,5.4,51.69,2.0,3.18,9,2.63,1.8,Fair,INT8218,53.39
1.41,47.0,13.4,35.28,0.5,3.0,3,3.02,1.2,Average,INT8219,55.75
3.36,47.5,21.4,71.49,9.02,3.05,9,5.47,4.61,Average,INT8220,68.63
0.57,16.5,2.9,79.9,4.68,2.71,7,6.32,2.87,Fair,INT8221,51.06
2.4,77.9,30.3,53.1,1.72,4.37,7,1.87,1.69,Good,INT8222,77.97
2.85,87.6,62.2,69.94,10.0,9.02,15,1.72,5.0,Excellent,INT8223,92.79
2.57,84.0,92.5,20.91,10.0,2.6,18,6.66,5.0,Average,INT8224,68.76
2.02,59.9,34.5,62.02,1.23,3.21,18,3.49,1.49,Average,INT8225,58.23
2.2,14.7,10.9,57.53,6.88,5.28,14,4.55,3.75,Average,INT8226,63.62
2.99,93.6,82.8,57.9,4.85,8.85,23,3.24,2.94,Excellent,INT8227,86.87
2.95,44.5,63.3,66.83,2.75,6.5,11,1.92,2.1,Excellent,INT8228,90.82
2.29,50.3,32.0,57.94,10.0,6.0,8,4.53,5.0,Good,INT8229,74.69
1.14,18.5,15.9,64.29,4.28,2.71,9,3.88,2.71,Fair,INT8230,49.84
0.39,43.4,65.0,29.05,0.0,1.09,4,2.6,1.0,Average,INT8231,55.03
1.56,46.7,22.5,40.49,5.4,4.97,23,3.74,3.16,Good,INT8232,73.89
0.9,45.9,13.7,73.05,9.4,5.56,9,5.87,4.76,Average,INT8233,65.86
1.51,75.7,52.0,66.51,5.2,5.06,12,5.03,3.08,Average,INT8234,59.9
0.95,16.5,27.5,89.3,3.05,4.04,5,2.07,2.22,Average,INT8235,64.13
1.18,40.3,79.5,54.7,9.18,2.8,8,4.38,4.67,Average,INT8236,64.13
0.41,10.8,25.7,98.74,5.0,0.89,11,4.75,3.0,Average,INT8237,55.97
0.31,22.2,13.7,27.41,2.0,2.36,2,5.66,1.8,Poor,INT8238,36.82
0.59,19.7,56.4,88.65,0.0,4.92,6,5.21,1.0,Fair,INT8239,54.44
2.8,54.7,15.4,68.41,2.65,7.57,18,1.71,2.06,Average,INT8240,68.58
1.86,13.7,47.6,93.26,5.42,1.68,13,5.76,3.17,Average,INT8241,68.88
0.48,34.4,10.5,66.83,0.0,1.4,14,4.64,1.0,Fair,INT8242,46.0
1.27,40.8,67.4,1.59,2.2,2.43,8,1.22,1.88,Average,INT8243,58.01
0.32,40.0,23.2,66.77,0.0,3.79,5,3.49,1.0,Fair,INT8244,48.42
2.12,78.8,65.2,99.66,4.9,9.67,8,2.76,2.96,Good,INT8245,73.95
1.89,32.6,51.9,99.28,8.6,8.07,14,5.47,4.44,Good,INT8246,78.88
1.64,24.1,49.4,59.49,0.0,2.16,14,2.42,1.0,Average,INT8247,58.02
2.36,49.9,39.3,43.86,3.1,3.95,13,4.28,2.24,Good,INT8248,73.79
1.33,6.5,37.3,76.78,3.2,2.21,10,6.36,2.28,Fair,INT8249,44.28
1.38,3.7,61.6,57.72,0.0,1.83,11,6.01,1.0,Fair,INT8250,41.84
0.16,3.7,7.5,58.39,0.0,0.19,6,6.33,1.0,Poor,INT8251,35.92
0.43,7.1,30.0,99.46,0.0,2.48,5,7.0,1.0,Fair,INT8252,47.35
3.61,69.5,97.2,1.96,8.73,2.79,11,1.0,4.49,Excellent,INT8253,89.5
1.92,57.7,55.9,2.38,8.62,1.32,17,4.5,4.45,Fair,INT8254,54.63
2.51,80.7,11.3,38.69,7.8,9.36,11,3.12,4.12,Good,INT8255,79.67
1.89,54.9,10.1,32.44,5.0,1.22,5,5.76,3.0,Fair,INT8256,42.15
2.57,51.0,22.0,40.07,0.0,8.16,10,2.31,1.0,Average,INT8257,64.41
0.29,11.9,28.3,66.78,0.0,0.49,7,7.0,1.0,Fair,INT8258,40.7
2.27,68.6,65.0,72.75,2.65,2.15,11,4.27,2.06,Good,INT8259,78.55
2.1,33.9,56.9,58.32,0.55,1.15,6,5.47,1.22,Fair,INT8260,50.71
1.57,45.7,54.0,7.24,0.0,8.93,11,1.28,1.0,Good,INT8261,70.96
2.07,72.5,67.1,53.52,5.02,2.04,12,2.22,3.01,Average,INT8262,66.61
1.49,47.4,9.4,94.49,4.8,6.8,12,5.8,2.92,Fair,INT8263,52.63
3.7,88.8,87.5,9.73,10.0,8.69,15,1.38,5.0,Excellent,INT8264,90.33
2.34,79.8,79.9,87.85,4.98,4.96,9,5.41,2.99,Average,INT8265,65.45
3.7,82.9,45.2,1.53,5.38,6.91,12,1.23,3.15,Excellent,INT8266,89.4
3.17,55.8,60.1,6.45,8.57,4.86,16,5.07,4.43,Good,INT8267,70.46
2.24,33.5,54.4,64.56,2.65,5.81,10,3.21,2.06,Good,INT8268,73.15
0.44,19.7,25.7,0.0,0.0,5.05,9,4.55,1.0,Fair,INT8269,50.68
3.63,37.8,89.1,92.23,4.68,6.86,4,5.48,2.87,Good,INT8270,71.61
0.76,28.4,62.8,64.31,5.55,6.06,6,2.89,3.22,Average,INT8271,59.46
3.06,42.0,76.5,62.11,8.15,5.97,9,1.38,4.26,Good,INT8272,76.72
3.26,94.2,95.7,59.92,3.8,9.9,13,1.23,2.52,Good,INT8273,83.94
2.79,76.6,83.1,59.76,9.82,7.45,9,4.47,4.93,Good,INT8274,75.81
2.42,28.6,69.3,11.27,10.0,9.47,12,3.83,5.0,Good,INT8275,72.22
1.37,20.4,26.4,54.72,4.22,1.58,15,5.56,2.69,Average,INT8276,59.44
1.09,65.9,51.0,81.01,3.5,2.29,11,4.44,2.4,Average,INT8277,57.63
0.98,59.7,26.3,75.67,2.95,6.98,17,3.92,2.18,Average,INT8278,66.62
1.06,39.0,29.1,55.7,4.68,3.19,5,3.34,2.87,Fair,INT8279,48.72
3.8,70.7,52.9,2.69,6.7,8.87,10,1.46,3.68,Excellent,INT8280,88.13
2.36,84.5,88.8,44.06,7.02,6.05,15,3.26,3.81,Excellent,INT8281,86.08
0.27,15.5,46.1,60.86,2.15,1.1,8,6.73,1.86,Fair,INT8282,43.92
0.51,3.7,3.8,39.42,4.88,0.35,4,6.34,2.95,Poor,INT8283,33.42
1.93,35.0,43.0,74.61,4.25,4.47,12,3.21,2.7,Average,INT8284,67.27
3.04,61.2,57.6,54.58,10.0,6.77,6,3.92,5.0,Good,INT8285,76.38
3.18,25.2,82.4,97.88,7.52,4.67,9,5.95,4.01,Average,INT8286,67.48
0.33,5.4,54.4,0.0,0.0,2.88,10,3.26,1.0,Fair,INT8287,52.15
3.37,85.2,77.4,5.91,7.25,7.08,15,3.92,3.9,Excellent,INT8288,91.65
3.21,72.1,14.4,91.14,10.0,4.13,15,1.04,5.0,Excellent,INT8289,100.0
1.07,28.3,66.9,43.86,0.0,2.32,9,3.73,1.0,Fair,INT8290,54.72
2.97,15.0,48.3,79.84,7.5,8.83,13,6.8,4.0,Average,INT8291,67.25
0.75,70.4,52.8,63.86,4.0,6.4,5,5.53,2.6,Average,INT8292,56.9
1.34,91.9,79.9,86.67,1.23,3.8,14,1.29,1.49,Good,INT8293,76.36
1.89,88.5,62.6,86.15,0.0,8.12,9,2.41,1.0,Good,INT8294,81.87
3.48,84.7,45.7,37.85,10.0,6.09,14,5.81,5.0,Good,INT8295,71.99
0.75,45.0,24.3,62.05,6.1,3.92,10,6.19,3.44,Average,INT8296,61.91
0.43,19.7,27.6,62.69,0.0,3.13,5,5.06,1.0,Fair,INT8297,43.05
1.32,68.2,82.9,69.14,4.68,7.05,19,4.38,2.87,Good,INT8298,80.11
1.36,21.4,80.9,6.1,0.0,4.33,15,1.6,1.0,Average,INT8299,65.8
2.31,56.6,51.6,66.88,6.95,7.43,12,3.92,3.78,Average,INT8300,64.72
2.95,79.6,62.2,59.52,4.68,7.81,16,6.17,2.87,Good,INT8301,70.47
1.45,29.1,64.3,53.29,2.0,4.42,12,2.84,1.8,Average,INT8302,65.85
0.2,29.5,8.9,40.65,0.0,2.05,6,5.63,1.0,Fair,INT8303,42.29
3.09,66.6,94.3,61.68,6.2,6.94,12,1.99,3.48,Excellent,INT8304,86.41
2.46,42.0,62.5,1.54,1.7,2.81,16,1.06,1.68,Good,INT8305,83.07
2.83,91.6,76.8,94.54,6.05,9.07,13,2.03,3.42,Excellent,INT8306,88.3
2.61,61.5,26.3,70.5,4.68,7.88,7,1.68,2.87,Good,INT8307,79.08
3.36,63.6,80.2,51.35,9.28,7.71,16,3.26,4.71,Good,INT8308,75.0
1.84,48.4,48.7,84.75,6.8,7.01,10,3.92,3.72,Good,INT8309,75.96
2.32,46.8,40.7,56.22,0.37,2.33,13,3.6,1.15,Average,INT8310,63.15
0.52,3.0,3.5,25.35,3.12,0.96,8,4.14,2.25,Fair,INT8311,52.72
3.68,63.1,66.5,79.75,10.0,5.03,8,3.02,5.0,Excellent,INT8312,86.52
3.89,58.7,69.6,7.94,0.0,7.97,18,1.44,1.0,Excellent,INT8313,85.31
0.2,14.3,23.8,68.94,0.0,3.06,5,4.96,1.0,Fair,INT8314,46.59
3.44,89.2,65.2,87.49,4.35,5.81,13,3.47,2.74,Excellent,INT8315,87.97
3.64,81.9,12.1,42.9,7.48,7.23,17,3.18,3.99,Good,INT8316,80.01
0.28,11.2,13.5,83.84,2.0,2.99,8,3.92,1.8,Fair,INT8317,40.59
1.14,25.4,12.7,75.86,10.0,6.98,16,5.97,5.0,Good,INT8318,80.68
1.72,37.1,28.0,62.42,4.68,1.95,10,5.75,2.87,Average,INT8319,55.97
1.33,81.3,65.2,42.92,2.0,2.68,9,4.28,1.8,Average,INT8320,55.8
2.26,64.5,20.1,58.56,4.38,4.48,18,1.93,2.75,Good,INT8321,70.54
2.55,70.6,71.8,71.09,6.42,4.5,8,5.26,3.57,Good,INT8322,79.15
3.12,16.2,46.6,36.51,10.0,5.22,9,2.47,5.0,Excellent,INT8323,89.0
0.36,14.9,21.8,53.22,6.4,0.75,10,3.99,3.56,Fair,INT8324,54.17
1.55,58.4,32.5,99.4,2.08,5.04,20,1.75,1.83,Good,INT8325,77.9
1.55,18.8,37.4,52.04,5.07,2.83,11,5.63,3.03,Fair,INT8326,49.07
3.6,84.1,86.5,97.32,5.48,6.21,10,1.46,3.19,Excellent,INT8327,92.77
0.15,12.6,2.3,33.7,0.0,0.73,8,5.94,1.0,Poor,INT8328,34.77
0.41,13.9,28.6,34.9,2.0,0.83,11,5.82,1.8,Poor,INT8329,36.94
3.58,26.9,37.2,56.7,8.8,7.29,15,3.55,4.52,Good,INT8330,74.42
2.27,30.6,66.5,91.78,10.0,2.06,8,5.69,5.0,Good,INT8331,81.14
2.71,80.3,51.4,94.02,9.0,9.01,13,4.7,4.6,Good,INT8332,73.59
3.15,45.6,48.0,66.83,1.15,7.68,18,6.08,1.46,Average,INT8333,58.0
3.64,59.3,31.2,59.33,0.0,4.86,9,3.58,1.0,Average,INT8334,65.84
0.84,40.9,26.7,56.36,3.38,7.69,9,5.77,2.35,Fair,INT8335,50.9
3.16,60.6,69.8,79.41,10.0,8.37,18,3.38,5.0,Excellent,INT8336,86.31
3.41,70.9,34.7,75.32,7.18,7.33,6,6.93,3.87,Average,INT8337,69.58
1.7,54.3,50.3,84.74,2.0,5.77,9,4.18,1.8,Average,INT8338,62.89
0.17,21.0,31.8,65.26,3.35,0.81,12,3.59,2.34,Average,INT8339,58.49
2.58,71.2,95.9,70.12,7.45,4.57,8,5.54,3.98,Average,INT8340,59.18
0.74,6.2,62.8,51.07,8.12,5.16,13,5.65,4.25,Fair,INT8341,50.87
1.12,39.9,81.1,55.79,4.18,3.5,9,4.64,2.67,Good,INT8342,70.74
1.34,84.3,22.5,71.16,10.0,6.08,20,2.33,5.0,Excellent,INT8343,89.08
3.45,45.9,17.9,95.99,2.68,7.86,15,3.92,2.07,Good,INT8344,82.9
0.23,5.5,12.1,82.09,4.55,1.78,9,6.55,2.82,Fair,INT8345,53.7
3.28,72.7,95.1,69.93,10.0,7.55,10,5.19,5.0,Good,INT8346,77.39
1.5,27.8,86.7,63.18,2.5,2.94,14,5.42,2.0,Average,INT8347,65.76
3.69,83.1,76.1,7.85,2.77,8.76,15,1.0,2.11,Excellent,INT8348,97.88
2.63,90.0,41.8,50.81,7.08,7.69,5,3.5,3.83,Good,INT8349,79.49
0.5,14.4,22.0,66.35,0.18,5.04,7,4.48,1.07,Fair,INT8350,47.19
1.09,12.9,24.5,97.18,4.68,3.28,16,6.04,2.87,Fair,INT8351,50.7
3.24,62.4,82.6,2.37,6.4,9.62,17,1.16,3.56,Excellent,INT8352,99.84
1.75,70.4,75.3,48.8,9.72,5.06,14,6.05,4.89,Average,INT8353,68.46
1.9,28.2,95.2,60.18,7.5,3.34,17,4.38,4.0,Good,INT8354,77.3
1.28,82.8,71.4,91.67,4.62,2.03,12,2.34,2.85,Average,INT8355,64.76
1.23,34.0,74.6,60.21,5.78,1.18,8,3.05,3.31,Average,INT8356,69.39
1.29,26.6,3.1,62.41,2.0,1.34,12,2.45,1.8,Average,INT8357,60.51
2.71,65.4,82.2,59.59,7.05,7.82,16,4.5,3.82,Average,INT8358,60.06
1.69,81.8,33.1,57.91,5.55,7.99,15,1.73,3.22,Average,INT8359,57.74
0.47,8.0,85.8,7.5,4.68,3.64,10,1.77,2.87,Average,INT8360,66.35
0.12,2.4,31.9,6.03,4.68,0.56,9,5.4,2.87,Poor,INT8361,36.08
1.7,86.5,80.3,48.62,5.8,6.94,22,2.2,3.32,Good,INT8362,82.55
2.4,92.2,51.4,97.72,1.1,7.69,8,2.82,1.44,Good,INT8363,75.88
0.89,7.1,15.0,61.53,0.0,3.21,4,3.27,1.0,Fair,INT8364,51.44
1.02,5.4,20.1,50.3,7.22,1.91,5,3.6,3.89,Fair,INT8365,50.21
2.17,23.2,40.4,79.94,2.0,1.73,11,5.9,1.8,Fair,INT8366,47.24
3.44,85.1,82.9,75.39,10.0,9.32,19,3.92,5.0,Excellent,INT8367,91.2
2.08,20.7,55.5,73.88,0.7,1.46,11,6.15,1.28,Fair,INT8368,49.22
1.78,30.1,74.4,53.09,7.35,2.05,14,4.43,3.94,Fair,INT8369,53.72
3.5,27.5,46.6,72.72,10.0,6.89,10,2.04,5.0,Excellent,INT8370,88.59
2.6,61.7,78.4,66.83,3.97,7.17,15,1.51,2.59,Good,INT8371,77.3
1.26,48.6,66.0,0.65,4.6,2.03,17,3.92,2.84,Good,INT8372,73.98
1.77,40.3,50.9,61.12,3.85,4.28,11,3.85,2.54,Average,INT8373,69.18
3.33,38.8,91.3,40.25,10.0,8.68,19,5.19,5.0,Good,INT8374,79.52
0.4,29.1,31.3,67.66,2.0,6.29,11,4.11,1.8,Fair,INT8375,46.71
3.01,93.7,73.3,65.44,10.0,7.86,13,3.69,5.0,Excellent,INT8376,88.55
3.35,58.7,70.6,98.94,10.0,8.71,16,1.64,5.0,Excellent,INT8377,98.82
1.83,61.7,55.3,96.64,3.4,6.99,21,1.96,2.36,Good,INT8378,81.45
1.21,50.1,41.3,78.73,8.62,8.4,7,4.27,4.45,Good,INT8379,75.19
3.02,81.1,84.0,69.05,10.0,7.9,15,3.68,5.0,Good,INT8380,82.7
0.51,25.5,5.6,66.83,0.08,3.87,7,4.3,1.03,Average,INT8381,58.95
1.09,60.6,60.9,67.8,2.0,7.88,12,2.4,1.8,Average,INT8382,67.21
3.19,92.5,94.5,72.26,7.12,9.47,18,5.02,3.85,Good,INT8383,78.51
1.91,61.7,38.6,97.95,0.35,7.01,3,6.01,1.14,Average,INT8384,65.03
2.48,45.2,73.5,80.43,3.28,5.42,13,2.41,2.31,Average,INT8385,69.09
1.82,96.1,62.4,60.65,7.12,7.23,18,4.3,3.85,Good,INT8386,70.96
0.4,64.7,12.2,84.47,2.75,2.04,12,7.0,2.1,Fair,INT8387,52.1
1.31,30.2,88.6,26.44,0.0,0.83,11,3.41,1.0,Fair,INT8388,53.22
2.98,63.7,9.4,66.97,4.85,6.67,8,5.03,2.94,Good,INT8389,71.05
3.67,37.5,79.3,61.38,9.33,7.88,19,1.34,4.73,Good,INT8390,80.14
0.6,13.7,7.4,6.18,5.65,2.87,7,4.67,3.26,Fair,INT8391,42.16
3.59,93.5,93.3,50.23,7.08,8.65,18,1.67,3.83,Excellent,INT8392,88.55
1.68,74.4,21.4,94.04,1.75,0.59,13,6.42,1.7,Fair,INT8393,43.55
0.48,17.6,82.2,64.8,4.07,7.15,11,4.84,2.63,Average,INT8394,55.04
1.13,15.1,14.0,54.32,0.0,1.58,8,6.1,1.0,Poor,INT8395,32.88
0.79,38.9,14.3,66.83,3.53,0.88,14,5.26,2.41,Fair,INT8396,54.7
2.15,78.3,7.5,77.8,1.25,1.37,7,4.61,1.5,Average,INT8397,62.33
3.21,42.8,86.3,99.65,3.02,1.85,16,3.75,2.21,Good,INT8398,74.56
0.25,85.9,15.7,18.38,7.78,4.79,6,6.4,4.11,Average,INT8399,63.62
0.18,8.9,9.4,4.94,2.0,0.74,6,6.39,1.8,Poor,INT8400,31.56
1.13,26.6,81.6,32.56,4.68,3.36,12,4.1,2.87,Good,INT8401,73.82
0.76,45.7,78.4,42.25,9.72,3.77,5,6.56,4.89,Average,INT8402,61.18
3.1,40.0,42.4,64.72,9.35,5.26,13,4.9,4.74,Good,INT8403,76.94
3.67,71.2,48.4,65.13,9.9,7.43,15,4.25,4.96,Good,INT8404,70.37
0.96,7.7,6.4,31.38,2.55,0.77,10,4.17,2.02,Fair,INT8405,53.74
2.48,47.1,7.6,65.71,0.0,2.1,17,2.11,1.0,Average,INT8406,58.27
3.91,94.5,94.3,2.89,6.32,9.34,15,1.49,3.53,Excellent,INT8407,100.0
2.34,83.6,74.8,52.1,10.0,3.89,11,2.83,5.0,Good,INT8408,82.59
1.59,57.9,51.7,27.44,2.95,5.55,12,4.14,2.18,Fair,INT8409,54.67
2.72,90.9,73.1,90.43,8.17,5.95,13,3.13,4.27,Good,INT8410,81.86
3.14,53.4,47.3,91.7,4.4,9.1,15,3.57,2.76,Good,INT8411,73.06
2.65,57.3,82.1,55.58,7.5,5.27,14,7.0,4.0,Average,INT8412,61.03
3.56,33.2,35.8,65.26,10.0,9.4,16,3.18,5.0,Excellent,INT8413,96.88
3.38,74.5,63.5,84.67,4.68,8.46,9,3.61,2.87,Excellent,INT8414,92.76
3.3,86.3,81.6,63.63,6.18,8.84,11,1.94,3.47,Good,INT8415,84.93
2.57,91.0,83.9,9.38,10.0,7.48,15,1.52,5.0,Excellent,INT8416,98.0
1.77,7.5,30.0,4.86,4.18,5.56,8,5.17,2.67,Fair,INT8417,46.43
1.0,41.6,37.2,57.5,5.8,5.66,10,4.01,3.32,Average,INT8418,69.93
2.81,50.7,70.0,64.56,6.6,3.37,12,5.15,3.64,Average,INT8419,64.28
3.85,87.0,68.2,79.0,9.12,5.56,9,1.63,4.65,Excellent,INT8420,100.0
1.8,81.4,62.6,91.3,3.22,7.09,14,4.36,2.29,Good,INT8421,76.98
0.64,22.7,39.4,68.18,4.85,6.23,2,2.82,2.94,Average,INT8422,55.36
3.73,67.7,55.3,67.4,0.97,4.34,7,2.22,1.39,Good,INT8423,75.77
3.46,78.0,83.0,8.26,8.88,6.93,13,1.0,4.55,Excellent,INT8424,85.41
0.83,70.0,51.0,82.23,4.2,3.7,15,1.76,2.68,Average,INT8425,64.92
3.09,83.2,17.9,87.58,5.95,8.26,13,3.36,3.38,Good,INT8426,70.75
2.54,69.6,30.8,3.22,9.98,3.32,9,1.55,4.99,Good,INT8427,84.7
0.26,88.0,34.8,79.32,7.75,1.81,13,7.0,4.1,Fair,INT8428,53.78
3.3,55.5,55.5,69.47,3.25,4.95,9,2.45,2.3,Average,INT8429,69.72
1.68,81.2,45.3,85.82,2.0,7.35,17,1.45,1.8,Average,INT8430,65.65
3.34,56.4,84.7,58.23,10.0,7.44,10,2.41,5.0,Excellent,INT8431,85.56
1.7,76.3,32.5,28.69,7.0,5.12,15,4.53,3.8,Good,INT8432,72.16
1.76,47.3,3.3,71.3,2.0,2.72,16,1.65,1.8,Average,INT8433,60.96
2.39,31.0,88.2,66.83,9.65,7.3,14,6.53,4.86,Good,INT8434,72.34
0.37,48.1,79.9,78.67,4.9,7.64,14,6.52,2.96,Average,INT8435,66.27
2.59,89.1,82.2,98.27,2.1,7.79,6,2.66,1.84,Average,INT8436,64.95
1.64,28.7,21.1,27.99,3.2,6.18,9,3.81,2.28,Average,INT8437,60.68
3.5,73.5,61.5,6.98,1.07,8.81,11,1.49,1.43,Excellent,INT8438,85.58
2.54,62.6,22.5,70.95,2.03,3.2,11,4.77,1.81,Average,INT8439,63.1
3.19,64.2,62.2,58.84,5.28,7.34,7,3.03,3.11,Good,INT8440,77.96
1.56,17.4,44.3,90.6,3.75,9.25,9,2.69,2.5,Good,INT8441,77.88
1.82,78.8,32.0,66.83,0.0,2.05,16,2.7,1.0,Average,INT8442,64.98
3.45,84.5,88.8,61.19,10.0,7.6,16,4.43,5.0,Good,INT8443,82.26
1.15,63.9,31.8,82.08,1.92,1.73,11,3.24,1.77,Average,INT8444,57.74
3.84,88.2,97.1,97.45,10.0,8.88,20,1.9,5.0,Excellent,INT8445,89.46
1.11,33.7,36.0,69.18,0.93,6.67,11,5.4,1.37,Fair,INT8446,50.72
1.34,67.9,7.8,57.24,0.8,7.13,13,4.21,1.32,Average,INT8447,62.9
1.47,30.9,13.8,68.57,3.92,4.91,15,5.89,2.57,Average,INT8448,65.05
1.8,64.3,80.8,74.58,0.0,3.96,8,1.85,1.0,Average,INT8449,63.2
2.2,48.6,47.3,66.83,4.68,5.08,5,5.26,2.87,Average,INT8450,57.43
1.0,23.5,38.4,37.4,4.68,3.49,9,4.71,2.87,Fair,INT8451,47.33
3.06,81.8,54.9,20.02,7.6,6.96,7,1.6,4.04,Good,INT8452,74.83
0.95,48.4,78.2,48.79,6.12,8.09,10,5.03,3.45,Good,INT8453,70.89
0.14,19.9,4.2,37.05,4.62,3.3,4,3.5,2.85,Fair,INT8454,46.42
1.36,62.6,82.5,72.88,8.2,5.79,9,6.28,4.28,Good,INT8455,71.43
2.58,72.6,84.5,93.64,3.85,9.15,15,1.71,2.54,Good,INT8456,70.56
0.83,24.3,28.7,54.3,1.75,0.49,10,5.16,1.7,Fair,INT8457,46.71
0.64,66.8,56.3,51.52,10.0,4.22,12,3.2,5.0,Average,INT8458,68.72
1.47,7.0,16.9,80.32,2.2,1.13,9,6.83,1.88,Average,INT8459,56.24
2.61,66.9,18.9,66.55,4.5,5.51,16,2.64,2.8,Good,INT8460,71.61
0.39,17.8,18.9,70.9,0.0,1.51,12,6.34,1.0,Poor,INT8461,36.49
2.18,60.9,52.8,70.29,10.0,6.91,11,6.79,5.0,Average,INT8462,64.0
0.76,7.6,51.5,54.33,10.0,3.14,13,2.45,5.0,Good,INT8463,74.04
0.56,11.6,23.4,50.18,0.0,2.25,4,5.67,1.0,Fair,INT8464,40.79
1.92,11.6,19.7,94.92,5.75,1.52,8,7.0,3.3,Fair,INT8465,49.95
3.74,94.2,95.2,60.89,10.0,5.56,21,2.73,5.0,Excellent,INT8466,86.06
2.47,36.7,46.7,71.3,4.68,4.79,8,3.88,2.87,Good,INT8467,71.42
1.2,49.5,38.2,98.6,5.07,1.96,9,3.92,3.03,Average,INT8468,58.54
1.23,37.0,57.8,91.34,1.23,8.98,10,2.38,1.49,Good,INT8469,78.07
2.23,64.9,79.5,0.82,1.92,9.13,12,1.55,1.77,Average,INT8470,66.93
2.25,73.4,73.5,52.57,0.18,5.99,12,2.73,1.07,Good,INT8471,80.03
3.72,98.3,74.5,86.5,7.92,3.74,20,2.43,4.17,Excellent,INT8472,91.34
3.03,78.3,80.6,84.92,6.38,2.21,11,3.92,3.55,Average,INT8473,67.17
2.84,93.7,38.6,88.04,0.0,6.8,23,1.94,1.0,Good,INT8474,80.51
2.65,93.6,56.8,72.87,6.55,7.02,12,6.42,3.62,Good,INT8475,76.09
1.05,29.8,15.4,58.8,7.75,1.98,7,4.9,4.1,Average,INT8476,62.9
3.4,67.7,76.3,73.24,5.15,3.97,10,1.55,3.06,Good,INT8477,79.01
0.8,47.3,60.9,82.39,6.62,8.69,10,4.53,3.65,Fair,INT8478,53.89
0.27,44.1,37.2,80.43,8.08,5.24,15,4.96,4.23,Average,INT8479,69.0
0.95,2.1,14.6,19.57,5.25,6.62,9,6.48,3.1,Fair,INT8480,51.08
0.35,48.7,48.1,4.18,7.98,1.35,14,1.0,4.19,Average,INT8481,68.71
3.68,91.1,90.4,98.26,10.0,9.67,12,2.66,5.0,Excellent,INT8482,98.93
2.59,47.7,46.6,57.59,3.82,4.79,8,3.92,2.53,Average,INT8483,67.32
3.24,22.7,81.6,39.13,2.5,4.78,9,6.26,2.0,Average,INT8484,63.77
1.64,50.6,69.6,88.38,0.37,5.5,7,5.71,1.15,Average,INT8485,69.81
2.35,20.7,54.8,40.78,4.12,3.76,21,5.48,2.65,Average,INT8486,61.02
1.99,77.4,4.4,37.02,1.35,3.35,18,1.89,1.54,Average,INT8487,60.45
0.65,31.2,32.8,73.36,0.55,6.02,11,3.92,1.22,Average,INT8488,62.4
3.53,27.2,84.1,78.45,5.25,2.92,16,2.75,3.1,Excellent,INT8489,89.25
2.06,40.7,38.7,0.08,4.02,7.9,11,2.25,2.61,Good,INT8490,79.02
2.31,84.2,73.8,95.95,10.0,7.63,13,5.87,5.0,Good,INT8491,77.51
2.59,64.8,53.6,64.23,0.0,5.8,12,1.62,1.0,Average,INT8492,58.82
2.51,41.9,68.6,83.07,4.58,8.21,14,3.92,2.83,Good,INT8493,73.21
2.41,28.2,78.8,55.61,10.0,5.27,10,6.93,5.0,Average,INT8494,58.72
2.28,56.5,79.6,69.61,4.68,5.17,24,1.99,2.87,Good,INT8495,79.28
2.55,47.2,24.4,66.83,6.4,3.91,12,6.54,3.56,Good,INT8496,74.64
1.92,30.6,19.3,61.24,9.4,8.74,11,7.0,4.76,Average,INT8497,67.0
1.29,50.6,63.9,79.49,5.15,2.0,7,4.82,3.06,Fair,INT8498,53.97
2.43,25.4,82.0,57.67,0.0,5.15,9,1.8,1.0,Average,INT8499,60.41
0.85,62.1,9.6,55.14,0.0,1.34,11,3.32,1.0,Fair,INT8500,54.77
3.3,86.2,61.1,49.52,4.3,7.77,17,3.18,2.72,Good,INT8501,79.07
2.52,26.8,93.1,83.75,0.0,4.75,8,3.31,1.0,Average,INT8502,66.2
1.72,41.5,51.0,55.67,4.82,2.94,13,2.93,2.93,Good,INT8503,79.2
0.74,12.4,80.3,95.89,0.0,0.83,4,6.68,1.0,Average,INT8504,55.6
1.83,60.8,38.2,61.29,3.77,6.26,9,1.72,2.51,Good,INT8505,83.5
0.73,55.1,31.9,56.0,5.2,5.58,9,5.54,3.08,Average,INT8506,66.67
2.26,76.6,47.0,0.0,4.98,2.29,18,1.09,2.99,Good,INT8507,81.02
1.1,40.1,10.3,58.48,9.4,1.75,9,5.0,4.76,Average,INT8508,66.18
0.33,25.5,1.4,54.53,2.88,0.78,5,3.92,2.15,Poor,INT8509,28.29
2.3,55.2,47.3,89.89,3.6,7.96,13,2.77,2.44,Good,INT8510,72.48
2.98,25.6,59.1,74.78,7.45,7.45,15,2.54,3.98,Good,INT8511,80.24
0.57,8.0,17.6,69.43,0.0,2.16,7,5.0,1.0,Average,INT8512,57.93
2.52,91.9,54.8,97.53,4.0,8.58,15,5.63,2.6,Good,INT8513,82.32
3.54,73.4,88.5,68.55,4.07,5.47,7,5.47,2.63,Good,INT8514,80.14
1.77,82.9,90.9,0.0,10.0,1.48,14,3.34,5.0,Good,INT8515,81.6
0.55,30.0,19.0,42.56,3.25,5.36,9,2.08,2.3,Average,INT8516,62.59
0.22,17.3,25.3,61.95,2.18,2.2,7,6.82,1.87,Average,INT8517,56.69
0.6,27.3,4.4,74.94,7.95,2.27,6,6.51,4.18,Fair,INT8518,46.34
0.91,24.4,40.4,66.83,2.0,3.2,10,3.73,1.8,Average,INT8519,55.54
1.34,48.4,25.4,75.8,2.92,3.07,11,6.04,2.17,Fair,INT8520,47.77
1.25,19.0,22.4,83.46,0.2,2.85,14,4.05,1.08,Average,INT8521,57.86
0.64,20.6,40.9,88.86,0.83,3.24,7,3.37,1.33,Average,INT8522,67.98
1.98,22.7,56.9,85.51,6.6,4.54,27,1.9,3.64,Good,INT8523,74.95
2.72,60.9,30.3,60.28,9.05,6.81,12,3.26,4.62,Good,INT8524,81.49
2.53,76.0,85.1,27.15,0.0,2.7,8,3.97,1.0,Fair,INT8525,54.3
3.94,78.5,93.2,1.87,10.0,6.48,11,1.3,5.0,Excellent,INT8526,96.89
1.61,9.0,22.0,59.95,4.3,3.39,7,3.28,2.72,Fair,INT8527,54.02
0.9,49.7,9.9,20.71,5.9,6.64,7,5.38,3.36,Fair,INT8528,44.52
1.39,24.2,4.1,76.35,4.7,2.16,15,3.92,2.88,Average,INT8529,61.81
2.34,84.7,91.3,66.34,1.72,3.88,8,4.35,1.69,Average,INT8530,66.11
0.55,45.8,21.2,87.81,0.0,0.5,8,6.09,1.0,Fair,INT8531,44.04
2.68,26.6,74.5,4.48,0.0,2.57,13,1.47,1.0,Average,INT8532,66.15
0.5,47.9,27.6,98.94,4.05,2.33,5,4.69,2.62,Average,INT8533,66.96
1.52,16.1,24.2,87.93,2.8,5.2,7,3.92,2.12,Fair,INT8534,52.79
1.97,31.1,51.2,52.88,6.62,2.03,12,4.1,3.65,Good,INT8535,72.6
2.3,57.6,64.4,75.44,4.6,6.94,8,3.38,2.84,Good,INT8536,77.66
3.04,66.0,49.0,78.13,5.6,3.97,5,1.35,3.24,Average,INT8537,62.99
2.5,80.4,58.2,44.9,6.45,8.91,11,6.41,3.58,Good,INT8538,75.12
2.09,34.1,23.9,47.57,0.0,7.35,12,3.92,1.0,Average,INT8539,56.44
2.77,10.7,49.8,74.17,4.8,5.15,8,6.56,2.92,Average,INT8540,66.85
2.81,49.3,20.5,68.4,10.0,8.54,5,4.97,5.0,Good,INT8541,70.97
0.69,61.0,26.9,63.57,10.0,8.09,3,3.92,5.0,Good,INT8542,72.82
3.0,19.0,43.4,97.31,4.47,7.76,16,3.92,2.79,Average,INT8543,68.19
1.97,80.7,63.9,25.9,1.15,3.72,7,5.12,1.46,Average,INT8544,62.87
1.33,31.3,81.4,53.17,0.85,1.03,7,3.86,1.34,Fair,INT8545,53.49
1.64,53.0,35.7,58.36,6.28,4.51,11,4.47,3.51,Good,INT8546,72.55
1.22,30.3,41.3,92.86,4.12,4.36,9,5.99,2.65,Average,INT8547,64.88
2.42,54.7,30.4,79.33,1.88,3.57,7,3.6,1.75,Good,INT8548,71.94
3.54,89.8,87.3,62.26,7.5,8.57,5,2.92,4.0,Excellent,INT8549,93.34
2.34,55.1,43.1,53.39,2.0,1.46,20,1.45,1.8,Average,INT8550,66.17
2.91,38.0,49.3,0.0,10.0,8.69,10,6.0,5.0,Good,INT8551,71.48
3.61,31.5,87.7,77.53,10.0,8.89,21,3.92,5.0,Excellent,INT8552,90.22
2.48,60.3,44.3,66.83,2.57,1.54,5,5.02,2.03,Average,INT8553,56.69
1.78,49.5,16.5,57.41,0.0,5.26,9,3.87,1.0,Average,INT8554,60.29
1.92,84.4,80.3,78.7,5.62,6.97,12,3.56,3.25,Average,INT8555,66.32
0.81,64.1,48.0,4.23,7.45,6.09,16,3.92,3.98,Good,INT8556,75.04
3.32,68.1,74.7,66.83,3.1,4.31,7,3.92,2.24,Average,INT8557,65.21
2.84,42.9,86.5,74.92,7.9,7.72,10,4.72,4.16,Average,INT8558,65.06
1.27,18.3,83.9,80.11,1.82,1.99,4,5.58,1.73,Average,INT8559,66.87
3.21,65.6,15.8,51.61,4.35,4.39,16,6.12,2.74,Average,INT8560,69.78
3.74,80.9,83.6,51.64,5.3,9.57,18,1.85,3.12,Good,INT8561,80.1
1.12,44.5,18.0,66.83,8.45,4.73,9,6.46,4.38,Average,INT8562,63.14
0.34,31.0,51.1,59.66,2.0,2.14,6,4.86,1.8,Fair,INT8563,47.81
1.16,40.1,72.1,6.12,5.72,1.54,12,6.35,3.29,Average,INT8564,55.42
0.28,29.9,43.4,44.95,3.4,6.61,19,3.56,2.36,Fair,INT8565,54.39
2.92,48.9,60.2,99.09,10.0,7.8,11,4.15,5.0,Excellent,INT8566,89.47
2.89,77.9,70.2,91.77,9.5,2.74,11,6.38,4.8,Good,INT8567,71.18
0.57,37.3,25.5,33.57,5.07,6.4,14,6.64,3.03,Average,INT8568,59.74
2.09,71.6,46.8,55.0,8.52,2.25,11,3.9,4.41,Good,INT8569,72.7
2.79,68.4,43.1,55.86,7.08,6.2,8,3.06,3.83,Good,INT8570,70.3
0.89,31.4,2.9,69.32,1.0,3.93,8,3.49,1.4,Fair,INT8571,53.64
1.84,45.2,27.6,65.04,0.0,8.75,5,3.14,1.0,Average,INT8572,63.11
0.36,30.1,75.1,81.13,0.88,2.1,10,3.0,1.35,Average,INT8573,59.21
2.96,79.9,53.6,74.22,2.25,5.78,10,2.61,1.9,Good,INT8574,79.52
0.08,11.9,10.2,58.83,0.0,0.1,5,5.86,1.0,Fair,INT8575,42.36
3.55,86.8,81.8,90.16,9.02,7.72,14,1.67,4.61,Excellent,INT8576,90.08
0.84,37.4,17.4,63.66,4.68,1.26,9,4.7,2.87,Average,INT8577,62.88
3.54,60.1,70.7,91.02,4.1,6.8,11,1.72,2.64,Good,INT8578,81.77
1.77,85.6,44.9,80.58,3.35,4.37,11,3.33,2.34,Average,INT8579,59.44
2.75,36.3,18.2,68.64,4.68,8.71,9,1.64,2.87,Good,INT8580,72.1
0.25,19.7,39.4,52.03,0.0,1.19,20,2.91,1.0,Average,INT8581,59.67
2.22,36.2,83.6,30.59,4.5,5.78,12,5.4,2.8,Average,INT8582,63.11
0.37,8.5,5.5,64.86,2.0,1.36,10,6.68,1.8,Fair,INT8583,49.07
2.25,77.5,59.5,90.9,4.68,5.77,11,2.55,2.87,Excellent,INT8584,91.02
2.07,39.2,90.6,78.74,7.1,4.93,7,4.11,3.84,Good,INT8585,79.09
2.57,90.5,31.8,73.32,2.0,5.82,13,4.03,1.8,Average,INT8586,59.97
1.14,21.6,61.8,51.18,4.7,8.07,9,6.32,2.88,Average,INT8587,64.21
0.67,17.1,98.5,73.31,6.18,2.05,6,5.19,3.47,Average,INT8588,63.73
3.43,46.3,81.8,82.22,4.98,7.2,14,4.29,2.99,Good,INT8589,76.08
0.15,6.9,8.0,65.37,1.4,0.9,7,5.21,1.56,Fair,INT8590,42.32
0.98,31.3,34.2,91.92,2.0,1.39,10,5.89,1.8,Fair,INT8591,46.17
1.41,56.7,65.1,6.01,0.0,1.18,5,1.3,1.0,Good,INT8592,70.19
1.42,71.7,22.9,46.35,5.65,4.84,16,3.47,3.26,Average,INT8593,59.0
2.23,32.2,13.7,91.53,7.43,1.94,13,6.5,3.97,Good,INT8594,70.59
2.89,59.7,60.2,74.37,2.38,1.47,14,5.31,1.95,Average,INT8595,64.82
3.53,61.5,82.0,20.21,6.75,3.7,12,3.88,3.7,Good,INT8596,80.85
1.45,22.6,16.3,53.89,0.0,1.65,10,3.9,1.0,Fair,INT8597,45.52
0.91,62.5,78.1,84.98,2.0,1.74,13,3.36,1.8,Fair,INT8598,54.66
2.45,38.5,93.6,93.26,4.5,4.47,17,3.89,2.8,Excellent,INT8599,85.22
1.99,79.6,57.1,90.37,6.8,4.39,16,4.43,3.72,Average,INT8600,60.45
3.26,51.9,47.3,82.78,4.68,5.48,7,4.01,2.87,Average,INT8601,68.12
2.53,11.2,6.2,57.07,9.48,5.73,10,4.99,4.79,Fair,INT8602,54.54
0.32,5.1,9.9,54.7,0.0,0.49,11,6.33,1.0,Poor,INT8603,38.03
3.49,77.7,27.2,39.94,8.43,7.47,16,2.36,4.37,Excellent,INT8604,85.68
2.99,42.0,9.5,92.75,0.75,7.64,13,3.92,1.3,Average,INT8605,64.64
2.7,18.1,76.8,98.09,10.0,3.15,14,3.75,5.0,Good,INT8606,84.34
3.33,80.2,92.1,62.07,3.35,6.55,15,5.6,2.34,Good,INT8607,73.89
1.12,16.0,4.8,88.1,0.0,5.14,6,2.86,1.0,Average,INT8608,63.78
2.08,79.8,59.1,78.69,10.0,6.77,6,4.9,5.0,Good,INT8609,81.36
0.25,4.9,15.2,51.59,4.8,1.15,10,6.12,2.92,Fair,INT8610,46.35
3.41,98.8,83.7,77.15,8.73,8.95,19,3.49,4.49,Good,INT8611,84.23
0.12,20.9,4.0,90.3,4.07,3.5,12,6.81,2.63,Fair,INT8612,43.66
0.97,27.8,60.5,63.81,8.05,2.36,8,7.0,4.22,Fair,INT8613,54.14
2.79,80.5,31.7,70.9,0.0,6.99,14,1.99,1.0,Good,INT8614,82.71
3.57,37.1,27.3,61.81,9.75,7.82,16,2.5,4.9,Excellent,INT8615,86.7
1.83,15.6,7.0,53.82,8.05,0.57,9,6.68,4.22,Fair,INT8616,52.27
1.55,57.0,30.6,23.09,0.0,2.69,17,6.56,1.0,Fair,INT8617,46.06
3.23,45.5,45.8,91.85,7.5,3.36,7,1.09,4.0,Excellent,INT8618,96.7
2.22,68.0,47.2,3.27,1.27,3.9,12,1.35,1.51,Good,INT8619,79.76
1.02,43.3,68.1,66.83,2.0,1.75,25,1.75,1.8,Good,INT8620,70.69
2.78,81.0,58.8,76.56,5.58,1.75,18,6.81,3.23,Average,INT8621,59.74
3.73,73.4,19.7,74.03,5.75,2.67,6,2.42,3.3,Good,INT8622,76.96
3.22,22.5,64.2,90.35,3.9,2.67,9,3.57,2.56,Average,INT8623,69.49
1.86,88.6,69.6,71.17,6.88,2.77,8,6.52,3.75,Fair,INT8624,53.66
1.93,54.9,78.2,7.81,10.0,9.33,9,1.0,5.0,Excellent,INT8625,100.0
2.88,61.3,56.0,15.23,6.82,6.49,9,5.07,3.73,Good,INT8626,70.42
1.68,16.9,80.4,81.82,3.1,3.78,7,2.61,2.24,Average,INT8627,60.78
1.02,6.3,7.1,85.13,4.12,3.28,9,5.77,2.65,Fair,INT8628,46.52
3.88,72.5,83.8,94.95,7.25,3.05,18,2.87,3.9,Excellent,INT8629,100.0
3.26,51.6,71.2,61.22,6.78,7.3,12,5.52,3.71,Average,INT8630,66.34
2.12,82.9,64.3,80.21,10.0,7.13,8,4.99,5.0,Good,INT8631,75.45
2.16,28.7,64.4,71.66,0.0,8.6,16,2.52,1.0,Good,INT8632,71.49
3.24,89.6,71.0,8.4,10.0,2.87,18,3.92,5.0,Excellent,INT8633,86.95
2.46,89.7,93.7,55.34,2.15,6.23,14,3.2,1.86,Good,INT8634,76.21
2.62,47.1,58.1,27.65,2.45,1.74,7,3.06,1.98,Average,INT8635,63.28
0.55,46.3,41.8,91.85,5.0,1.73,17,5.65,3.0,Average,INT8636,61.93
2.56,58.4,29.0,61.7,10.0,9.15,12,5.73,5.0,Average,INT8637,67.09
2.2,79.4,29.5,69.12,2.3,3.45,15,3.52,1.92,Average,INT8638,61.64
2.84,31.9,87.4,91.42,7.78,8.71,9,4.59,4.11,Good,INT8639,80.87
1.23,67.8,15.0,54.04,5.82,6.73,12,4.14,3.33,Good,INT8640,73.67
0.97,47.5,96.2,81.24,10.0,3.11,7,5.76,5.0,Good,INT8641,70.94
3.34,93.9,84.3,93.41,7.52,7.99,22,3.5,4.01,Good,INT8642,83.54
2.02,45.7,24.6,59.92,0.0,6.22,8,3.92,1.0,Good,INT8643,78.9
2.03,45.6,35.5,68.64,5.82,3.8,10,2.73,3.33,Average,INT8644,68.31
2.78,46.1,59.2,3.0,7.5,8.48,15,4.3,4.0,Excellent,INT8645,85.14
2.39,15.4,38.4,71.37,2.4,8.51,4,3.48,1.96,Good,INT8646,70.15
0.83,43.0,14.0,66.83,4.47,6.78,19,4.09,2.79,Average,INT8647,66.26
3.48,94.2,72.0,76.54,9.07,8.81,10,1.44,4.63,Good,INT8648,83.97
0.1,26.7,2.4,88.24,4.68,3.6,5,5.03,2.87,Fair,INT8649,47.85
3.69,74.6,45.9,2.69,10.0,8.7,12,2.33,5.0,Good,INT8650,78.18
1.97,72.1,30.4,79.5,4.68,3.7,10,2.43,2.87,Average,INT8651,69.95
0.54,55.2,49.8,77.51,4.68,2.74,12,2.99,2.87,Average,INT8652,65.87
3.17,91.8,68.7,80.5,7.08,7.69,14,2.15,3.83,Excellent,INT8653,95.0
1.68,46.1,60.3,46.82,10.0,2.79,12,4.82,5.0,Good,INT8654,83.63
2.48,66.2,86.6,63.31,10.0,5.0,8,3.24,5.0,Excellent,INT8655,91.81
2.64,67.1,77.0,89.28,1.23,7.31,15,3.6,1.49,Good,INT8656,80.42
1.38,35.7,80.1,60.98,10.0,3.55,12,4.65,5.0,Good,INT8657,75.71
2.1,66.6,53.3,91.29,10.0,8.03,15,1.81,5.0,Excellent,INT8658,91.12
1.93,65.3,76.1,24.67,10.0,7.67,11,2.05,5.0,Good,INT8659,76.45
3.32,51.5,74.9,57.99,4.68,7.56,25,6.12,2.87,Good,INT8660,74.27
2.78,40.6,74.1,94.14,5.93,1.82,14,3.17,3.37,Average,INT8661,66.99
3.05,80.6,58.4,55.06,8.93,5.96,11,3.18,4.57,Good,INT8662,84.81
3.2,54.5,88.3,0.0,3.53,3.48,11,1.34,2.41,Excellent,INT8663,85.81
1.66,73.6,40.2,89.93,9.28,7.64,7,3.52,4.71,Good,INT8664,72.46
0.96,16.9,16.6,75.19,4.68,6.95,14,4.42,2.87,Fair,INT8665,46.52
0.83,23.1,16.0,65.44,4.9,2.27,10,4.81,2.96,Average,INT8666,66.31
1.35,25.0,52.7,36.09,1.1,4.58,12,5.54,1.44,Average,INT8667,63.03
3.81,96.9,72.1,98.43,4.98,8.64,14,1.91,2.99,Excellent,INT8668,100.0
3.45,91.4,55.6,60.08,9.25,7.67,11,2.15,4.7,Excellent,INT8669,92.28
1.57,35.7,42.7,78.98,10.0,8.5,15,5.83,5.0,Good,INT8670,74.55
1.67,32.1,25.1,54.16,2.97,2.34,14,6.57,2.19,Fair,INT8671,42.77
3.47,96.5,66.1,60.89,10.0,9.26,15,2.29,5.0,Excellent,INT8672,95.79
3.7,49.4,75.4,66.83,4.05,9.02,10,4.48,2.62,Good,INT8673,70.38
3.67,72.7,78.1,65.13,6.02,9.5,9,2.2,3.41,Excellent,INT8674,87.33
3.58,74.7,73.8,99.29,1.67,5.94,9,1.01,1.67,Good,INT8675,73.97
3.02,22.4,53.2,75.04,2.55,5.43,16,3.36,2.02,Good,INT8676,70.32
2.89,47.5,92.7,75.83,9.15,5.73,18,2.15,4.66,Excellent,INT8677,99.73
1.19,23.0,48.9,51.82,8.98,5.75,11,5.27,4.59,Average,INT8678,67.33
1.76,75.0,26.5,97.83,4.32,4.85,10,4.07,2.73,Good,INT8679,83.44
3.47,64.2,71.4,58.71,2.97,8.36,15,1.81,2.19,Excellent,INT8680,85.48
2.65,55.4,61.6,8.39,5.78,8.23,11,1.46,3.31,Good,INT8681,74.24
2.05,44.5,37.2,66.83,10.0,2.39,23,5.53,5.0,Good,INT8682,70.56
3.71,94.3,95.9,70.78,5.68,4.49,9,2.37,3.27,Good,INT8683,82.27
0.84,11.0,19.0,82.17,2.0,2.18,16,4.16,1.8,Fair,INT8684,49.27
3.19,30.1,45.0,83.1,0.62,7.74,12,3.44,1.25,Average,INT8685,59.08
0.26,4.4,21.8,27.72,3.08,2.05,10,4.51,2.23,Fair,INT8686,41.11
2.86,67.1,27.3,74.98,9.25,2.33,7,2.62,4.7,Good,INT8687,78.04
2.35,66.3,72.8,89.52,0.0,6.93,9,1.02,1.0,Good,INT8688,70.74
3.28,83.9,76.9,72.16,0.0,9.1,15,2.4,1.0,Good,INT8689,76.7
2.85,22.6,54.2,58.29,3.08,3.02,11,1.87,2.23,Average,INT8690,63.75
1.44,33.4,55.9,65.66,7.5,2.34,13,3.7,4.0,Average,INT8691,68.04
1.65,90.4,32.8,60.62,2.08,4.61,9,4.73,1.83,Average,INT8692,67.28
3.68,61.1,27.4,56.29,8.85,6.52,17,2.17,4.54,Good,INT8693,80.47
2.18,46.0,50.1,0.0,4.65,8.33,12,1.08,2.86,Good,INT8694,77.3
2.77,52.6,39.2,77.05,8.65,6.0,15,4.17,4.46,Average,INT8695,63.53
1.33,55.1,7.4,53.64,1.48,3.51,18,4.58,1.59,Average,INT8696,58.03
0.9,71.4,31.0,50.09,10.0,4.53,20,6.74,5.0,Average,INT8697,65.05
0.82,30.2,17.5,99.65,5.3,1.48,13,4.63,3.12,Average,INT8698,66.96
2.91,49.3,34.1,98.21,0.1,8.73,11,3.86,1.04,Average,INT8699,67.11
2.65,43.6,81.8,91.46,4.93,6.61,14,4.07,2.97,Good,INT8700,78.77
0.46,5.2,19.8,63.32,3.1,0.93,5,6.27,2.24,Fair,INT8701,45.23
2.37,13.8,62.8,28.86,5.98,3.8,12,3.92,3.39,Average,INT8702,67.94
2.34,85.8,63.4,91.68,0.78,4.7,5,3.13,1.31,Average,INT8703,67.55
2.42,64.8,89.2,52.79,9.02,3.22,14,2.45,4.61,Good,INT8704,74.15
1.13,15.6,23.6,60.28,4.45,0.6,12,2.51,2.78,Fair,INT8705,52.11
1.52,28.8,75.7,77.22,1.35,3.12,6,4.33,1.54,Average,INT8706,62.51
0.5,20.2,7.5,58.92,0.0,1.8,5,5.29,1.0,Fair,INT8707,49.82
3.64,89.5,81.1,25.69,7.5,8.45,16,4.09,4.0,Excellent,INT8708,89.32
3.58,80.5,63.8,88.86,7.5,9.73,14,1.0,4.0,Excellent,INT8709,100.0
0.8,59.4,66.4,87.79,0.0,2.6,5,5.58,1.0,Average,INT8710,60.34
1.56,58.4,55.7,70.08,7.75,2.64,8,6.04,4.1,Good,INT8711,74.06
3.22,48.6,80.7,21.2,9.0,5.47,19,3.04,4.6,Good,INT8712,74.22
3.87,78.9,56.1,64.25,7.18,6.43,11,5.36,3.87,Excellent,INT8713,89.01
2.94,86.6,50.9,29.03,3.1,7.18,13,3.82,2.24,Good,INT8714,78.91
0.36,9.1,2.0,83.34,0.0,0.54,5,6.67,1.0,Fair,INT8715,40.95
1.11,28.1,66.1,56.1,6.62,6.29,13,5.92,3.65,Average,INT8716,63.01
3.26,72.4,37.2,85.28,9.35,4.41,8,3.99,4.74,Good,INT8717,71.36
2.11,18.7,54.0,98.61,4.18,2.92,6,5.59,2.67,Fair,INT8718,45.73
1.36,41.3,25.6,52.18,0.03,3.55,12,6.71,1.01,Poor,INT8719,38.63
0.96,15.5,16.7,4.98,8.73,8.25,11,4.02,4.49,Good,INT8720,79.76
2.56,53.1,20.1,5.92,4.25,9.26,5,2.75,2.7,Excellent,INT8721,86.65
3.25,93.1,80.0,71.53,10.0,8.94,8,5.89,5.0,Good,INT8722,72.31
3.64,82.4,87.0,33.93,10.0,7.85,21,2.14,5.0,Excellent,INT8723,88.25
2.69,83.5,18.0,90.35,5.58,5.97,10,2.98,3.23,Excellent,INT8724,85.8
0.58,8.9,20.1,73.69,0.0,2.53,10,6.33,1.0,Poor,INT8725,38.89
2.07,47.7,18.0,74.23,0.0,7.35,4,4.89,1.0,Average,INT8726,55.82
0.9,37.9,15.9,85.85,0.0,5.89,9,3.3,1.0,Fair,INT8727,50.33
0.5,25.9,13.2,5.67,2.95,1.19,5,2.6,2.18,Fair,INT8728,53.2
1.77,84.2,45.2,67.66,6.2,5.21,6,2.94,3.48,Average,INT8729,59.83
3.16,80.4,33.6,87.85,2.52,5.82,9,3.13,2.01,Good,INT8730,78.44
3.78,93.8,38.7,89.0,5.98,9.51,9,2.52,3.39,Excellent,INT8731,91.85
2.89,69.0,53.1,50.72,7.5,5.73,14,5.78,4.0,Average,INT8732,67.9
2.94,49.1,59.9,57.19,5.65,7.57,12,3.0,3.26,Good,INT8733,78.95
3.66,61.2,45.0,26.15,4.28,4.36,12,3.76,2.71,Good,INT8734,82.95
0.63,16.3,39.4,67.58,7.0,6.66,13,3.39,3.8,Average,INT8735,68.17
3.22,16.3,32.9,64.57,10.0,1.47,12,7.0,5.0,Average,INT8736,68.8
3.68,39.2,61.1,83.43,4.05,6.31,11,3.34,2.62,Average,INT8737,68.61
3.42,77.0,69.9,91.41,4.78,6.65,13,1.39,2.91,Good,INT8738,75.27
3.6,52.5,79.8,59.6,6.68,6.72,10,1.65,3.67,Excellent,INT8739,92.16
1.8,45.2,45.2,47.21,3.38,6.06,16,4.7,2.35,Average,INT8740,61.29
1.98,49.9,73.8,68.39,0.03,5.37,16,4.85,1.01,Average,INT8741,66.83
1.05,17.2,79.5,66.83,7.3,0.56,8,3.68,3.92,Average,INT8742,61.16
1.53,75.6,40.9,81.04,4.12,3.57,16,3.84,2.65,Good,INT8743,73.43
3.57,53.7,65.5,94.68,7.45,7.47,9,1.49,3.98,Excellent,INT8744,100.0
0.47,25.5,2.8,8.82,4.25,2.83,6,3.92,2.7,Fair,INT8745,40.55
3.08,5.8,55.8,54.35,10.0,1.45,12,3.66,5.0,Good,INT8746,75.95
2.33,51.9,31.1,81.36,2.05,8.94,14,2.19,1.82,Average,INT8747,60.42
1.55,40.2,96.5,7.69,7.65,8.4,13,1.15,4.06,Good,INT8748,77.17
2.89,24.4,93.3,58.15,3.68,3.2,7,2.23,2.47,Average,INT8749,60.8
0.95,85.2,42.8,17.34,7.08,3.82,12,1.94,3.83,Good,INT8750,83.48
0.2,7.1,2.1,77.95,2.5,0.54,6,4.83,2.0,Fair,INT8751,47.92
3.04,43.2,81.2,30.07,5.02,7.59,16,2.65,3.01,Good,INT8752,80.41
3.58,89.1,97.7,99.87,0.0,6.96,17,2.62,1.0,Good,INT8753,77.39
0.33,20.4,8.7,70.3,0.83,2.46,5,1.6,1.33,Average,INT8754,57.88
1.49,57.2,90.1,60.61,5.22,2.79,10,6.81,3.09,Average,INT8755,63.37
0.22,9.4,3.7,42.12,2.0,3.45,6,5.91,1.8,Fair,INT8756,50.89
2.21,23.5,13.2,62.21,6.22,4.63,7,2.25,3.49,Average,INT8757,62.57
3.29,41.2,67.4,47.15,0.25,4.91,17,2.93,1.1,Average,INT8758,65.13
1.52,79.5,83.4,74.13,7.88,5.78,6,2.53,4.15,Good,INT8759,78.85
2.95,47.3,50.9,72.68,4.68,3.61,14,3.95,2.87,Good,INT8760,74.87
3.4,44.2,77.3,8.38,0.0,7.56,15,1.09,1.0,Average,INT8761,69.42
0.37,20.1,45.6,60.83,4.42,0.57,11,4.83,2.77,Fair,INT8762,44.03
0.93,64.9,86.1,95.22,8.3,8.08,13,4.18,4.32,Average,INT8763,67.64
0.27,28.2,11.5,89.57,2.82,2.09,3,6.14,2.13,Fair,INT8764,50.16
3.57,87.4,77.4,66.66,8.35,8.78,11,1.75,4.34,Excellent,INT8765,93.86
3.25,50.0,77.4,59.03,10.0,6.6,12,6.08,5.0,Average,INT8766,66.91
1.57,53.0,55.7,40.96,1.25,5.22,11,5.59,1.5,Average,INT8767,59.95
1.55,35.3,73.3,66.63,7.38,3.45,14,1.31,3.95,Good,INT8768,72.95
2.8,82.4,46.5,77.85,4.5,8.77,11,3.23,2.8,Good,INT8769,81.57
2.33,79.8,87.3,52.32,10.0,2.43,18,2.16,5.0,Excellent,INT8770,88.43
3.04,38.3,34.5,72.53,5.45,8.47,15,2.84,3.18,Good,INT8771,80.63
2.52,54.5,80.7,54.93,7.35,7.55,11,3.04,3.94,Good,INT8772,80.07
1.63,56.1,60.6,63.96,9.5,7.92,16,4.59,4.8,Good,INT8773,74.56
1.29,17.8,32.0,55.46,0.73,6.13,10,3.4,1.29,Average,INT8774,64.26
0.87,13.7,18.6,31.35,7.12,0.46,6,6.49,3.85,Fair,INT8775,41.17
3.78,62.1,39.7,91.88,6.95,5.99,20,1.39,3.78,Excellent,INT8776,92.75
0.41,30.8,43.7,80.76,4.07,3.11,6,6.97,2.63,Fair,INT8777,46.27
1.91,39.0,59.5,61.37,7.3,3.25,17,2.39,3.92,Good,INT8778,82.65
3.14,67.6,45.3,93.59,10.0,6.05,11,5.82,5.0,Good,INT8779,77.01
3.74,94.2,46.7,90.04,10.0,7.41,9,2.77,5.0,Excellent,INT8780,89.07
0.9,62.3,93.5,0.52,2.22,3.7,14,1.68,1.89,Good,INT8781,78.19
1.34,22.2,33.1,58.03,1.43,2.37,14,5.94,1.57,Fair,INT8782,53.89
0.98,18.5,27.9,5.63,3.0,5.34,22,3.92,2.2,Average,INT8783,57.22
0.22,26.5,10.3,66.83,6.92,4.2,12,4.62,3.77,Good,INT8784,73.15
1.23,85.3,82.0,68.7,6.38,5.44,5,4.51,3.55,Good,INT8785,75.6
1.85,26.2,80.3,4.18,10.0,5.96,16,3.38,5.0,Average,INT8786,69.55
2.27,53.7,74.6,77.87,0.0,4.73,14,4.02,1.0,Average,INT8787,58.35
3.86,62.5,87.4,94.47,10.0,6.14,16,4.95,5.0,Excellent,INT8788,88.75
3.46,73.0,89.0,79.7,9.4,5.96,16,1.21,4.76,Excellent,INT8789,99.48
2.28,43.6,20.2,95.98,3.82,6.08,6,4.62,2.53,Average,INT8790,62.58
0.6,4.0,23.2,43.22,3.45,4.01,12,6.22,2.38,Average,INT8791,55.45
3.54,87.9,89.3,84.76,5.28,8.27,10,1.19,3.11,Excellent,INT8792,93.05
3.57,91.3,89.6,82.43,6.88,9.6,13,2.17,3.75,Excellent,INT8793,91.47
3.46,77.8,27.3,83.52,7.18,4.81,13,5.03,3.87,Good,INT8794,82.22
2.37,45.8,83.2,82.25,0.65,2.64,8,3.21,1.26,Average,INT8795,58.86
2.84,48.9,93.2,61.08,3.3,6.92,20,3.52,2.32,Good,INT8796,71.44
2.57,83.0,47.5,57.18,10.0,7.35,9,2.01,5.0,Good,INT8797,78.27
3.76,83.7,93.4,98.93,10.0,8.24,18,3.83,5.0,Excellent,INT8798,92.92
3.64,91.9,47.7,16.01,8.25,8.63,8,1.86,4.3,Excellent,INT8799,90.35
3.66,23.7,75.4,73.39,10.0,8.72,13,4.14,5.0,Excellent,INT8800,87.8
1.49,44.9,8.8,71.25,2.62,2.03,6,5.43,2.05,Average,INT8801,63.25
3.18,86.8,78.3,68.0,7.8,8.71,9,2.58,4.12,Excellent,INT8802,88.68
2.73,80.6,38.5,51.42,8.27,7.39,14,3.53,4.31,Good,INT8803,70.38
0.85,31.5,62.2,59.77,3.73,2.18,6,6.47,2.49,Average,INT8804,57.39
1.59,54.5,86.1,95.26,6.52,3.65,4,5.6,3.61,Average,INT8805,59.08
3.56,77.9,93.4,69.77,7.68,5.08,13,5.85,4.07,Average,INT8806,68.59
1.89,90.7,90.0,78.21,10.0,9.54,13,3.27,5.0,Excellent,INT8807,88.98
3.0,25.7,37.2,3.61,2.08,6.92,10,6.08,1.83,Average,INT8808,59.46
1.6,21.9,63.3,1.53,0.0,4.59,19,1.47,1.0,Average,INT8809,67.13
3.85,65.7,92.0,98.46,5.65,9.68,8,1.83,3.26,Excellent,INT8810,98.17
2.8,82.1,37.2,85.89,5.7,5.83,16,2.42,3.28,Good,INT8811,84.84
3.68,90.3,95.6,57.16,10.0,8.65,11,3.62,5.0,Good,INT8812,84.05
0.52,14.5,35.3,51.16,2.03,0.71,10,6.33,1.81,Fair,INT8813,41.62
2.48,30.0,64.0,91.26,2.7,1.09,8,2.65,2.08,Average,INT8814,59.84
2.46,70.9,13.3,92.05,4.42,5.32,7,4.84,2.77,Average,INT8815,65.23
0.51,25.6,34.3,87.32,0.0,1.54,10,5.06,1.0,Fair,INT8816,51.87
2.54,37.9,55.7,32.32,2.12,3.66,9,3.92,1.85,Fair,INT8817,53.68
1.04,11.0,29.0,81.99,5.25,4.2,14,3.05,3.1,Average,INT8818,62.48
0.46,4.4,15.0,65.81,0.0,1.92,7,4.58,1.0,Fair,INT8819,49.2
0.2,8.6,5.7,72.53,0.0,0.8,6,2.73,1.0,Average,INT8820,57.08
3.95,74.1,64.2,69.12,4.55,8.51,13,1.31,2.82,Excellent,INT8821,98.58
0.65,8.0,31.7,95.68,4.78,6.34,7,7.0,2.91,Fair,INT8822,48.84
3.63,87.5,52.0,61.71,6.45,7.32,16,1.84,3.58,Good,INT8823,75.64
3.56,33.3,75.8,41.7,8.48,9.52,10,1.8,4.39,Excellent,INT8824,92.44
2.13,61.7,84.4,68.05,1.78,8.56,9,6.56,1.71,Average,INT8825,62.11
2.53,77.8,25.6,83.15,5.68,4.24,9,3.28,3.27,Good,INT8826,81.73
3.68,80.2,49.8,45.91,4.55,7.74,8,5.0,2.82,Good,INT8827,72.51
2.27,91.1,97.6,96.2,10.0,7.58,23,3.17,5.0,Excellent,INT8828,93.51
1.85,73.2,34.8,23.56,10.0,6.72,8,3.71,5.0,Good,INT8829,76.55
2.83,94.3,72.8,61.03,5.93,8.63,11,2.91,3.37,Good,INT8830,78.01
2.5,58.3,59.4,88.32,3.9,1.86,11,3.92,2.56,Excellent,INT8831,90.15
2.17,61.7,69.1,41.0,4.85,6.06,15,3.46,2.94,Average,INT8832,69.15
0.3,31.3,1.6,58.29,6.78,0.51,6,5.09,3.71,Fair,INT8833,45.32
3.52,69.0,78.1,75.17,10.0,7.89,14,4.45,5.0,Good,INT8834,82.14
0.88,20.1,27.7,82.61,0.42,1.43,10,6.94,1.17,Average,INT8835,59.4
1.81,56.9,42.9,0.83,6.55,8.59,9,1.59,3.62,Excellent,INT8836,94.01
0.94,28.3,29.5,64.58,4.4,1.12,14,3.66,2.76,Fair,INT8837,45.71
2.12,8.5,60.7,90.47,7.98,1.47,12,4.32,4.19,Average,INT8838,63.72
1.12,73.6,53.2,39.27,7.5,2.28,9,6.44,4.0,Good,INT8839,72.98
3.45,66.3,88.9,0.0,0.0,4.82,7,1.63,1.0,Average,INT8840,65.97
2.81,56.9,31.9,64.1,6.92,5.25,15,4.83,3.77,Good,INT8841,78.2
2.77,9.0,64.3,81.96,7.5,7.75,21,5.9,4.0,Good,INT8842,76.33
3.43,47.9,80.0,59.97,10.0,8.13,14,2.64,5.0,Excellent,INT8843,86.67
2.01,81.4,43.3,91.37,5.12,6.39,9,3.92,3.05,Average,INT8844,61.55
3.84,85.5,95.3,4.72,3.97,9.36,17,1.02,2.59,Excellent,INT8845,87.59
3.63,28.1,73.5,66.83,6.2,8.32,14,5.38,3.48,Good,INT8846,71.32
2.78,57.6,22.4,95.78,5.25,7.54,11,6.87,3.1,Good,INT8847,70.26
0.37,28.4,35.0,69.59,3.8,7.11,6,5.33,2.52,Average,INT8848,61.86
3.25,86.9,66.3,61.75,10.0,8.97,19,3.47,5.0,Excellent,INT8849,85.51
3.76,87.0,81.6,9.08,4.35,9.12,19,1.3,2.74,Excellent,INT8850,87.73
3.46,89.5,65.4,78.66,7.5,6.33,14,6.67,4.0,Good,INT8851,73.77
0.79,12.9,43.0,28.5,2.0,2.89,4,3.65,1.8,Fair,INT8852,45.92
0.87,46.0,63.6,3.63,3.4,6.12,18,1.66,2.36,Average,INT8853,66.21
2.68,37.3,31.8,69.91,6.52,1.33,13,5.52,3.61,Average,INT8854,61.88
1.66,60.5,56.6,64.56,7.85,8.61,18,3.69,4.14,Average,INT8855,61.65
2.24,64.9,20.5,85.51,2.82,6.38,14,3.92,2.13,Excellent,INT8856,93.63
0.51,26.7,20.1,82.57,3.6,2.89,13,2.02,2.44,Average,INT8857,66.41
3.31,90.3,71.8,72.04,10.0,9.38,16,1.4,5.0,Excellent,INT8858,93.96
1.78,18.0,31.9,69.89,7.15,1.48,9,4.63,3.86,Fair,INT8859,52.55
1.58,33.1,19.6,66.83,0.0,2.73,12,4.32,1.0,Fair,INT8860,54.97
1.57,29.4,21.3,37.91,4.68,1.84,12,4.4,2.87,Fair,INT8861,51.08
1.6,68.9,37.1,54.28,0.8,5.26,8,5.99,1.32,Fair,INT8862,52.59
0.29,5.3,10.5,9.58,2.57,1.09,6,6.66,2.03,Poor,INT8863,35.79
0.12,22.2,0.9,66.06,3.5,1.02,4,4.22,2.4,Fair,INT8864,43.51
3.98,98.0,98.0,2.87,6.95,9.62,16,1.41,3.78,Excellent,INT8865,96.97
2.42,36.1,61.0,88.69,5.88,3.19,9,5.46,3.35,Average,INT8866,56.8
2.68,60.5,51.3,69.79,0.0,6.88,9,3.14,1.0,Average,INT8867,62.5
2.54,61.7,81.4,63.07,7.43,7.31,10,4.23,3.97,Good,INT8868,79.35
0.79,16.7,20.7,91.37,4.93,2.0,4,5.27,2.97,Average,INT8869,55.18
1.96,68.0,21.7,66.69,6.38,2.26,12,3.12,3.55,Good,INT8870,79.81
1.3,31.2,84.7,93.81,2.22,6.51,8,6.4,1.89,Fair,INT8871,45.56
3.31,91.3,86.7,80.84,2.97,5.01,18,2.21,2.19,Good,INT8872,74.43
1.21,28.1,64.5,4.57,4.5,7.56,12,4.62,2.8,Good,INT8873,74.7
0.53,28.8,31.6,5.01,2.0,3.2,10,1.0,1.8,Average,INT8874,55.91
3.51,16.5,78.2,56.13,4.68,7.79,11,6.7,2.87,Average,INT8875,69.34
3.26,85.8,38.5,80.01,7.5,9.0,15,1.79,4.0,Excellent,INT8876,93.19
2.56,66.9,46.6,51.18,2.0,7.53,11,1.33,1.8,Average,INT8877,68.1
2.52,85.9,82.6,84.66,4.9,7.06,14,3.06,2.96,Excellent,INT8878,90.61
0.35,54.4,18.8,66.83,4.68,1.14,13,3.45,2.87,Average,INT8879,58.36
1.26,53.6,60.4,76.19,0.0,3.05,11,2.37,1.0,Average,INT8880,64.11
0.28,21.9,17.4,48.84,2.05,0.82,5,4.69,1.82,Poor,INT8881,39.7
2.87,70.7,61.6,85.87,3.58,5.42,11,3.42,2.43,Good,INT8882,72.46
3.62,88.7,59.3,4.56,4.68,5.17,18,1.54,2.87,Excellent,INT8883,95.19
3.25,24.5,74.8,66.83,4.68,6.05,9,2.87,2.87,Average,INT8884,66.71
3.21,34.8,92.8,89.3,7.88,0.79,7,6.35,4.15,Good,INT8885,71.21
3.64,34.4,67.9,50.69,6.68,5.78,6,4.66,3.67,Average,INT8886,63.55
2.12,74.4,60.5,66.9,5.5,4.8,12,5.23,3.2,Average,INT8887,65.9
2.88,30.5,67.6,63.74,2.35,3.05,6,4.87,1.94,Good,INT8888,71.36
3.87,88.4,75.5,94.4,7.5,9.15,20,2.93,4.0,Excellent,INT8889,94.67
0.23,27.7,26.6,9.67,0.0,3.09,9,1.34,1.0,Average,INT8890,57.52
1.53,17.5,38.8,71.98,2.55,6.7,10,2.87,2.02,Average,INT8891,64.52
1.24,59.1,8.7,50.05,6.62,7.39,10,6.37,3.65,Average,INT8892,62.13
0.72,2.4,36.9,54.17,8.98,2.22,6,3.92,4.59,Fair,INT8893,53.51
1.46,26.3,29.0,70.8,4.68,5.29,14,3.62,2.87,Average,INT8894,64.62
3.38,77.8,84.5,3.44,5.0,8.03,10,1.44,3.0,Good,INT8895,79.35
3.78,63.4,68.5,77.45,6.18,9.73,6,1.7,3.47,Excellent,INT8896,85.32
3.44,87.6,94.5,66.83,5.95,7.61,8,2.86,3.38,Good,INT8897,71.05
3.72,74.3,64.7,82.32,7.78,7.82,8,4.19,4.11,Good,INT8898,73.35
0.46,65.6,84.2,32.1,0.0,6.43,11,1.38,1.0,Average,INT8899,61.27
0.33,30.0,21.9,84.7,4.28,2.4,7,6.39,2.71,Average,INT8900,56.1
3.85,63.0,60.6,11.33,3.05,4.23,8,3.92,2.22,Average,INT8901,60.03
1.22,7.1,57.6,77.44,6.9,2.47,9,6.48,3.76,Average,INT8902,55.49
2.01,68.0,23.8,70.05,7.5,4.99,7,5.97,4.0,Good,INT8903,76.0
1.76,54.8,45.8,65.16,4.3,3.86,11,5.34,2.72,Average,INT8904,59.77
1.31,81.4,51.2,75.79,0.0,4.84,13,4.65,1.0,Fair,INT8905,46.27
0.55,67.8,59.1,0.55,8.4,1.3,11,4.52,4.36,Average,INT8906,65.08
2.96,76.6,81.4,98.27,3.2,7.4,12,5.26,2.28,Good,INT8907,84.27
1.7,52.6,43.3,91.65,7.3,2.57,3,4.79,3.92,Good,INT8908,80.16
1.06,52.0,65.1,85.86,7.12,2.46,19,3.99,3.85,Average,INT8909,66.38
0.12,17.6,9.6,73.95,6.5,0.54,7,6.69,3.6,Fair,INT8910,40.94
3.57,76.2,71.5,69.61,4.15,2.55,10,4.97,2.66,Average,INT8911,59.46
0.44,13.6,25.2,51.63,9.62,4.97,8,5.19,4.85,Fair,INT8912,53.94
1.95,18.4,61.4,67.95,10.0,5.44,10,6.26,5.0,Good,INT8913,73.3
3.56,46.1,94.1,92.42,5.95,7.12,12,2.13,3.38,Excellent,INT8914,89.67
3.56,56.7,71.6,69.2,1.95,4.18,14,1.96,1.78,Good,INT8915,81.12
1.57,35.5,77.0,73.08,8.93,3.57,12,3.57,4.57,Average,INT8916,68.91
2.68,75.5,37.5,27.5,0.0,3.3,18,4.37,1.0,Average,INT8917,57.77
2.51,83.7,19.2,63.71,5.62,3.73,10,5.8,3.25,Average,INT8918,65.48
0.58,59.7,29.5,53.09,8.95,8.78,8,3.38,4.58,Average,INT8919,60.83
2.44,84.9,41.3,80.69,4.95,2.38,9,4.9,2.98,Good,INT8920,83.59
1.78,31.6,58.8,72.4,6.57,4.97,6,4.46,3.63,Average,INT8921,62.56
1.9,19.4,44.2,6.94,4.68,4.9,9,1.36,2.87,Average,INT8922,64.55
3.08,42.0,68.1,77.34,6.32,6.07,9,4.89,3.53,Good,INT8923,71.43
1.19,3.4,48.7,89.94,0.0,0.38,11,6.46,1.0,Fair,INT8924,45.76
2.06,18.5,78.6,87.55,0.0,3.98,14,2.04,1.0,Good,INT8925,71.05
2.53,42.7,62.5,88.57,3.02,5.97,13,4.17,2.21,Average,INT8926,65.78
2.63,66.5,84.0,48.04,2.4,7.74,11,4.12,1.96,Good,INT8927,75.69
0.52,54.3,46.0,67.69,0.0,6.27,7,2.16,1.0,Good,INT8928,72.05
2.27,25.4,11.2,96.67,0.0,6.97,16,1.9,1.0,Average,INT8929,64.17
0.76,24.0,5.5,52.71,8.17,0.23,10,7.0,4.27,Fair,INT8930,46.91
1.51,42.2,52.6,57.63,6.12,5.3,10,2.97,3.45,Average,INT8931,66.45
3.25,75.2,86.6,70.98,6.72,9.74,11,2.8,3.69,Excellent,INT8932,95.26
2.54,24.3,44.1,3.14,7.0,7.37,8,2.08,3.8,Good,INT8933,74.91
2.59,66.5,72.0,50.41,9.1,1.35,9,5.16,4.64,Average,INT8934,64.21
2.8,59.2,91.1,85.97,1.7,6.08,11,4.19,1.68,Average,INT8935,60.9
3.29,85.9,51.0,77.94,2.6,5.21,6,5.32,2.04,Good,INT8936,76.95
3.23,33.6,94.4,0.44,6.7,5.25,8,1.59,3.68,Excellent,INT8937,88.34
2.48,70.5,23.7,71.17,10.0,9.37,9,3.92,5.0,Average,INT8938,68.16
1.84,52.3,83.2,75.97,4.35,6.17,5,3.78,2.74,Fair,INT8939,50.28
0.95,6.9,36.9,58.09,3.97,1.12,12,3.31,2.59,Average,INT8940,68.29
1.97,55.9,25.1,66.83,4.68,1.55,7,3.49,2.87,Good,INT8941,72.79
0.26,8.7,27.0,37.25,2.0,2.51,5,3.77,1.8,Fair,INT8942,51.73
2.23,43.9,21.6,85.48,1.6,3.27,11,6.42,1.64,Fair,INT8943,52.35
3.34,96.3,95.1,66.83,10.0,8.55,9,6.1,5.0,Good,INT8944,77.96
2.79,71.6,31.2,74.01,0.0,3.09,14,2.56,1.0,Good,INT8945,73.95
2.65,44.0,62.3,78.58,7.35,7.08,8,6.09,3.94,Good,INT8946,73.48
0.14,3.7,1.3,77.96,0.08,0.2,6,5.77,1.03,Poor,INT8947,37.81
1.36,64.2,20.0,65.35,2.18,2.66,11,6.78,1.87,Average,INT8948,60.76
2.33,29.5,30.6,54.87,9.8,6.57,12,2.18,4.92,Good,INT8949,70.15
1.78,57.3,43.6,94.84,2.5,7.21,12,4.8,2.0,Average,INT8950,68.98
3.8,85.2,85.0,80.0,10.0,8.08,6,3.0,5.0,Excellent,INT8951,90.42
0.34,47.7,13.9,84.89,2.0,6.15,8,6.07,1.8,Fair,INT8952,50.5
2.92,47.7,95.5,7.6,10.0,9.25,13,1.45,5.0,Excellent,INT8953,100.0
1.47,80.3,63.1,87.82,4.68,6.86,16,4.7,2.87,Good,INT8954,73.13
2.94,40.8,65.4,79.22,0.0,4.98,6,2.76,1.0,Average,INT8955,67.73
2.6,55.6,76.1,26.39,6.52,8.8,10,3.24,3.61,Good,INT8956,84.04
1.1,18.5,75.0,1.17,6.3,5.87,9,5.32,3.52,Average,INT8957,64.45
3.56,78.4,83.5,65.28,3.15,3.04,12,5.75,2.26,Good,INT8958,70.35
0.87,28.2,25.1,56.89,1.4,5.7,10,5.14,1.56,Average,INT8959,55.35
1.87,69.5,15.0,54.4,8.0,7.52,7,5.64,4.2,Average,INT8960,68.21
2.96,86.9,76.5,86.02,3.87,8.26,14,2.61,2.55,Good,INT8961,83.05
1.27,19.5,64.7,85.2,0.0,2.51,15,4.39,1.0,Average,INT8962,55.57
3.39,86.5,64.6,85.01,1.5,5.37,10,3.99,1.6,Good,INT8963,75.91
3.29,50.4,45.0,8.53,0.0,8.03,16,1.3,1.0,Good,INT8964,74.96
2.13,65.6,66.0,67.45,8.12,7.88,12,3.92,4.25,Average,INT8965,60.71
2.36,62.1,8.5,78.06,0.0,5.48,21,5.12,1.0,Fair,INT8966,54.84
0.86,7.7,24.3,80.97,0.0,7.09,10,4.75,1.0,Fair,INT8967,48.44
1.1,7.4,44.2,98.97,6.12,1.03,15,5.41,3.45,Fair,INT8968,52.56
1.79,40.9,40.0,65.62,4.88,3.81,3,4.53,2.95,Average,INT8969,59.11
2.67,57.5,88.6,97.82,6.82,7.5,12,1.75,3.73,Excellent,INT8970,90.16
0.25,92.7,84.5,57.44,7.02,5.64,6,1.51,3.81,Good,INT8971,72.48
1.84,10.3,14.0,88.2,1.98,0.38,12,4.6,1.79,Average,INT8972,56.61
2.67,77.7,82.8,81.64,10.0,9.01,6,2.16,5.0,Excellent,INT8973,86.65
3.14,82.7,78.3,64.2,10.0,6.51,11,1.67,5.0,Excellent,INT8974,97.51
0.77,52.8,3.8,51.43,3.08,1.31,11,3.28,2.23,Average,INT8975,59.31
2.46,51.7,67.9,22.32,6.3,6.69,10,4.31,3.52,Good,INT8976,71.46
2.47,20.1,28.4,53.48,5.95,5.01,9,2.68,3.38,Good,INT8977,70.91
2.47,86.6,63.9,57.56,2.12,5.87,18,4.84,1.85,Good,INT8978,73.39
0.36,19.1,34.9,41.13,2.28,3.63,8,4.84,1.91,Average,INT8979,59.91
1.51,55.8,31.9,95.31,2.0,6.44,9,2.92,1.8,Average,INT8980,63.58
2.65,81.8,39.9,73.38,6.15,5.95,16,5.46,3.46,Good,INT8981,74.08
3.14,81.0,65.4,16.83,10.0,4.55,5,4.6,5.0,Good,INT8982,72.7
0.05,3.5,50.9,28.0,0.73,0.44,4,5.27,1.29,Poor,INT8983,39.41
0.57,16.4,3.7,66.83,5.75,1.33,9,3.82,3.3,Fair,INT8984,51.38
3.72,43.8,86.1,9.73,6.12,8.48,10,1.46,3.45,Excellent,INT8985,91.52
2.77,56.6,63.1,90.78,6.02,5.78,16,5.42,3.41,Good,INT8986,77.19
2.3,74.5,60.8,99.9,7.5,9.58,14,2.93,4.0,Excellent,INT8987,88.1
0.07,2.0,4.8,70.61,0.0,0.45,6,6.63,1.0,Poor,INT8988,36.56
0.58,6.5,14.8,66.83,3.8,1.13,7,6.4,2.52,Fair,INT8989,52.24
0.3,10.5,21.2,31.72,0.0,1.84,8,3.92,1.0,Fair,INT8990,42.84
2.31,85.8,53.6,79.39,4.68,3.15,12,2.14,2.87,Average,INT8991,69.12
0.29,18.0,2.4,98.1,2.15,1.02,7,2.18,1.86,Average,INT8992,66.23
3.37,44.0,90.1,55.18,7.5,7.88,7,3.01,4.0,Good,INT8993,84.71
3.36,84.4,83.5,56.08,7.28,6.35,11,4.16,3.91,Average,INT8994,63.35
2.26,73.7,72.2,85.09,6.0,9.45,19,3.2,3.4,Excellent,INT8995,95.1
0.37,66.5,34.1,83.36,4.6,0.29,12,3.67,2.84,Fair,INT8996,48.99
1.94,24.3,63.5,62.53,6.28,4.87,8,1.8,3.51,Average,INT8997,67.04
1.33,14.0,35.6,90.66,2.1,0.78,8,6.67,1.84,Fair,INT8998,50.8
0.98,90.7,89.5,9.92,3.38,3.9,15,3.92,2.35,Average,INT8999,67.86
3.2,32.0,72.1,96.29,10.0,2.45,4,6.65,5.0,Good,INT9000,76.11
1.69,6.5,35.2,60.05,7.88,1.02,10,6.86,4.15,Fair,INT9001,42.45
0.18,8.4,42.4,54.07,0.0,3.84,6,4.08,1.0,Fair,INT9002,44.98
1.84,17.1,15.8,66.98,0.0,3.85,8,5.57,1.0,Fair,INT9003,45.24
0.3,62.0,19.0,59.39,0.3,3.74,4,3.41,1.12,Fair,INT9004,43.86
2.97,45.4,15.1,76.35,2.6,6.43,13,3.92,2.04,Average,INT9005,69.45
3.03,58.0,43.2,56.67,4.68,8.5,24,3.0,2.87,Good,INT9006,71.79
3.49,50.0,80.1,74.55,4.75,3.45,22,3.11,2.9,Good,INT9007,78.35
3.06,65.0,74.4,83.03,4.32,2.33,12,4.23,2.73,Good,INT9008,78.49
1.28,16.7,9.0,68.25,2.0,0.96,7,4.18,1.8,Average,INT9009,55.15
0.8,4.1,5.4,51.4,0.93,0.21,5,4.39,1.37,Fair,INT9010,43.54
3.69,90.8,83.9,98.7,2.55,8.04,7,3.92,2.02,Excellent,INT9011,90.46
3.89,93.1,69.0,90.97,4.73,6.68,14,3.11,2.89,Excellent,INT9012,85.58
2.83,43.2,5.6,53.67,1.27,7.24,5,1.55,1.51,Average,INT9013,65.96
2.37,55.4,60.3,72.46,0.0,4.77,7,1.0,1.0,Average,INT9014,61.27
0.98,84.3,46.2,81.75,0.0,1.73,10,2.2,1.0,Fair,INT9015,53.43
0.69,29.3,52.7,59.53,6.88,1.19,9,1.41,3.75,Average,INT9016,66.57
0.5,20.7,34.1,66.83,0.0,3.87,9,1.46,1.0,Average,INT9017,62.09
0.5,18.7,8.2,54.39,0.0,1.64,15,5.82,1.0,Fair,INT9018,52.11
3.27,42.8,27.0,2.67,8.2,5.87,13,1.19,4.28,Good,INT9019,76.16
0.69,2.5,50.9,57.06,0.0,1.16,8,4.59,1.0,Fair,INT9020,44.5
1.19,46.5,27.7,87.95,5.05,4.14,8,2.32,3.02,Average,INT9021,60.46
2.39,66.4,78.7,66.13,8.48,8.41,12,6.58,4.39,Good,INT9022,73.47
3.1,76.0,50.4,62.2,0.85,9.16,16,3.57,1.34,Good,INT9023,71.98
3.84,92.4,88.2,66.83,6.85,9.32,14,3.0,3.74,Excellent,INT9024,98.64
1.29,57.4,39.0,86.8,0.95,2.98,11,4.03,1.38,Average,INT9025,59.68
2.31,21.0,42.0,63.82,6.28,3.64,12,3.76,3.51,Good,INT9026,75.84
2.05,52.2,36.5,93.63,2.0,6.37,8,3.96,1.8,Average,INT9027,60.77
2.05,78.6,90.5,51.24,1.17,8.85,14,2.02,1.47,Good,INT9028,84.52
1.66,3.9,66.2,30.28,0.8,0.53,7,6.97,1.32,Fair,INT9029,40.41
0.78,60.2,33.6,71.37,2.03,6.17,6,3.06,1.81,Fair,INT9030,46.67
2.71,56.1,70.7,63.04,10.0,6.69,17,2.85,5.0,Excellent,INT9031,89.92
3.24,37.3,28.8,40.13,5.05,7.84,14,5.17,3.02,Average,INT9032,58.92
3.6,89.5,55.3,73.44,6.78,9.91,9,2.99,3.71,Excellent,INT9033,86.46
2.26,60.8,81.9,82.68,7.35,1.56,20,5.86,3.94,Average,INT9034,57.44
1.02,68.4,16.5,66.83,7.28,6.23,15,4.15,3.91,Average,INT9035,61.94
2.89,68.4,42.7,80.42,3.5,4.74,12,5.18,2.4,Average,INT9036,57.63
3.76,54.7,69.2,9.6,4.55,7.6,11,1.56,2.82,Excellent,INT9037,89.45
0.67,42.2,3.8,6.91,9.65,2.61,12,6.34,4.86,Fair,INT9038,51.0
2.55,47.6,23.6,70.51,4.25,0.95,14,5.7,2.7,Good,INT9039,78.67
0.69,35.4,10.2,76.6,2.25,1.78,13,1.85,1.9,Average,INT9040,60.31
3.95,86.3,70.3,55.15,10.0,8.92,13,2.07,5.0,Excellent,INT9041,90.39
3.59,61.3,76.0,82.7,5.3,9.1,13,2.88,3.12,Good,INT9042,73.07
0.34,6.0,26.3,71.33,3.8,1.19,4,6.49,2.52,Fair,INT9043,40.09
1.81,26.4,50.4,98.72,2.6,9.09,8,2.3,2.04,Good,INT9044,84.27
1.18,70.0,38.0,55.39,7.05,3.84,11,3.29,3.82,Average,INT9045,67.36
2.32,49.4,39.7,0.0,0.0,2.9,8,1.04,1.0,Average,INT9046,64.37
0.65,6.4,22.7,66.83,2.0,4.92,10,3.14,1.8,Average,INT9047,55.64
1.61,82.1,75.3,61.43,1.57,5.88,8,4.31,1.63,Fair,INT9048,52.83
1.3,32.7,47.3,7.53,3.6,6.11,9,6.8,2.44,Fair,INT9049,54.46
1.05,12.0,1.9,66.83,2.68,0.79,7,4.33,2.07,Average,INT9050,57.44
0.31,2.7,16.7,58.87,3.48,1.54,7,6.02,2.39,Poor,INT9051,38.71
0.31,7.1,17.3,64.67,0.0,3.36,9,4.46,1.0,Fair,INT9052,41.6
3.73,67.3,85.5,3.94,7.5,8.83,11,1.61,4.0,Excellent,INT9053,100.0
3.39,81.3,96.6,93.79,10.0,9.6,24,3.26,5.0,Excellent,INT9054,98.67
2.53,84.3,12.1,89.92,2.32,3.38,19,4.81,1.93,Average,INT9055,64.03
2.3,61.7,21.6,24.31,10.0,3.26,8,6.35,5.0,Good,INT9056,72.9
3.37,95.6,70.2,78.27,8.73,8.01,13,5.9,4.49,Average,INT9057,68.49
1.51,23.2,2.1,12.87,2.7,1.05,8,2.37,2.08,Fair,INT9058,51.81
0.74,40.3,24.8,45.27,0.0,3.38,7,2.18,1.0,Fair,INT9059,53.98
3.54,82.0,95.6,90.3,7.5,9.37,19,1.84,4.0,Excellent,INT9060,99.36
0.52,37.4,53.1,66.83,3.8,3.98,10,6.32,2.52,Average,INT9061,55.78
0.87,59.9,62.7,57.5,3.42,6.82,9,6.6,2.37,Average,INT9062,65.43
2.25,72.9,51.9,66.83,7.5,7.32,11,5.5,4.0,Good,INT9063,70.17
2.27,57.2,45.8,29.75,3.97,5.59,17,3.28,2.59,Average,INT9064,64.96
0.2,19.3,10.6,69.66,4.47,0.95,12,3.54,2.79,Fair,INT9065,45.83
1.15,55.1,53.8,66.83,5.88,6.71,15,4.01,3.35,Average,INT9066,59.18
3.06,38.4,13.5,67.48,0.18,5.25,18,2.43,1.07,Average,INT9067,58.34
3.28,56.4,90.1,96.85,0.0,7.53,9,3.63,1.0,Average,INT9068,66.39
0.78,28.3,26.0,6.77,3.6,5.8,13,1.65,2.44,Good,INT9069,76.51
0.95,59.3,49.5,92.14,5.18,3.65,7,2.07,3.07,Average,INT9070,64.01
1.27,20.9,30.2,1.4,3.68,2.02,10,6.55,2.47,Fair,INT9071,45.94
0.21,14.5,4.1,83.06,4.68,0.62,6,5.97,2.87,Average,INT9072,56.0
1.07,39.7,76.6,74.84,5.4,4.14,12,3.45,3.16,Average,INT9073,60.14
1.66,73.6,76.1,50.11,8.67,6.09,9,4.32,4.47,Average,INT9074,59.21
2.85,11.4,14.4,80.67,1.8,6.14,10,2.93,1.72,Good,INT9075,71.22
2.21,38.5,31.5,67.8,1.45,3.48,7,5.64,1.58,Average,INT9076,59.37
1.01,16.3,47.1,55.89,4.38,4.92,9,5.22,2.75,Good,INT9077,70.15
0.65,18.5,1.9,72.23,3.08,0.49,8,5.21,2.23,Fair,INT9078,43.37
0.54,13.8,2.1,86.78,0.0,1.05,8,5.27,1.0,Fair,INT9079,46.01
2.96,57.5,66.5,98.08,10.0,9.21,11,1.74,5.0,Excellent,INT9080,100.0
1.32,48.5,14.2,66.83,2.57,2.26,6,2.99,2.03,Average,INT9081,67.37
1.42,67.1,33.0,45.28,2.68,6.53,8,3.84,2.07,Good,INT9082,77.28
2.53,33.5,13.5,66.83,0.0,4.0,7,3.1,1.0,Average,INT9083,63.04
3.65,68.2,65.6,66.7,4.68,6.8,13,5.13,2.87,Average,INT9084,66.73
2.83,78.5,51.0,57.11,6.75,8.6,20,2.66,3.7,Excellent,INT9085,88.02
2.36,88.5,88.1,64.09,3.85,7.48,10,3.92,2.54,Good,INT9086,78.26
2.28,28.4,41.4,94.96,0.55,1.41,12,3.55,1.22,Average,INT9087,62.96
2.42,60.0,58.1,57.97,7.5,4.77,7,6.41,4.0,Average,INT9088,63.07
1.41,58.0,17.8,66.46,2.92,4.63,14,2.4,2.17,Excellent,INT9089,86.2
1.74,76.4,31.0,47.31,7.0,1.85,12,4.95,3.8,Good,INT9090,77.9
0.85,20.2,29.4,92.36,0.0,4.02,11,3.17,1.0,Average,INT9091,59.65
3.18,76.7,89.8,96.89,7.5,6.62,16,1.34,4.0,Excellent,INT9092,94.61
2.06,20.5,27.9,42.93,3.38,3.51,15,3.76,2.35,Average,INT9093,55.69
0.32,15.7,11.6,72.33,0.0,2.05,10,5.62,1.0,Average,INT9094,56.35
1.01,20.7,28.4,58.07,7.78,3.49,17,3.77,4.11,Average,INT9095,63.62
0.28,29.3,8.4,57.84,0.0,0.52,11,6.05,1.0,Fair,INT9096,43.53
2.24,63.7,97.5,63.59,6.12,6.09,15,3.13,3.45,Excellent,INT9097,91.59
1.65,66.2,82.8,75.48,8.08,6.46,10,1.35,4.23,Good,INT9098,80.29
0.63,15.5,11.9,0.0,0.0,0.34,6,6.65,1.0,Poor,INT9099,36.67
1.77,83.0,26.4,1.54,4.05,5.68,8,2.8,2.62,Good,INT9100,74.21
3.93,93.1,58.2,89.16,10.0,7.91,23,4.94,5.0,Excellent,INT9101,85.25
2.93,59.0,29.7,91.35,5.6,1.12,13,6.07,3.24,Fair,INT9102,53.79
2.2,62.5,85.5,93.2,7.98,5.75,12,3.08,4.19,Good,INT9103,82.57
2.93,25.6,24.6,66.83,0.0,1.62,6,4.86,1.0,Fair,INT9104,51.42
3.24,92.8,58.0,93.35,6.6,6.94,10,1.38,3.64,Good,INT9105,82.44
1.69,87.4,35.4,75.5,2.38,6.47,11,2.79,1.95,Average,INT9106,68.3
0.69,80.2,21.4,80.35,3.05,8.83,13,1.66,2.22,Good,INT9107,74.24
0.42,19.5,14.3,87.94,2.3,1.33,9,5.99,1.92,Poor,INT9108,39.9
3.52,93.3,78.9,71.27,4.68,6.66,15,3.92,2.87,Excellent,INT9109,93.43
2.04,17.9,55.1,53.68,3.75,0.76,10,5.64,2.5,Average,INT9110,63.85
1.12,33.0,39.4,67.51,4.5,1.01,9,6.44,2.8,Fair,INT9111,53.54
1.33,85.8,31.3,50.98,1.33,4.5,17,4.25,1.53,Average,INT9112,66.11
1.76,70.1,59.0,59.62,2.9,1.86,11,4.52,2.16,Average,INT9113,66.15
1.51,25.1,8.7,57.42,1.3,1.62,7,3.76,1.52,Fair,INT9114,54.48
1.98,85.5,61.8,64.65,1.1,5.75,10,3.29,1.44,Average,INT9115,64.81
0.75,33.7,26.7,30.57,6.65,1.67,4,3.48,3.66,Average,INT9116,58.59
0.19,32.7,59.1,87.17,0.25,2.32,8,4.85,1.1,Average,INT9117,55.44
0.06,3.0,1.2,62.94,5.8,0.11,10,7.0,3.32,Poor,INT9118,33.51
0.45,39.7,8.9,66.83,5.07,1.52,6,6.46,3.03,Fair,INT9119,53.82
2.52,58.5,33.2,84.96,7.5,8.08,7,6.04,4.0,Average,INT9120,69.95
0.44,50.2,38.0,67.77,3.53,2.1,7,5.91,2.41,Fair,INT9121,45.22
0.14,20.4,0.4,50.99,0.0,0.64,10,3.95,1.0,Fair,INT9122,40.4
1.88,8.9,32.5,0.0,0.0,2.62,5,4.99,1.0,Fair,INT9123,44.19
2.88,81.3,68.4,97.26,9.3,8.8,20,5.91,4.72,Good,INT9124,81.15
2.27,86.7,33.0,69.26,3.3,5.6,7,3.61,2.32,Good,INT9125,84.84
2.13,38.0,32.6,96.93,9.95,6.65,17,7.0,4.98,Average,INT9126,59.25
1.05,31.3,41.5,63.71,8.8,5.19,11,3.9,4.52,Good,INT9127,79.99
2.54,19.4,14.0,0.0,8.45,6.22,8,4.66,4.38,Average,INT9128,60.22
3.48,51.8,21.2,60.71,7.32,4.21,11,5.21,3.93,Good,INT9129,77.15
1.17,15.5,42.3,54.26,2.48,1.76,6,7.0,1.99,Fair,INT9130,41.83
0.19,33.5,36.3,94.82,2.0,5.7,8,2.37,1.8,Average,INT9131,68.0
1.9,76.0,42.0,3.45,5.88,6.18,9,5.64,3.35,Good,INT9132,75.83
0.83,38.9,68.4,97.73,4.68,2.65,14,4.24,2.87,Average,INT9133,68.62
3.74,94.1,80.6,92.6,3.77,4.66,14,2.48,2.51,Excellent,INT9134,85.93
1.31,6.6,4.4,66.83,2.55,2.58,9,5.25,2.02,Fair,INT9135,52.52
2.41,42.8,68.9,59.35,4.68,4.64,10,3.83,2.87,Good,INT9136,70.12
0.58,37.3,74.5,91.31,6.75,2.66,6,4.9,3.7,Average,INT9137,61.28
1.83,36.2,33.5,60.42,0.0,5.68,15,2.92,1.0,Fair,INT9138,47.67
2.01,79.6,32.0,69.4,10.0,4.82,7,4.21,5.0,Good,INT9139,78.8
3.36,37.7,17.0,66.83,7.5,3.82,8,4.61,4.0,Good,INT9140,82.38
3.7,95.5,70.5,93.74,7.2,5.67,14,3.21,3.88,Excellent,INT9141,95.25
3.7,54.5,85.7,83.02,4.68,6.85,15,2.15,2.87,Excellent,INT9142,88.73
0.76,48.4,67.4,91.95,8.83,4.85,8,3.92,4.53,Average,INT9143,67.22
3.31,25.6,35.7,73.7,0.6,3.89,12,3.66,1.24,Average,INT9144,69.16
1.76,43.3,20.4,85.87,4.68,4.78,8,5.01,2.87,Fair,INT9145,48.7
3.4,82.0,81.4,99.0,1.4,2.88,8,3.29,1.56,Average,INT9146,69.19
1.29,51.8,22.9,57.67,2.4,1.56,10,2.64,1.96,Average,INT9147,58.59
3.14,39.7,95.2,61.2,7.5,5.81,13,3.16,4.0,Excellent,INT9148,93.48
1.66,22.4,29.3,76.12,2.0,4.21,8,3.75,1.8,Average,INT9149,55.11
3.8,90.3,93.4,82.16,6.72,7.86,15,4.0,3.69,Excellent,INT9150,88.91
2.91,67.9,61.7,93.89,2.72,2.59,12,3.87,2.09,Average,INT9151,68.01
2.56,66.5,75.9,32.38,2.15,7.55,15,4.43,1.86,Good,INT9152,75.42
0.23,3.8,24.7,34.34,5.1,3.7,4,1.93,3.04,Average,INT9153,60.47
2.38,70.8,40.0,76.36,0.0,5.07,7,3.54,1.0,Average,INT9154,59.85
2.36,94.7,86.1,50.96,7.5,8.59,20,1.57,4.0,Excellent,INT9155,87.14
2.4,62.3,76.6,74.83,2.15,3.74,14,1.87,1.86,Good,INT9156,71.43
0.41,16.1,24.8,64.55,0.0,3.5,9,6.64,1.0,Poor,INT9157,38.47
1.01,66.3,14.4,96.4,3.97,5.19,10,4.2,2.59,Average,INT9158,57.73
0.64,41.3,20.6,54.39,0.0,1.76,10,4.68,1.0,Fair,INT9159,45.03
3.45,53.9,30.8,72.97,2.0,5.71,4,3.84,1.8,Average,INT9160,56.64
1.06,29.7,23.1,6.14,8.43,1.66,12,6.52,4.37,Average,INT9161,63.19
3.13,71.5,72.8,55.71,4.05,9.19,20,4.77,2.62,Average,INT9162,67.53
3.79,67.0,92.5,85.07,7.55,6.67,10,5.37,4.02,Average,INT9163,69.39
1.57,25.0,22.3,79.47,4.68,2.56,9,2.84,2.87,Fair,INT9164,53.33
1.64,17.2,91.3,42.34,7.5,4.47,11,6.66,4.0,Average,INT9165,58.21
2.49,68.7,27.5,68.35,7.35,8.04,10,6.34,3.94,Average,INT9166,68.26
0.22,14.0,20.9,54.51,4.22,1.42,9,5.67,2.69,Poor,INT9167,29.15
3.37,79.8,68.9,89.31,7.82,6.26,12,2.52,4.13,Good,INT9168,76.05
2.92,70.2,53.6,66.19,2.7,1.74,10,2.34,2.08,Average,INT9169,57.81
1.3,82.5,95.1,83.39,9.92,8.09,12,2.62,4.97,Excellent,INT9170,85.16
1.82,66.3,44.5,67.88,10.0,6.15,17,2.18,5.0,Good,INT9171,83.91
2.2,80.7,83.5,47.36,8.52,4.47,13,6.21,4.41,Good,INT9172,72.46
1.79,81.8,58.5,4.76,0.0,4.14,9,1.17,1.0,Good,INT9173,75.92
0.41,92.7,56.2,90.09,6.57,3.79,8,1.63,3.63,Excellent,INT9174,87.76
1.88,45.2,26.4,66.83,4.68,8.76,18,2.68,2.87,Average,INT9175,57.22
2.33,40.7,88.3,69.94,7.7,7.4,7,2.1,4.08,Good,INT9176,70.63
1.9,50.1,82.6,66.83,7.22,5.91,15,2.63,3.89,Good,INT9177,73.36
0.23,6.4,11.0,53.79,2.52,0.84,11,5.32,2.01,Poor,INT9178,32.47
2.21,23.9,67.8,80.23,2.15,6.28,9,4.42,1.86,Good,INT9179,73.04
3.54,88.5,82.6,9.94,4.93,8.55,11,1.0,2.97,Good,INT9180,84.03
1.26,51.9,33.6,52.99,5.8,3.26,5,3.52,3.32,Good,INT9181,75.52
2.56,41.2,62.7,73.47,4.73,4.47,2,3.74,2.89,Average,INT9182,62.12
3.79,95.0,83.8,76.72,8.52,9.57,16,1.32,4.41,Excellent,INT9183,99.09
2.75,49.2,24.6,25.16,7.48,8.93,12,5.5,3.99,Good,INT9184,77.62
0.79,30.2,49.1,52.67,7.5,2.23,13,5.6,4.0,Average,INT9185,68.24
0.97,24.0,33.2,66.83,7.28,3.95,9,5.24,3.91,Average,INT9186,61.55
3.28,62.7,44.3,73.57,7.62,8.39,11,4.88,4.05,Good,INT9187,70.64
2.66,45.9,54.6,7.29,7.72,8.31,12,1.29,4.09,Excellent,INT9188,92.2
1.04,8.5,4.7,82.06,0.0,6.82,8,7.0,1.0,Fair,INT9189,47.95
1.85,34.3,35.6,57.22,6.28,4.03,6,5.56,3.51,Average,INT9190,57.93
3.33,70.7,24.6,81.67,2.12,1.31,11,6.84,1.85,Average,INT9191,69.26
3.31,79.6,88.6,9.52,9.35,5.63,12,1.5,4.74,Excellent,INT9192,99.44
0.43,41.9,34.4,73.24,4.68,1.17,8,6.57,2.87,Average,INT9193,57.22
1.53,23.8,18.7,90.07,2.22,3.82,5,6.16,1.89,Fair,INT9194,51.97
1.3,21.6,35.7,66.62,4.32,3.87,10,5.96,2.73,Average,INT9195,62.35
3.07,87.2,76.1,57.35,10.0,8.25,8,1.62,5.0,Excellent,INT9196,91.54
0.16,10.6,11.3,93.67,0.0,1.59,7,5.25,1.0,Fair,INT9197,48.66
1.31,15.2,26.0,60.61,0.75,6.95,9,6.42,1.3,Poor,INT9198,38.78
2.57,26.7,91.5,25.54,0.42,4.13,9,5.32,1.17,Average,INT9199,58.67
0.3,16.3,44.3,64.02,1.2,2.47,13,3.92,1.48,Average,INT9200,60.06
0.75,33.0,15.2,84.18,2.22,1.2,11,6.75,1.89,Fair,INT9201,42.46
1.15,72.2,67.0,90.02,0.88,1.86,9,4.02,1.35,Good,INT9202,70.48
0.89,33.8,73.8,66.83,10.0,1.27,15,4.32,5.0,Good,INT9203,71.68
1.22,10.0,46.7,67.61,0.0,6.97,4,3.92,1.0,Fair,INT9204,47.1
1.31,31.5,13.1,56.29,1.8,0.78,6,6.69,1.72,Fair,INT9205,45.48
3.71,80.2,68.2,77.05,5.12,7.47,19,1.21,3.05,Excellent,INT9206,90.18
2.97,24.0,26.7,64.63,7.5,6.51,20,4.36,4.0,Good,INT9207,77.89
3.56,19.2,84.6,1.03,9.35,6.18,9,4.99,4.74,Good,INT9208,84.48
0.19,1.5,2.8,50.02,3.73,0.17,7,5.83,2.49,Fair,INT9209,43.88
2.66,52.0,50.2,32.72,10.0,6.28,11,4.23,5.0,Good,INT9210,79.41
0.15,4.0,24.4,71.63,4.35,0.79,11,5.99,2.74,Poor,INT9211,37.55
1.03,61.5,84.0,97.91,6.95,1.83,17,6.32,3.78,Average,INT9212,69.45
3.43,78.9,91.1,94.54,5.93,9.39,19,1.0,3.37,Excellent,INT9213,93.58
3.4,60.8,56.7,99.7,0.0,4.91,17,3.38,1.0,Average,INT9214,65.19
2.9,91.5,49.5,8.35,0.08,5.34,14,1.23,1.03,Good,INT9215,78.5
0.94,48.3,74.8,52.33,5.3,4.68,11,2.52,3.12,Fair,INT9216,49.14
2.25,51.7,64.3,65.3,3.73,7.6,11,3.81,2.49,Good,INT9217,81.36
1.08,33.8,42.3,83.79,4.68,4.44,14,6.45,2.87,Fair,INT9218,49.24
1.22,51.2,43.4,56.76,5.75,1.85,13,6.38,3.3,Average,INT9219,57.26
0.8,43.0,9.0,65.0,3.6,5.83,9,1.89,2.44,Average,INT9220,59.1
2.4,14.4,43.2,52.81,2.0,2.22,15,1.16,1.8,Average,INT9221,59.09
2.89,61.6,45.8,73.75,4.93,5.18,13,4.93,2.97,Good,INT9222,81.48
2.71,45.7,70.7,60.45,7.02,3.85,10,4.61,3.81,Good,INT9223,73.74
3.0,63.0,48.1,54.56,10.0,1.78,14,2.42,5.0,Excellent,INT9224,87.14
0.31,60.2,35.0,27.36,0.0,1.17,3,6.52,1.0,Fair,INT9225,48.18
0.27,13.6,8.4,67.56,2.0,1.12,2,6.55,1.8,Poor,INT9226,36.27
2.17,31.1,13.0,76.88,9.02,1.11,10,3.86,4.61,Average,INT9227,66.16
2.39,59.8,25.3,87.45,6.95,7.03,6,3.92,3.78,Average,INT9228,61.14
0.18,15.8,68.0,55.63,3.75,0.16,9,3.76,2.5,Fair,INT9229,48.34
0.84,16.8,7.8,89.56,6.82,3.21,8,5.12,3.73,Good,INT9230,71.53
1.3,72.0,38.6,51.31,1.12,0.99,12,3.71,1.45,Fair,INT9231,53.65
2.98,47.8,25.9,72.16,0.0,7.28,15,2.02,1.0,Average,INT9232,67.92
2.16,8.3,79.9,79.37,0.83,6.22,11,6.85,1.33,Fair,INT9233,50.52
1.93,9.8,58.3,97.85,0.62,2.91,11,3.95,1.25,Good,INT9234,75.1
1.34,83.4,65.5,78.7,4.78,2.82,12,5.77,2.91,Good,INT9235,71.64
1.5,17.0,73.3,6.1,6.82,2.32,12,3.4,3.73,Average,INT9236,67.76
1.52,93.7,81.5,9.03,9.25,8.32,15,1.25,4.7,Good,INT9237,82.1
1.77,49.8,48.1,69.79,2.0,3.17,6,1.56,1.8,Average,INT9238,61.0
1.29,85.9,58.1,73.97,6.65,6.3,12,3.95,3.66,Excellent,INT9239,85.68
3.46,58.3,53.4,59.85,10.0,6.26,15,5.05,5.0,Good,INT9240,75.46
3.3,65.9,40.5,75.04,10.0,4.32,14,3.13,5.0,Good,INT9241,75.54
0.65,21.6,19.2,57.5,2.18,0.34,7,5.08,1.87,Poor,INT9242,38.77
0.31,25.8,4.7,87.2,4.88,0.87,11,4.84,2.95,Average,INT9243,66.6
2.9,37.8,83.8,79.7,1.3,3.23,10,4.83,1.52,Good,INT9244,70.54
3.67,73.6,93.9,53.93,9.45,4.85,7,4.38,4.78,Good,INT9245,78.09
2.86,20.3,48.2,94.48,10.0,6.31,10,6.01,5.0,Good,INT9246,78.28
3.58,87.0,89.7,80.82,10.0,7.35,14,3.55,5.0,Good,INT9247,84.28
0.51,24.1,20.5,65.81,4.65,4.61,14,3.92,2.86,Fair,INT9248,48.66
3.14,91.3,73.9,25.44,7.02,6.19,15,1.96,3.81,Excellent,INT9249,86.65
3.76,48.7,86.9,81.61,10.0,9.46,16,2.76,5.0,Good,INT9250,82.19
2.66,74.6,88.9,8.14,7.5,8.05,20,1.0,4.0,Excellent,INT9251,92.0
3.4,31.6,26.2,95.38,0.0,8.46,9,4.43,1.0,Average,INT9252,68.02
1.72,57.5,58.2,14.8,2.7,3.83,4,2.79,2.08,Average,INT9253,57.4
3.01,34.5,42.6,51.96,6.62,4.35,13,3.08,3.65,Average,INT9254,67.28
0.44,73.5,7.2,66.2,0.0,2.22,11,5.22,1.0,Fair,INT9255,51.65
0.49,31.1,37.8,98.24,1.07,4.17,19,3.13,1.43,Average,INT9256,69.31
3.57,43.6,48.0,51.39,3.58,5.94,19,2.56,2.43,Good,INT9257,79.81
0.84,38.6,35.2,85.8,0.0,5.78,11,2.22,1.0,Average,INT9258,57.45
0.29,2.8,8.3,61.07,1.0,2.52,7,5.62,1.4,Fair,INT9259,40.64
1.79,15.0,12.2,85.07,0.0,5.9,6,1.55,1.0,Average,INT9260,64.88
2.87,85.8,91.0,93.44,0.0,6.54,14,3.92,1.0,Good,INT9261,75.41
2.54,84.0,87.3,55.04,7.48,9.49,16,3.91,3.99,Good,INT9262,84.9
1.26,48.2,22.7,61.94,3.73,4.73,7,4.84,2.49,Fair,INT9263,48.14
0.12,24.6,10.2,51.2,5.45,0.3,6,4.71,3.18,Fair,INT9264,42.17
3.62,86.7,87.5,52.19,8.65,8.09,17,6.12,4.46,Good,INT9265,71.03
2.97,36.2,66.4,4.59,10.0,5.7,14,1.25,5.0,Excellent,INT9266,87.06
0.62,30.6,66.7,66.83,0.0,1.12,3,2.58,1.0,Average,INT9267,60.02
2.34,41.4,60.8,64.91,10.0,7.49,18,3.01,5.0,Good,INT9268,80.1
3.61,45.5,82.8,48.04,6.05,1.7,10,2.26,3.42,Good,INT9269,80.91
2.02,73.8,37.9,89.39,10.0,9.36,8,2.67,5.0,Good,INT9270,84.54
1.06,54.8,27.0,40.11,2.45,7.21,7,2.73,1.98,Good,INT9271,73.51
2.77,27.1,92.9,47.04,10.0,2.61,13,4.24,5.0,Good,INT9272,81.46
0.24,3.7,7.3,50.58,2.45,1.54,3,4.54,1.98,Poor,INT9273,39.25
2.98,51.3,22.9,78.4,0.0,6.27,16,3.48,1.0,Average,INT9274,65.68
1.04,11.0,20.1,56.24,0.0,4.97,5,5.6,1.0,Fair,INT9275,47.79
2.99,89.0,90.5,88.23,8.5,9.36,10,2.92,4.4,Good,INT9276,74.08
3.49,93.3,59.0,24.06,10.0,9.62,12,2.41,5.0,Excellent,INT9277,89.45
2.0,18.0,40.1,83.71,7.6,3.38,10,3.78,4.04,Average,INT9278,69.13
3.02,34.5,6.5,2.52,4.45,4.6,6,1.28,2.78,Good,INT9279,70.0
3.05,91.9,56.2,80.83,8.08,5.92,18,1.25,4.23,Good,INT9280,82.03
0.5,20.8,50.4,63.35,1.67,4.44,11,3.47,1.67,Average,INT9281,59.19
1.24,21.5,16.0,63.35,10.0,0.45,8,6.55,5.0,Average,INT9282,64.58
0.71,83.2,32.5,6.36,5.5,3.7,12,5.0,3.2,Good,INT9283,75.06
2.06,45.2,31.4,50.64,8.35,4.13,16,1.54,4.34,Good,INT9284,82.51
3.07,81.2,37.9,59.08,9.12,5.34,12,6.04,4.65,Average,INT9285,60.05
2.66,38.5,72.2,47.16,7.2,5.72,9,5.51,3.88,Average,INT9286,68.51
2.76,50.2,70.1,90.85,5.85,8.53,13,4.42,3.34,Good,INT9287,75.49
0.58,20.6,21.5,38.91,2.0,0.58,8,5.63,1.8,Fair,INT9288,43.21
3.84,88.9,86.0,82.67,10.0,6.66,14,3.73,5.0,Excellent,INT9289,92.07
3.77,81.8,63.9,48.75,9.33,7.32,12,2.53,4.73,Excellent,INT9290,88.95
2.31,12.0,28.4,53.23,4.93,3.35,12,4.34,2.97,Good,INT9291,71.81
3.01,71.5,83.5,81.09,9.48,8.61,16,3.92,4.79,Excellent,INT9292,85.62
0.59,76.3,88.3,90.7,3.02,8.62,14,3.95,2.21,Excellent,INT9293,85.17
3.04,37.0,30.8,99.62,10.0,8.44,7,4.47,5.0,Good,INT9294,84.03
1.34,41.5,11.3,51.48,9.02,5.11,10,7.0,4.61,Average,INT9295,60.47
0.79,24.4,7.5,83.0,3.5,1.23,5,6.8,2.4,Fair,INT9296,43.93
0.69,25.7,53.5,70.73,2.48,2.64,18,6.58,1.99,Fair,INT9297,54.76
2.63,76.2,44.5,50.49,5.3,5.58,6,5.35,3.12,Average,INT9298,56.93
0.55,14.3,33.3,80.72,0.8,0.98,5,6.98,1.32,Fair,INT9299,52.77
3.33,77.2,68.6,56.12,7.5,6.92,11,3.92,4.0,Excellent,INT9300,86.03
2.9,67.1,82.0,68.93,5.12,7.86,12,2.15,3.05,Good,INT9301,82.72
2.23,48.1,38.8,63.07,10.0,1.79,20,3.89,5.0,Good,INT9302,72.58
1.57,78.8,23.0,68.06,4.68,8.37,10,6.12,2.87,Good,INT9303,73.16
1.91,11.8,62.9,74.63,4.6,2.8,7,3.76,2.84,Average,INT9304,60.07
1.07,63.1,41.6,67.96,6.85,5.52,8,5.51,3.74,Average,INT9305,67.56
2.65,77.7,67.3,77.64,0.52,8.0,8,2.22,1.21,Excellent,INT9306,85.38
2.51,57.6,52.2,61.93,0.0,7.32,13,2.88,1.0,Average,INT9307,65.03
0.29,70.8,5.0,81.77,0.0,0.26,6,5.83,1.0,Fair,INT9308,46.1
3.71,74.9,87.2,92.69,6.45,9.46,17,1.97,3.58,Excellent,INT9309,95.31
1.56,15.3,25.1,61.2,5.45,6.8,6,3.02,3.18,Good,INT9310,70.33
1.89,80.8,72.1,75.39,10.0,8.22,16,2.76,5.0,Excellent,INT9311,86.14
3.15,60.6,79.0,46.96,4.95,6.46,13,3.02,2.98,Good,INT9312,75.1
0.6,27.8,28.2,29.04,6.2,2.26,8,4.79,3.48,Fair,INT9313,47.85
2.22,34.0,42.4,68.28,5.38,2.64,8,3.43,3.15,Average,INT9314,67.72
2.7,27.0,43.5,82.11,4.68,4.72,10,4.11,2.87,Average,INT9315,59.74
3.85,55.2,22.3,51.41,10.0,9.33,10,1.15,5.0,Excellent,INT9316,92.85
0.25,1.8,3.6,68.5,0.0,0.12,5,5.35,1.0,Poor,INT9317,31.73
3.47,68.7,78.0,76.63,7.5,8.42,11,3.65,4.0,Excellent,INT9318,90.36
2.98,63.5,44.1,51.03,7.3,6.81,19,4.64,3.92,Good,INT9319,73.15
1.26,83.7,13.6,75.38,10.0,5.49,10,5.3,5.0,Good,INT9320,79.48
1.72,34.3,81.3,51.7,4.28,4.43,0,2.71,2.71,Good,INT9321,77.59
2.01,54.1,78.3,87.96,10.0,2.86,20,6.28,5.0,Good,INT9322,79.44
1.53,9.2,10.0,55.67,3.45,0.49,10,4.28,2.38,Fair,INT9323,54.84
1.64,35.7,55.8,69.65,0.0,0.98,14,3.62,1.0,Average,INT9324,59.42
2.46,67.9,87.7,80.31,0.0,8.94,11,1.68,1.0,Good,INT9325,71.09
3.65,90.7,51.0,68.16,4.45,6.57,18,6.25,2.78,Good,INT9326,73.87
0.49,37.5,10.1,62.45,4.15,0.99,6,5.88,2.66,Poor,INT9327,39.06
0.95,63.1,92.9,78.64,4.95,8.5,17,2.04,2.98,Good,INT9328,74.93
1.74,59.1,10.0,94.09,0.0,1.96,14,3.21,1.0,Average,INT9329,65.69
0.6,49.0,19.9,76.03,2.38,5.41,22,5.87,1.95,Fair,INT9330,54.48
1.99,48.1,69.9,83.07,0.0,0.75,5,4.89,1.0,Fair,INT9331,49.69
2.83,45.6,32.2,67.88,10.0,3.83,9,5.61,5.0,Good,INT9332,71.99
1.94,74.8,83.3,69.41,5.4,3.16,7,3.22,3.16,Average,INT9333,68.68
2.74,39.3,30.5,3.4,4.68,7.07,11,5.15,2.87,Good,INT9334,76.46
3.92,67.2,82.9,85.28,10.0,7.99,10,3.34,5.0,Excellent,INT9335,85.26
3.42,95.1,87.1,67.96,4.7,8.21,12,2.0,2.88,Excellent,INT9336,94.49
1.73,17.8,28.7,59.54,9.1,4.28,11,4.96,4.64,Average,INT9337,60.55
2.99,14.1,24.5,68.47,1.38,0.35,8,6.41,1.55,Fair,INT9338,53.67
2.74,21.6,79.7,92.69,3.28,5.86,9,2.84,2.31,Good,INT9339,80.18
3.02,42.7,37.8,86.91,4.35,2.72,5,3.98,2.74,Good,INT9340,73.85
0.8,18.4,88.3,66.73,5.95,4.63,8,4.97,3.38,Average,INT9341,68.79
1.45,54.6,87.1,1.47,4.68,8.04,6,4.62,2.87,Good,INT9342,79.56
1.48,51.2,35.0,53.74,10.0,6.0,9,6.19,5.0,Average,INT9343,65.59
1.33,46.9,29.8,52.49,2.88,3.13,13,6.03,2.15,Average,INT9344,62.74
1.38,13.5,79.3,56.37,3.9,0.77,9,1.13,2.56,Average,INT9345,58.52
0.39,16.2,23.8,55.82,1.5,3.44,8,7.0,1.6,Average,INT9346,55.99
0.49,22.2,6.8,54.39,0.0,1.27,9,5.62,1.0,Poor,INT9347,38.19
0.9,77.9,70.3,83.07,7.82,3.48,12,6.43,4.13,Average,INT9348,61.03
2.77,81.8,21.1,80.04,8.77,5.82,7,5.31,4.51,Good,INT9349,73.63
3.29,26.7,61.9,82.38,7.5,2.22,12,6.19,4.0,Good,INT9350,82.08
2.44,87.2,67.9,66.83,0.0,6.89,12,2.03,1.0,Average,INT9351,66.8
0.91,82.3,25.7,87.84,0.0,3.95,21,3.13,1.0,Average,INT9352,59.81
0.91,1.7,2.1,0.0,0.28,0.27,6,6.36,1.11,Poor,INT9353,34.67
3.32,85.9,67.4,81.12,0.0,7.78,12,2.16,1.0,Good,INT9354,77.67
3.29,81.7,87.0,79.0,10.0,6.85,9,1.12,5.0,Excellent,INT9355,94.88
3.51,56.6,44.6,0.53,7.5,6.94,13,5.78,4.0,Good,INT9356,80.09
1.51,39.7,14.6,40.61,2.38,4.91,6,6.49,1.95,Average,INT9357,62.28
2.05,73.0,86.7,52.94,4.68,7.07,10,2.27,2.87,Excellent,INT9358,85.61
0.55,57.4,45.2,82.67,7.22,1.0,17,6.38,3.89,Fair,INT9359,51.86
0.55,38.3,13.9,66.83,0.0,1.23,12,5.26,1.0,Fair,INT9360,47.65
0.93,3.8,36.9,64.16,2.0,6.0,5,3.97,1.8,Fair,INT9361,44.38
3.36,43.0,64.5,48.15,8.02,8.54,6,5.65,4.21,Good,INT9362,77.7
3.47,85.5,97.0,19.21,9.3,9.25,16,3.24,4.72,Good,INT9363,70.86
3.62,93.4,84.5,98.0,6.48,7.93,16,1.67,3.59,Excellent,INT9364,89.06
0.53,1.4,5.2,55.5,5.4,0.74,12,2.88,3.16,Average,INT9365,60.24
0.34,10.7,11.0,53.38,3.3,1.58,10,4.34,2.32,Average,INT9366,56.97
2.28,44.9,62.7,66.83,9.07,7.11,6,3.96,4.63,Good,INT9367,82.12
0.71,8.7,36.7,71.36,0.15,2.56,8,5.42,1.06,Fair,INT9368,42.74
0.69,64.4,33.5,0.0,2.72,1.37,14,5.59,2.09,Average,INT9369,67.03
3.63,47.6,30.0,87.23,0.6,8.01,15,4.28,1.24,Average,INT9370,64.71
1.58,4.4,49.5,94.94,4.4,0.31,16,5.63,2.76,Fair,INT9371,50.89
2.68,63.7,85.2,63.01,4.93,8.29,11,1.91,2.97,Good,INT9372,80.2
3.51,91.9,56.0,81.44,0.8,7.8,14,1.14,1.32,Good,INT9373,75.72
0.55,8.2,42.1,23.85,6.72,8.48,14,6.65,3.69,Average,INT9374,57.19
3.36,89.6,59.6,69.33,10.0,7.97,16,1.28,5.0,Excellent,INT9375,85.67
3.71,90.3,50.6,64.65,4.85,5.37,16,2.77,2.94,Good,INT9376,74.92
1.5,40.3,30.1,61.43,9.78,4.44,10,5.3,4.91,Average,INT9377,67.7
3.76,91.9,74.4,82.24,3.3,7.43,7,3.3,2.32,Good,INT9378,76.74
1.85,19.2,39.7,56.51,0.37,2.96,13,6.58,1.15,Fair,INT9379,40.98
3.74,94.3,70.2,55.66,6.85,5.43,13,2.89,3.74,Excellent,INT9380,86.47
3.82,94.8,75.2,0.0,3.4,9.04,12,1.0,2.36,Excellent,INT9381,86.75
1.75,43.4,8.5,85.54,0.0,4.42,10,2.37,1.0,Average,INT9382,60.2
3.1,50.8,95.8,96.77,4.02,6.25,13,4.72,2.61,Excellent,INT9383,88.79
3.04,53.6,22.1,0.0,4.95,3.83,9,3.21,2.98,Good,INT9384,84.38
2.82,32.2,87.0,77.58,8.17,9.83,13,4.12,4.27,Excellent,INT9385,85.25
2.57,76.5,63.9,49.42,3.82,8.05,11,5.91,2.53,Good,INT9386,71.29
0.86,33.0,20.5,66.77,4.68,3.5,9,6.13,2.87,Fair,INT9387,47.9
3.53,62.7,59.6,85.78,0.08,5.81,17,2.9,1.03,Good,INT9388,79.77
2.73,52.2,36.8,49.44,3.65,7.11,10,3.92,2.46,Average,INT9389,68.09
3.62,81.5,69.6,64.39,4.0,2.83,15,3.92,2.6,Good,INT9390,70.18
0.32,46.1,13.5,39.29,10.0,4.36,8,6.49,5.0,Average,INT9391,63.23
1.94,59.6,77.0,65.51,10.0,7.66,16,7.0,5.0,Average,INT9392,61.78
0.45,19.1,10.2,65.8,3.28,0.68,15,2.53,2.31,Average,INT9393,55.33
3.64,95.0,58.3,90.3,10.0,6.88,18,5.66,5.0,Good,INT9394,74.09
2.73,80.3,56.6,54.95,4.95,5.91,6,2.77,2.98,Excellent,INT9395,86.22
1.87,66.7,68.9,0.2,7.95,5.8,17,1.0,4.18,Good,INT9396,83.3
3.77,93.6,95.3,5.24,7.35,8.99,14,1.43,3.94,Excellent,INT9397,89.67
1.02,61.6,49.3,53.66,4.68,1.55,11,3.6,2.87,Good,INT9398,75.27
0.46,24.5,59.7,66.83,0.0,5.88,8,4.16,1.0,Average,INT9399,62.59
3.7,53.6,85.0,5.05,3.22,9.02,11,1.3,2.29,Good,INT9400,77.87
1.12,35.8,45.6,53.26,6.75,1.82,8,4.77,3.7,Average,INT9401,65.52
3.04,91.9,82.8,75.49,9.0,8.83,10,3.03,4.6,Good,INT9402,74.89
2.07,71.7,91.3,97.96,0.7,5.27,15,3.97,1.28,Good,INT9403,73.99
3.52,83.4,56.6,78.45,9.12,8.82,18,3.04,4.65,Excellent,INT9404,93.51
2.04,83.1,86.2,76.58,2.77,3.61,21,2.49,2.11,Excellent,INT9405,88.87
0.44,16.4,55.6,6.64,4.73,1.0,7,3.9,2.89,Average,INT9406,56.63
1.39,37.7,43.0,66.83,2.0,4.22,11,2.69,1.8,Average,INT9407,56.72
1.99,28.5,73.9,99.86,2.42,1.04,17,4.24,1.97,Average,INT9408,61.91
3.52,25.6,94.7,63.71,7.08,5.75,7,2.36,3.83,Good,INT9409,72.1
0.33,1.4,19.1,33.86,7.43,1.54,10,4.28,3.97,Average,INT9410,61.33
2.35,43.5,32.6,8.04,5.18,0.2,7,1.45,3.07,Average,INT9411,68.27
1.13,11.0,37.0,67.46,0.0,2.87,10,4.63,1.0,Fair,INT9412,45.89
0.56,5.8,15.3,53.57,2.6,3.77,9,5.62,2.04,Fair,INT9413,54.97
1.89,25.5,94.0,62.89,3.18,5.28,8,1.17,2.27,Good,INT9414,75.51
3.39,88.2,86.4,53.5,4.85,8.84,11,4.22,2.94,Average,INT9415,68.88
2.23,62.9,55.1,78.61,0.0,4.32,7,1.42,1.0,Good,INT9416,77.99
1.12,38.1,6.4,3.95,4.85,6.35,9,4.35,2.94,Fair,INT9417,50.23
2.72,86.4,82.2,90.74,4.05,6.34,6,2.48,2.62,Excellent,INT9418,90.52
2.3,9.3,7.4,50.16,1.35,1.71,10,4.52,1.54,Fair,INT9419,41.86
0.86,76.4,76.8,0.0,6.32,5.19,16,4.53,3.53,Good,INT9420,70.38
2.25,58.5,4.9,82.97,6.75,4.86,13,6.17,3.7,Good,INT9421,70.38
2.23,44.8,80.8,95.4,0.37,4.18,11,4.57,1.15,Average,INT9422,68.89
3.15,67.5,53.4,29.28,7.5,6.38,20,3.92,4.0,Good,INT9423,79.71
0.9,56.1,8.7,46.18,3.25,2.27,16,3.5,2.3,Fair,INT9424,53.81
1.46,9.8,20.8,76.9,4.45,1.3,7,6.97,2.78,Fair,INT9425,54.45
2.43,82.9,61.3,93.71,6.57,1.49,24,5.38,3.63,Average,INT9426,59.91
0.14,19.0,13.2,20.21,0.0,2.29,7,2.74,1.0,Fair,INT9427,42.98
0.55,31.6,69.5,71.22,6.42,1.43,13,5.89,3.57,Average,INT9428,56.16
0.8,54.0,30.7,59.12,3.2,1.35,4,3.18,2.28,Average,INT9429,55.84
0.15,5.0,35.1,51.08,6.2,0.62,11,5.58,3.48,Fair,INT9430,52.53
3.18,33.3,38.1,25.38,4.38,5.83,6,5.58,2.75,Good,INT9431,70.88
2.03,18.0,43.0,98.82,2.85,2.02,7,2.24,2.14,Average,INT9432,62.53
2.1,26.0,6.3,60.74,5.28,0.21,9,4.82,3.11,Fair,INT9433,49.63
3.33,77.4,58.2,62.68,0.0,5.82,9,2.81,1.0,Good,INT9434,76.01
1.9,31.4,34.2,60.26,2.05,3.67,13,2.87,1.82,Average,INT9435,65.57
2.11,98.4,89.9,75.66,9.75,6.88,17,3.18,4.9,Excellent,INT9436,86.11
0.18,22.0,38.7,82.73,3.92,5.57,7,5.48,2.57,Average,INT9437,65.41
0.57,28.1,39.2,55.66,0.0,0.92,7,2.87,1.0,Fair,INT9438,51.07
3.92,89.5,90.2,5.25,2.1,8.9,13,1.0,1.84,Excellent,INT9439,92.81
1.92,65.8,92.6,65.93,8.35,4.59,21,5.49,4.34,Good,INT9440,75.39
2.56,47.7,25.2,69.16,7.15,8.44,11,1.56,3.86,Good,INT9441,79.17
1.8,79.2,52.9,72.01,3.3,5.86,7,1.86,2.32,Good,INT9442,82.73
1.4,15.2,13.7,71.14,0.0,2.91,11,2.32,1.0,Average,INT9443,63.31
2.02,5.7,4.0,83.21,1.7,0.93,4,3.39,1.68,Average,INT9444,61.85
0.92,27.7,27.2,88.42,2.0,7.13,9,3.67,1.8,Average,INT9445,60.34
1.89,92.1,90.0,9.74,1.8,8.68,7,1.0,1.72,Good,INT9446,79.02
3.43,84.0,58.3,8.11,10.0,4.11,14,7.0,5.0,Good,INT9447,80.52
2.13,7.7,33.8,96.92,9.23,4.2,14,5.7,4.69,Average,INT9448,64.85
0.63,37.6,41.6,66.83,5.93,3.25,6,2.62,3.37,Fair,INT9449,54.04
2.34,4.5,30.0,15.43,0.0,7.57,15,3.92,1.0,Average,INT9450,58.11
0.67,40.9,59.1,71.25,3.35,5.13,11,3.33,2.34,Average,INT9451,59.16
3.04,28.4,64.7,79.53,3.73,5.7,10,5.0,2.49,Good,INT9452,74.25
3.23,90.4,86.0,37.34,3.9,7.68,15,2.34,2.56,Good,INT9453,72.57
3.22,79.4,55.5,62.97,7.92,6.68,14,1.78,4.17,Good,INT9454,70.4
0.44,73.8,76.9,83.92,0.65,6.95,6,6.1,1.26,Average,INT9455,58.76
1.83,44.2,21.8,80.09,2.0,3.06,4,3.92,1.8,Average,INT9456,63.67
0.94,13.3,16.7,66.83,4.8,3.21,11,3.17,2.92,Fair,INT9457,45.52
0.62,4.8,46.8,94.23,4.25,0.46,11,6.48,2.7,Fair,INT9458,40.76
2.03,11.6,25.6,84.0,4.53,4.18,11,5.14,2.81,Average,INT9459,55.32
3.09,74.4,40.9,68.13,4.93,7.43,16,3.52,2.97,Average,INT9460,57.23
0.85,49.0,89.6,84.18,2.88,5.99,8,4.79,2.15,Average,INT9461,58.59
3.56,79.1,93.5,9.11,7.22,8.17,15,1.16,3.89,Good,INT9462,84.43
1.01,74.7,49.9,73.41,4.68,5.54,7,5.36,2.87,Average,INT9463,64.12
2.97,40.6,44.0,22.18,1.1,6.27,3,4.34,1.44,Average,INT9464,68.55
1.57,44.7,4.4,16.33,10.0,1.13,14,5.39,5.0,Average,INT9465,64.52
0.92,16.9,60.0,66.92,0.0,4.59,12,7.0,1.0,Fair,INT9466,47.57
2.58,79.9,78.6,57.54,7.5,4.92,11,6.53,4.0,Average,INT9467,67.71
0.45,28.5,29.3,81.68,4.68,3.69,5,6.59,2.87,Average,INT9468,56.29
0.77,53.3,6.7,83.7,6.0,2.74,23,3.93,3.4,Average,INT9469,60.88
1.56,15.6,33.0,26.06,3.55,3.05,8,3.51,2.42,Average,INT9470,65.41
0.38,69.5,14.7,4.44,0.47,2.56,6,3.85,1.19,Fair,INT9471,42.27
1.95,93.6,68.8,89.64,4.75,7.78,10,5.3,2.9,Excellent,INT9472,86.05
0.76,14.8,54.4,66.83,2.0,2.26,6,6.45,1.8,Poor,INT9473,33.5
2.72,85.5,80.3,67.2,2.9,4.12,7,2.1,2.16,Average,INT9474,68.28
0.13,9.9,25.3,74.73,2.7,2.31,8,6.09,2.08,Fair,INT9475,44.0
1.07,5.3,18.2,90.93,0.25,1.43,10,6.2,1.1,Fair,INT9476,45.4
0.17,15.3,14.2,91.93,5.52,1.34,6,3.92,3.21,Poor,INT9477,39.7
0.09,4.0,5.6,65.17,0.0,3.17,10,6.63,1.0,Poor,INT9478,36.68
0.96,91.0,82.0,62.36,4.68,2.5,11,2.79,2.87,Average,INT9479,63.59
3.89,97.2,88.6,86.01,8.17,9.76,15,1.49,4.27,Excellent,INT9480,100.0
1.38,58.9,31.2,28.08,2.9,5.02,10,1.76,2.16,Good,INT9481,71.72
0.32,26.3,45.2,60.73,5.22,1.12,11,3.92,3.09,Fair,INT9482,54.06
2.42,70.2,7.1,77.36,10.0,3.61,9,4.9,5.0,Average,INT9483,66.12
3.22,71.2,49.2,83.94,4.98,4.01,11,6.15,2.99,Good,INT9484,76.38
0.14,5.7,18.5,52.65,4.32,1.32,8,6.06,2.73,Poor,INT9485,34.67
2.05,9.8,67.2,53.0,2.3,1.5,9,5.18,1.92,Fair,INT9486,53.16
3.9,93.1,88.1,1.62,7.22,9.45,16,1.0,3.89,Excellent,INT9487,100.0
2.97,55.6,29.6,92.97,1.3,6.34,12,2.48,1.52,Good,INT9488,72.93
3.67,98.2,73.9,46.24,4.6,8.1,16,1.32,2.84,Good,INT9489,83.52
1.21,24.7,35.5,71.44,1.9,0.45,17,2.71,1.76,Average,INT9490,61.19
3.49,91.8,97.4,92.27,8.83,6.89,12,4.08,4.53,Excellent,INT9491,94.41
3.63,92.0,94.9,3.69,9.33,8.84,18,1.08,4.73,Excellent,INT9492,100.0
2.64,71.0,77.6,55.31,10.0,5.55,8,3.57,5.0,Excellent,INT9493,85.39
1.18,32.6,57.2,65.99,0.65,7.65,7,1.68,1.26,Good,INT9494,70.64
0.29,14.8,6.4,59.9,0.0,0.1,6,4.43,1.0,Average,INT9495,55.19
0.53,57.4,11.7,70.93,4.42,2.16,7,3.34,2.77,Fair,INT9496,54.49
2.72,53.9,52.8,64.34,7.5,7.9,16,3.69,4.0,Good,INT9497,77.14
3.68,95.0,93.7,66.96,6.65,8.6,13,3.65,3.66,Excellent,INT9498,86.37
0.68,30.8,20.3,75.78,8.2,2.02,10,6.75,4.28,Fair,INT9499,45.96
3.04,68.5,72.4,58.45,4.07,2.25,6,2.14,2.63,Good,INT9500,81.53
0.17,30.8,6.7,90.31,1.15,2.88,11,3.69,1.46,Fair,INT9501,53.38
0.46,17.8,13.3,57.28,8.35,1.43,7,5.15,4.34,Fair,INT9502,53.79
2.32,14.2,77.5,74.05,10.0,6.79,8,4.02,5.0,Good,INT9503,71.86
2.82,44.3,70.6,63.45,5.85,8.18,8,6.82,3.34,Fair,INT9504,54.52
1.13,26.5,37.5,51.69,1.07,7.55,4,3.55,1.43,Average,INT9505,64.97
1.45,5.6,17.5,68.05,0.0,3.24,6,4.06,1.0,Fair,INT9506,50.04
2.92,80.7,91.9,43.93,10.0,7.41,16,2.0,5.0,Excellent,INT9507,93.27
3.06,80.7,88.8,64.8,8.4,6.64,17,5.03,4.36,Excellent,INT9508,87.9
3.59,94.7,91.5,99.52,7.5,9.79,25,2.73,4.0,Excellent,INT9509,96.16
3.63,61.8,77.9,81.56,2.2,8.03,18,1.87,1.88,Good,INT9510,83.97
2.45,56.1,25.7,89.67,3.0,7.7,7,4.69,2.2,Average,INT9511,67.84
0.53,30.9,14.8,50.72,6.7,1.9,8,4.3,3.68,Fair,INT9512,46.54
3.62,91.4,98.5,94.02,5.0,9.26,20,1.25,3.0,Excellent,INT9513,100.0
2.48,65.9,29.1,97.7,0.9,4.68,17,5.25,1.36,Good,INT9514,71.9
2.71,86.1,56.3,78.76,6.3,8.03,16,3.92,3.52,Good,INT9515,74.65
2.3,10.4,82.3,87.69,10.0,4.36,9,2.48,5.0,Good,INT9516,84.87
2.64,81.2,67.6,75.64,7.95,6.76,15,3.6,4.18,Good,INT9517,81.06
1.08,38.0,16.4,37.23,2.0,0.79,10,5.77,1.8,Fair,INT9518,41.98
0.84,38.1,16.7,17.71,0.0,5.47,11,4.66,1.0,Average,INT9519,65.04
2.48,89.9,80.2,79.84,10.0,5.69,12,3.1,5.0,Good,INT9520,82.92
3.12,88.2,60.4,78.97,3.95,8.77,12,3.33,2.58,Excellent,INT9521,93.02
1.28,89.2,19.8,82.96,8.85,9.47,11,5.04,4.54,Good,INT9522,75.87
1.46,58.0,21.7,92.8,3.63,5.64,15,3.92,2.45,Average,INT9523,60.33
2.16,86.1,55.0,86.6,1.12,8.55,7,5.2,1.45,Average,INT9524,62.47
1.84,83.8,37.1,36.74,10.0,6.52,14,1.26,5.0,Excellent,INT9525,89.96
2.53,36.6,31.3,73.34,6.9,8.18,14,3.93,3.76,Good,INT9526,73.05
0.82,39.5,69.0,99.01,1.07,8.12,19,6.75,1.43,Good,INT9527,71.52
3.49,74.9,49.6,41.75,4.93,8.1,11,1.57,2.97,Good,INT9528,72.73
2.62,80.4,34.6,96.91,6.75,8.44,5,6.84,3.7,Good,INT9529,72.54
0.83,16.3,17.6,90.67,5.02,2.13,7,7.0,3.01,Average,INT9530,58.0
3.7,98.0,97.8,83.3,7.4,9.52,17,1.94,3.96,Excellent,INT9531,97.76
0.38,5.2,29.3,67.47,0.0,0.28,9,6.16,1.0,Fair,INT9532,40.9
2.28,47.9,35.2,8.47,0.0,7.43,14,3.6,1.0,Average,INT9533,67.29
0.36,40.2,53.7,82.17,10.0,1.44,11,5.65,5.0,Good,INT9534,70.48
1.8,7.0,26.9,7.76,0.0,4.99,14,3.35,1.0,Fair,INT9535,50.06
3.65,73.2,28.0,42.16,2.62,8.97,13,3.91,2.05,Good,INT9536,72.55
1.8,90.5,9.5,88.02,8.83,7.14,13,5.09,4.53,Average,INT9537,66.82
2.24,35.4,32.9,65.61,7.0,9.16,14,5.88,3.8,Average,INT9538,67.77
1.24,92.0,47.4,0.0,4.82,9.46,14,1.0,2.93,Good,INT9539,77.46
0.36,9.7,33.9,74.73,2.0,0.83,5,4.19,1.8,Fair,INT9540,48.43
3.24,49.0,54.9,66.16,4.68,8.15,10,2.56,2.87,Excellent,INT9541,87.14
2.78,16.2,56.4,70.65,5.22,1.07,11,2.66,3.09,Average,INT9542,69.05
2.5,69.2,59.1,94.77,2.0,4.45,10,2.67,1.8,Average,INT9543,65.83
0.7,9.8,38.9,67.98,0.0,1.46,7,4.15,1.0,Fair,INT9544,52.18
3.79,91.0,48.0,30.53,10.0,8.44,13,3.14,5.0,Excellent,INT9545,87.98
3.07,43.4,69.2,66.83,3.95,3.64,5,1.49,2.58,Average,INT9546,64.38
3.09,82.6,55.9,4.98,5.6,6.55,8,1.54,3.24,Good,INT9547,81.76
3.28,50.1,60.2,0.0,1.7,5.23,22,1.58,1.68,Good,INT9548,74.11
1.13,17.2,80.0,21.99,10.0,7.72,13,4.31,5.0,Good,INT9549,74.7
0.81,54.0,68.0,59.03,7.05,4.9,8,3.92,3.82,Good,INT9550,70.66
2.99,84.3,73.2,61.28,5.48,9.75,22,1.74,3.19,Good,INT9551,83.47
0.38,42.7,33.9,79.9,2.1,1.45,7,3.92,1.84,Poor,INT9552,37.4
3.04,59.5,38.3,56.25,6.3,8.83,14,5.73,3.52,Average,INT9553,67.69
2.51,26.9,10.9,98.92,8.45,5.4,10,4.67,4.38,Average,INT9554,68.57
2.89,82.5,78.9,66.83,4.32,6.34,18,5.08,2.73,Good,INT9555,84.52
1.94,79.6,80.1,91.11,4.45,7.8,14,6.0,2.78,Average,INT9556,62.61
3.13,62.7,41.3,88.43,6.45,5.55,13,1.68,3.58,Excellent,INT9557,89.86
0.14,8.8,27.4,85.68,0.2,0.4,11,4.39,1.08,Fair,INT9558,52.19
1.38,58.5,74.6,65.24,10.0,6.31,13,5.15,5.0,Good,INT9559,80.98
0.24,3.9,6.7,55.02,0.88,0.8,7,4.87,1.35,Fair,INT9560,54.6
0.71,42.3,26.7,83.92,5.52,5.88,7,5.86,3.21,Average,INT9561,56.15
1.11,14.7,51.5,66.83,2.0,1.27,14,1.1,1.8,Average,INT9562,58.86
2.81,64.7,44.7,89.29,0.97,5.39,11,5.1,1.39,Fair,INT9563,52.58
1.35,41.5,40.7,97.84,0.0,4.62,11,4.2,1.0,Average,INT9564,59.32
0.52,59.1,16.1,95.07,5.28,4.22,8,3.25,3.11,Average,INT9565,67.67
2.47,20.7,71.9,55.75,10.0,8.93,8,3.35,5.0,Excellent,INT9566,86.18
1.51,2.6,10.8,68.48,3.18,1.32,7,4.78,2.27,Average,INT9567,55.48
2.19,55.2,20.5,68.22,9.25,2.63,10,6.74,4.7,Average,INT9568,60.54
1.57,16.7,19.9,56.11,2.82,3.93,5,3.99,2.13,Fair,INT9569,49.55
0.26,6.8,25.7,54.91,5.4,2.23,7,5.67,3.16,Fair,INT9570,52.3
2.91,60.7,40.6,69.24,4.32,3.28,13,3.04,2.73,Good,INT9571,70.48
3.33,79.9,73.8,99.6,10.0,6.74,14,1.98,5.0,Excellent,INT9572,100.0
3.6,86.1,79.9,78.45,10.0,8.48,12,1.0,5.0,Excellent,INT9573,99.69
2.42,78.9,43.5,81.09,6.55,5.71,7,1.0,3.62,Good,INT9574,84.3
3.18,86.5,31.7,73.55,7.25,7.7,11,2.84,3.9,Good,INT9575,83.72
1.31,53.7,71.5,83.12,3.92,5.12,6,2.94,2.57,Average,INT9576,60.68
1.51,86.2,77.8,97.83,5.12,5.52,15,5.34,3.05,Good,INT9577,70.25
2.68,38.1,21.3,79.43,0.0,5.95,7,4.98,1.0,Fair,INT9578,48.97
2.28,37.6,58.2,53.25,0.97,6.0,16,1.33,1.39,Average,INT9579,63.56
2.46,81.2,37.0,52.08,0.0,1.52,16,3.92,1.0,Average,INT9580,67.69
3.08,79.6,59.6,99.64,4.7,3.48,12,2.92,2.88,Excellent,INT9581,87.96
1.28,13.0,18.5,69.37,8.9,0.32,2,4.62,4.56,Average,INT9582,60.81
3.92,82.4,76.2,9.99,7.0,7.96,9,2.05,3.8,Excellent,INT9583,86.88
2.03,43.8,52.3,55.33,2.65,2.64,7,1.77,2.06,Average,INT9584,68.8
0.96,9.0,11.9,57.06,2.88,1.71,5,6.38,2.15,Poor,INT9585,37.24
2.73,53.0,55.5,62.21,9.35,8.18,13,6.18,4.74,Good,INT9586,77.07
3.35,61.1,92.2,65.02,7.5,8.58,13,1.92,4.0,Excellent,INT9587,87.62
3.7,15.0,75.0,65.27,10.0,6.32,14,3.3,5.0,Excellent,INT9588,85.63
2.95,50.9,43.0,69.36,5.22,6.0,9,3.55,3.09,Good,INT9589,73.62
2.34,75.3,76.1,98.32,5.02,6.21,9,3.92,3.01,Good,INT9590,78.96
2.52,27.2,76.7,54.22,5.02,2.03,18,4.46,3.01,Good,INT9591,74.51
2.3,72.5,68.9,90.94,2.0,6.34,11,2.27,1.8,Average,INT9592,66.96
0.14,8.6,6.6,67.08,0.0,2.9,9,5.8,1.0,Fair,INT9593,44.17
0.78,59.4,13.3,92.47,4.68,7.15,7,3.58,2.87,Average,INT9594,59.99
2.89,72.9,83.4,99.59,7.2,3.39,10,2.37,3.88,Good,INT9595,79.56
0.65,90.6,44.0,67.43,4.22,1.78,7,3.7,2.69,Average,INT9596,69.71
2.58,92.6,34.7,19.85,7.48,7.41,18,4.37,3.99,Excellent,INT9597,85.87
1.5,15.6,26.5,31.11,8.3,5.4,6,2.8,4.32,Average,INT9598,67.53
3.39,90.1,63.6,87.94,6.75,8.83,11,2.44,3.7,Excellent,INT9599,88.95
2.2,80.9,36.0,57.25,6.42,5.07,9,2.96,3.57,Good,INT9600,76.86
3.09,12.3,66.2,7.98,4.68,4.89,8,3.92,2.87,Average,INT9601,65.28
0.53,24.4,6.8,60.22,4.58,2.86,7,5.7,2.83,Poor,INT9602,36.01
2.92,88.8,89.2,67.78,7.45,6.79,15,1.78,3.98,Good,INT9603,79.79
1.71,64.3,73.8,5.24,4.5,8.65,14,1.05,2.8,Good,INT9604,79.16
3.28,32.5,52.7,0.0,9.48,9.75,14,5.4,4.79,Excellent,INT9605,86.21
2.47,39.2,38.2,65.81,3.08,2.3,12,5.76,2.23,Average,INT9606,60.09
3.32,56.1,78.4,70.65,6.48,6.39,21,5.8,3.59,Good,INT9607,71.9
2.82,89.2,63.7,80.6,0.0,3.07,13,3.96,1.0,Average,INT9608,69.09
3.81,90.1,92.3,66.83,10.0,7.9,9,1.83,5.0,Excellent,INT9609,90.67
2.98,38.2,33.0,87.46,3.48,5.8,13,5.0,2.39,Average,INT9610,68.06
0.34,5.7,20.1,76.03,0.0,0.2,7,5.29,1.0,Fair,INT9611,44.3
2.98,54.5,36.2,75.52,4.78,2.84,13,2.49,2.91,Average,INT9612,60.6
0.33,17.7,79.7,81.57,0.0,3.69,14,6.28,1.0,Poor,INT9613,37.74
3.11,60.1,40.8,45.52,5.7,8.06,13,1.7,3.28,Good,INT9614,74.1
1.92,64.2,96.3,67.33,4.68,7.48,11,6.47,2.87,Average,INT9615,62.97
2.02,23.3,16.6,66.52,1.23,1.27,9,6.6,1.49,Fair,INT9616,43.43
0.97,5.8,77.2,63.49,5.55,4.67,17,4.92,3.22,Average,INT9617,60.05
0.76,40.4,48.9,77.44,2.4,6.96,8,6.2,1.96,Fair,INT9618,50.01
0.42,53.6,20.0,68.01,5.48,2.51,4,5.0,3.19,Good,INT9619,71.79
3.55,83.2,87.2,77.02,9.98,7.13,17,1.74,4.99,Excellent,INT9620,86.67
3.4,52.7,48.8,70.3,5.25,7.56,7,3.33,3.1,Good,INT9621,80.36
3.56,74.7,79.3,91.84,7.25,5.64,7,1.35,3.9,Good,INT9622,83.74
1.72,47.5,34.0,53.66,2.35,4.5,4,3.58,1.94,Fair,INT9623,53.45
3.38,55.6,59.5,78.61,7.5,2.81,12,5.22,4.0,Good,INT9624,77.21
2.28,63.2,31.8,78.78,2.0,0.6,11,3.26,1.8,Average,INT9625,63.73
2.49,17.9,58.3,69.19,6.9,5.67,8,3.41,3.76,Average,INT9626,60.03
0.57,11.6,4.9,71.05,4.68,0.4,5,4.37,2.87,Average,INT9627,55.15
1.35,48.8,26.5,90.01,1.75,3.45,9,3.92,1.7,Average,INT9628,65.24
3.25,92.4,91.6,5.72,10.0,9.14,11,1.0,5.0,Good,INT9629,81.33
3.45,66.8,87.3,93.57,1.53,9.04,15,2.99,1.61,Good,INT9630,78.2
2.78,55.2,37.3,63.66,3.65,4.48,19,1.91,2.46,Good,INT9631,77.72
0.47,12.6,16.9,82.53,0.0,4.94,12,4.9,1.0,Fair,INT9632,46.76
3.15,83.7,41.0,88.64,10.0,8.71,10,2.03,5.0,Excellent,INT9633,100.0
1.79,46.8,65.8,80.65,9.07,5.08,13,4.54,4.63,Average,INT9634,61.97
3.08,19.2,74.6,76.26,3.58,5.84,17,2.82,2.43,Average,INT9635,69.23
3.32,72.8,52.2,98.33,7.9,4.81,14,2.29,4.16,Excellent,INT9636,89.49
1.81,13.9,18.6,64.13,3.92,0.41,6,6.19,2.57,Poor,INT9637,36.86
0.8,35.0,84.8,8.53,2.0,0.51,7,1.34,1.8,Average,INT9638,63.91
1.37,29.2,7.2,64.37,6.05,3.15,7,3.6,3.42,Average,INT9639,61.68
3.32,24.6,41.8,8.06,4.28,6.86,16,1.35,2.71,Average,INT9640,69.63
2.07,28.7,8.0,28.14,6.45,1.8,11,4.23,3.58,Average,INT9641,55.42
3.33,72.2,86.7,95.44,10.0,6.92,10,3.83,5.0,Good,INT9642,84.55
2.81,43.5,45.2,6.97,7.3,2.55,12,3.92,3.92,Good,INT9643,70.64
3.16,78.9,64.8,92.5,6.82,9.18,8,1.55,3.73,Good,INT9644,81.66
3.67,63.0,73.2,62.46,1.9,3.9,9,2.96,1.76,Good,INT9645,74.62
3.19,43.7,39.4,6.7,10.0,4.73,17,4.53,5.0,Good,INT9646,79.45
0.09,2.3,5.3,13.62,0.0,0.18,8,6.15,1.0,Poor,INT9647,36.53
3.27,88.8,78.4,62.89,7.82,7.91,11,4.12,4.13,Good,INT9648,77.21
0.45,13.8,22.8,74.52,5.35,6.06,10,4.05,3.14,Average,INT9649,69.01
3.36,60.5,43.2,97.31,0.95,1.41,9,1.71,1.38,Average,INT9650,67.73
3.03,93.5,64.4,35.46,4.68,8.18,20,2.51,2.87,Average,INT9651,68.47
3.85,95.0,85.4,81.99,6.82,9.7,11,1.48,3.73,Good,INT9652,83.61
3.18,86.2,86.5,71.39,1.9,8.11,10,2.37,1.76,Good,INT9653,82.34
0.38,43.0,54.1,52.34,0.0,2.3,8,1.91,1.0,Fair,INT9654,54.37
3.9,73.7,35.2,75.18,0.35,7.54,20,3.66,1.14,Average,INT9655,68.27
0.74,8.6,55.8,53.3,10.0,1.18,4,4.55,5.0,Average,INT9656,63.33
0.52,23.9,32.1,94.18,1.98,7.43,9,7.0,1.79,Average,INT9657,57.64
3.85,93.0,80.9,54.01,7.5,9.45,17,2.08,4.0,Excellent,INT9658,91.83
3.67,71.3,37.2,68.93,7.5,8.06,11,5.19,4.0,Good,INT9659,78.27
1.56,63.3,87.7,82.01,8.7,8.71,3,5.43,4.48,Fair,INT9660,54.71
2.93,90.2,97.1,55.6,10.0,9.13,17,4.64,5.0,Good,INT9661,83.31
1.57,32.1,82.1,85.13,0.0,3.29,9,2.09,1.0,Average,INT9662,57.84
0.65,40.5,40.5,91.14,4.02,3.66,15,2.92,2.61,Average,INT9663,61.15
2.37,27.0,76.7,1.32,3.3,9.63,14,1.62,2.32,Excellent,INT9664,85.5
3.32,90.3,83.5,64.21,10.0,3.18,11,3.12,5.0,Good,INT9665,71.59
1.91,40.4,44.0,63.19,8.3,4.64,6,5.79,4.32,Average,INT9666,66.15
1.66,73.6,71.8,7.14,4.28,3.46,12,1.35,2.71,Good,INT9667,79.36
2.45,59.2,72.3,98.39,0.75,2.63,9,2.08,1.3,Good,INT9668,72.52
2.67,33.5,86.9,96.03,0.0,2.45,9,5.38,1.0,Average,INT9669,59.12
0.95,57.9,88.9,67.98,6.02,4.24,13,5.64,3.41,Average,INT9670,67.87
3.14,43.1,67.3,64.19,3.68,5.85,15,3.24,2.47,Excellent,INT9671,91.06
3.31,4.5,76.0,96.07,4.25,5.07,10,5.17,2.7,Good,INT9672,71.81
3.55,79.8,54.8,27.75,4.68,5.51,11,3.48,2.87,Good,INT9673,71.13
3.84,95.1,82.8,64.94,0.97,9.68,16,1.47,1.39,Good,INT9674,82.39
2.69,20.7,33.2,30.21,6.02,4.31,8,3.51,3.41,Fair,INT9675,51.73
2.39,43.5,38.2,67.16,0.0,3.69,6,4.63,1.0,Average,INT9676,61.17
1.35,57.7,21.0,59.94,1.95,3.09,9,6.35,1.78,Average,INT9677,56.82
3.69,69.0,68.5,75.35,0.37,9.69,20,3.92,1.15,Good,INT9678,84.96
1.68,20.6,4.0,92.17,2.0,1.01,12,4.5,1.8,Fair,INT9679,51.47
3.36,97.2,79.8,76.4,7.02,9.69,11,3.35,3.81,Excellent,INT9680,95.86
2.63,21.1,59.1,56.17,7.95,2.57,6,3.96,4.18,Good,INT9681,70.9
2.01,56.1,70.8,4.35,6.6,3.7,8,1.0,3.64,Average,INT9682,64.11
2.96,77.4,85.6,78.14,5.68,9.47,15,2.5,3.27,Good,INT9683,80.76
3.28,96.3,84.6,79.16,10.0,8.87,13,5.46,5.0,Good,INT9684,79.92
0.91,32.2,5.5,78.85,0.0,0.63,7,4.12,1.0,Fair,INT9685,53.81
1.05,16.7,11.7,53.85,9.02,0.97,10,4.14,4.61,Average,INT9686,62.65
3.33,56.3,56.8,87.68,8.55,8.96,7,3.17,4.42,Good,INT9687,73.65
1.56,77.3,58.5,95.47,3.6,3.3,7,3.1,2.44,Good,INT9688,71.23
2.84,64.7,56.2,42.81,10.0,6.65,13,3.15,5.0,Good,INT9689,84.65
1.09,59.4,17.8,85.94,0.0,2.72,11,5.65,1.0,Average,INT9690,55.69
0.45,14.9,56.0,95.7,0.0,1.4,6,6.9,1.0,Fair,INT9691,40.65
1.87,67.9,24.8,5.85,4.68,7.47,7,3.78,2.87,Fair,INT9692,54.87
1.03,67.9,17.0,7.99,2.42,2.53,12,3.28,1.97,Average,INT9693,57.3
3.29,64.4,69.0,86.07,3.6,5.03,9,6.27,2.44,Average,INT9694,58.83
2.39,40.2,48.9,63.03,9.18,6.48,16,3.81,4.67,Good,INT9695,72.44
2.4,26.9,25.7,58.08,4.68,1.67,16,4.59,2.87,Average,INT9696,56.14
2.29,28.1,67.0,92.11,10.0,4.63,5,2.39,5.0,Good,INT9697,83.07
1.3,53.0,26.9,64.81,10.0,5.07,8,5.75,5.0,Average,INT9698,60.86
2.78,47.6,32.7,94.86,0.05,4.63,7,3.72,1.02,Average,INT9699,65.57
2.87,48.1,65.2,81.02,8.0,4.83,8,6.03,4.2,Average,INT9700,65.99
1.55,11.1,7.8,71.16,4.35,5.55,10,5.42,2.74,Average,INT9701,68.03
3.43,77.9,88.1,81.16,4.68,7.81,9,2.06,2.87,Good,INT9702,73.12
2.15,48.3,13.3,70.09,0.88,0.85,15,4.88,1.35,Average,INT9703,57.22
0.81,54.3,22.6,91.9,3.7,6.36,13,5.49,2.48,Average,INT9704,64.7
3.88,74.1,95.0,53.18,9.28,8.13,12,3.57,4.71,Excellent,INT9705,94.64
2.57,77.9,80.3,95.06,6.28,8.42,17,1.96,3.51,Good,INT9706,78.94
3.6,60.5,65.5,2.95,1.43,9.36,8,1.45,1.57,Good,INT9707,74.3
0.85,68.2,12.2,83.02,4.15,4.58,10,3.37,2.66,Average,INT9708,67.82
1.31,13.1,18.4,0.0,2.75,1.73,7,2.81,2.1,Average,INT9709,59.23
1.3,65.4,33.2,57.35,4.68,7.04,5,4.39,2.87,Average,INT9710,62.56
0.49,79.3,42.3,86.84,2.77,2.67,9,1.98,2.11,Good,INT9711,78.0
0.82,16.0,41.5,66.83,2.0,5.29,2,6.3,1.8,Poor,INT9712,34.46
0.7,63.8,91.2,91.94,4.18,4.25,18,2.47,2.67,Good,INT9713,79.65
1.19,55.9,54.6,79.82,4.02,2.36,8,2.67,2.61,Average,INT9714,61.16
3.36,39.6,48.9,62.62,1.53,9.51,10,3.81,1.61,Good,INT9715,72.07
1.17,29.9,73.2,58.08,0.0,4.99,6,4.06,1.0,Average,INT9716,55.86
0.26,18.1,10.2,53.74,0.0,4.82,9,2.11,1.0,Average,INT9717,55.58
3.25,93.7,9.3,56.87,10.0,6.57,20,3.92,5.0,Good,INT9718,78.79
3.55,70.6,62.0,80.06,10.0,8.78,18,2.17,5.0,Excellent,INT9719,95.75
0.76,65.8,2.9,75.92,6.08,0.2,3,5.21,3.43,Fair,INT9720,52.49
2.65,34.8,30.7,58.43,4.9,6.41,12,5.4,2.96,Fair,INT9721,51.04
0.35,23.0,22.2,56.47,2.28,3.12,14,3.88,1.91,Average,INT9722,56.21
0.42,41.1,4.0,78.2,4.42,1.56,15,5.72,2.77,Average,INT9723,59.42
1.78,75.2,14.7,17.02,1.88,4.21,10,5.05,1.75,Fair,INT9724,47.83
1.03,61.4,17.8,93.69,0.0,5.2,12,2.13,1.0,Good,INT9725,72.5
2.8,61.8,32.0,90.35,10.0,1.64,7,6.84,5.0,Good,INT9726,70.77
0.74,10.9,11.9,57.09,3.28,3.07,8,5.96,2.31,Fair,INT9727,51.15
2.05,23.2,62.5,50.8,2.52,2.97,8,2.69,2.01,Fair,INT9728,48.33
2.72,20.1,54.0,25.06,2.68,6.71,11,2.23,2.07,Good,INT9729,76.98
3.66,85.4,97.9,77.49,6.15,8.81,8,2.08,3.46,Good,INT9730,84.74
2.46,80.0,55.9,75.97,6.98,5.87,9,1.84,3.79,Excellent,INT9731,86.59
1.46,43.7,87.4,41.61,2.18,2.67,15,5.24,1.87,Average,INT9732,60.06
2.18,78.6,40.7,67.22,6.98,2.13,12,4.01,3.79,Good,INT9733,70.63
0.52,75.7,19.6,66.83,8.38,1.91,6,6.12,4.35,Fair,INT9734,53.52
0.58,31.9,89.0,50.2,3.42,4.53,10,5.82,2.37,Average,INT9735,59.41
2.17,14.9,4.9,4.5,4.5,1.4,14,4.33,2.8,Average,INT9736,62.97
1.8,82.9,44.3,6.62,7.28,3.2,16,4.94,3.91,Fair,INT9737,52.76
3.36,92.3,32.5,0.5,4.42,8.82,18,1.13,2.77,Excellent,INT9738,90.12
2.72,78.4,22.1,83.35,2.1,6.71,14,2.94,1.84,Good,INT9739,84.45
1.96,68.9,10.0,36.56,0.0,7.02,11,4.52,1.0,Average,INT9740,61.81
3.83,90.3,89.9,4.87,6.12,8.12,10,1.0,3.45,Good,INT9741,79.54
3.06,53.7,39.2,3.55,0.0,6.38,8,1.46,1.0,Good,INT9742,76.54
0.72,9.1,22.2,84.29,4.88,0.56,7,6.34,2.95,Average,INT9743,60.47
1.78,49.3,73.1,80.81,2.03,2.48,4,5.44,1.81,Average,INT9744,66.53
2.7,70.6,81.4,92.68,10.0,5.51,15,3.02,5.0,Excellent,INT9745,98.41
2.13,72.0,74.2,95.03,1.98,7.21,21,4.94,1.79,Good,INT9746,71.1
1.33,41.1,75.6,32.56,8.48,4.16,9,6.11,4.39,Good,INT9747,76.73
3.37,17.8,87.3,25.05,6.6,2.99,11,3.01,3.64,Good,INT9748,76.51
3.81,50.2,63.0,0.0,9.2,3.41,15,1.68,4.68,Excellent,INT9749,100.0
1.03,51.4,47.9,60.69,8.35,4.45,4,6.37,4.34,Fair,INT9750,54.07
3.8,76.8,79.8,57.36,4.62,9.39,14,2.84,2.85,Excellent,INT9751,98.04
0.89,48.3,49.6,51.14,3.58,7.55,7,1.84,2.43,Average,INT9752,58.75
2.85,29.7,12.6,96.06,0.0,2.2,9,4.38,1.0,Average,INT9753,57.73
3.14,31.1,38.3,79.46,9.8,7.59,19,5.93,4.92,Average,INT9754,64.72
3.87,57.1,65.4,88.74,10.0,8.57,16,2.56,5.0,Excellent,INT9755,95.71
3.43,86.1,90.9,69.92,0.0,7.97,13,2.51,1.0,Average,INT9756,67.15
2.43,45.0,22.5,99.59,2.0,3.61,12,2.68,1.8,Good,INT9757,74.49
2.85,60.1,5.6,61.38,0.23,4.11,16,7.0,1.09,Fair,INT9758,51.2
3.16,92.3,82.4,63.22,6.0,9.72,12,2.43,3.4,Good,INT9759,78.55
0.72,32.4,8.9,25.89,7.15,6.51,9,4.63,3.86,Fair,INT9760,47.95
2.31,75.7,53.6,97.02,4.65,5.71,15,6.1,2.86,Average,INT9761,65.03
3.26,55.9,71.6,66.83,4.75,6.02,8,2.04,2.9,Excellent,INT9762,94.56
1.15,77.6,44.5,83.74,10.0,0.9,13,6.81,5.0,Average,INT9763,67.42
0.64,52.4,24.5,84.37,2.42,6.17,5,7.0,1.97,Fair,INT9764,48.43
2.0,68.2,41.5,93.73,0.0,6.35,8,6.42,1.0,Average,INT9765,57.89
2.23,21.1,64.3,83.25,0.0,4.91,13,2.4,1.0,Good,INT9766,71.28
1.01,46.2,16.2,78.1,0.0,2.65,17,5.29,1.0,Average,INT9767,63.71
0.41,1.3,18.8,51.19,0.5,0.79,2,5.16,1.2,Fair,INT9768,48.85
3.03,78.9,23.5,0.0,9.62,7.99,6,6.7,4.85,Average,INT9769,63.42
2.09,17.9,46.3,59.3,7.65,3.69,11,2.24,4.06,Average,INT9770,68.44
2.73,48.0,20.9,55.48,8.3,9.54,19,5.42,4.32,Average,INT9771,65.36
3.43,58.2,89.3,1.09,10.0,9.25,14,2.88,5.0,Good,INT9772,84.62
2.21,22.0,22.9,68.7,2.0,1.05,6,2.44,1.8,Fair,INT9773,52.79
3.42,79.2,82.5,74.9,4.88,7.68,11,3.61,2.95,Excellent,INT9774,88.25
2.8,86.1,74.2,80.78,2.1,3.3,7,5.36,1.84,Average,INT9775,69.5
3.59,77.5,36.3,97.9,0.2,7.75,10,3.6,1.08,Good,INT9776,71.72
1.29,13.4,22.3,66.54,7.9,4.5,7,3.81,4.16,Average,INT9777,55.95
0.76,10.3,47.0,88.04,4.68,7.71,6,7.0,2.87,Average,INT9778,55.47
0.36,3.3,21.2,76.57,2.75,1.93,5,3.06,2.1,Average,INT9779,63.64
0.9,12.9,49.9,61.0,8.22,3.98,3,5.05,4.29,Average,INT9780,68.33
1.57,9.0,37.3,80.77,2.92,5.74,10,3.27,2.17,Fair,INT9781,53.85
3.1,75.2,51.2,98.36,3.7,9.1,13,2.92,2.48,Good,INT9782,80.98
2.59,19.9,56.5,22.74,2.25,0.77,3,4.97,1.9,Fair,INT9783,46.77
0.31,7.0,15.0,75.36,0.0,1.2,5,6.75,1.0,Poor,INT9784,33.12
2.38,41.8,40.8,52.58,9.52,3.6,13,4.09,4.81,Average,INT9785,62.88
0.63,38.9,18.5,66.06,0.78,2.3,6,5.62,1.31,Average,INT9786,57.43
3.59,40.0,66.2,81.03,0.0,4.27,13,1.95,1.0,Good,INT9787,81.43
1.84,44.4,59.1,58.57,4.73,3.19,24,2.12,2.89,Average,INT9788,64.22
2.26,90.9,24.7,1.25,8.43,5.05,12,3.85,4.37,Good,INT9789,82.47
3.4,76.8,62.8,0.0,8.12,5.93,7,1.44,4.25,Excellent,INT9790,87.11
1.27,63.8,37.2,95.46,2.0,3.14,10,2.34,1.8,Average,INT9791,66.33
1.66,12.6,17.6,65.14,7.1,5.85,9,3.68,3.84,Average,INT9792,62.83
1.95,10.8,23.7,7.69,4.68,4.96,12,1.0,2.87,Good,INT9793,80.87
0.22,18.2,18.3,73.7,0.1,0.3,9,3.04,1.04,Fair,INT9794,53.57
2.14,82.9,48.5,94.93,5.58,9.63,14,4.51,3.23,Good,INT9795,76.44
2.04,60.0,53.2,89.87,7.58,5.39,15,4.16,4.03,Good,INT9796,79.06
1.94,93.6,26.2,69.52,5.0,3.12,8,6.6,3.0,Good,INT9797,71.55
0.38,6.5,20.8,60.71,6.02,3.45,6,3.92,3.41,Fair,INT9798,49.09
3.29,75.3,49.0,83.41,10.0,8.57,7,3.66,5.0,Excellent,INT9799,90.63
0.29,19.2,54.7,86.92,2.92,0.84,9,6.27,2.17,Fair,INT9800,53.35
3.32,80.5,94.1,87.12,7.5,7.93,9,5.26,4.0,Good,INT9801,82.38
1.01,15.0,17.4,75.2,2.72,1.39,9,2.52,2.09,Average,INT9802,60.54
3.45,41.1,35.3,4.26,4.35,5.99,10,1.62,2.74,Good,INT9803,75.47
2.11,30.5,41.2,63.07,5.48,5.06,6,4.66,3.19,Average,INT9804,60.18
1.56,30.4,44.7,28.93,0.0,3.02,11,4.69,1.0,Fair,INT9805,50.61
1.85,29.9,83.3,92.6,9.72,5.26,8,6.0,4.89,Good,INT9806,71.24
2.62,61.8,91.2,92.04,10.0,3.68,11,3.92,5.0,Good,INT9807,70.42
0.73,13.2,2.2,55.23,0.0,1.69,6,5.16,1.0,Poor,INT9808,34.48
1.73,39.4,73.3,97.49,8.08,2.57,11,6.91,4.23,Average,INT9809,61.65
0.79,19.3,20.2,59.12,2.42,1.12,10,3.83,1.97,Average,INT9810,61.26
0.99,26.9,60.9,47.58,5.95,3.56,7,1.24,3.38,Good,INT9811,70.19
2.63,26.6,68.4,60.76,7.5,3.13,5,5.79,4.0,Good,INT9812,77.82
3.13,66.0,86.7,93.02,7.5,9.03,11,2.1,4.0,Excellent,INT9813,98.69
2.33,29.9,57.6,87.47,6.92,4.25,8,5.7,3.77,Fair,INT9814,53.53
2.33,9.0,26.6,67.68,4.9,0.61,9,6.25,2.96,Average,INT9815,56.86
1.21,66.9,22.0,84.09,2.68,8.15,11,5.12,2.07,Average,INT9816,60.78
3.51,68.8,88.1,26.78,10.0,8.04,16,3.92,5.0,Good,INT9817,74.97
1.06,52.4,52.2,69.11,10.0,9.09,16,3.63,5.0,Excellent,INT9818,85.53
3.0,73.9,82.2,68.86,4.68,3.21,11,3.92,2.87,Average,INT9819,61.13
0.93,51.3,30.3,61.9,7.5,1.85,14,2.97,4.0,Good,INT9820,76.08
2.57,23.0,42.5,93.82,2.48,2.32,10,4.66,1.99,Good,INT9821,73.09
0.83,50.2,16.5,8.72,0.0,5.36,5,6.0,1.0,Fair,INT9822,54.09
2.94,79.6,15.6,64.0,10.0,1.65,16,5.29,5.0,Good,INT9823,74.31
2.13,37.2,20.6,66.83,4.6,2.57,18,2.2,2.84,Good,INT9824,72.95
0.2,22.0,53.8,50.9,6.68,2.02,5,4.04,3.67,Fair,INT9825,54.39
3.18,74.1,36.9,67.33,4.22,5.3,11,5.87,2.69,Average,INT9826,67.42
0.6,3.6,82.1,76.34,6.6,2.98,5,3.37,3.64,Average,INT9827,56.92
0.17,30.5,24.3,63.89,5.25,3.69,7,3.8,3.1,Fair,INT9828,51.35
2.47,77.5,31.5,53.22,4.32,6.92,6,5.78,2.73,Good,INT9829,84.59
0.87,59.4,55.3,70.59,6.28,2.91,5,4.83,3.51,Average,INT9830,66.54
3.32,72.1,13.2,39.71,5.78,7.69,9,3.92,3.31,Good,INT9831,84.31
1.19,58.9,29.1,96.95,0.2,7.69,8,6.17,1.08,Fair,INT9832,52.57
3.61,32.7,53.6,63.14,9.45,2.65,12,1.61,4.78,Good,INT9833,77.47
1.64,84.5,18.2,69.91,7.5,7.3,9,7.0,4.0,Average,INT9834,67.43
2.3,30.0,31.8,69.11,0.68,6.75,9,3.92,1.27,Average,INT9835,69.91
0.81,15.0,67.1,2.45,0.0,2.35,9,1.0,1.0,Average,INT9836,62.14
0.27,16.1,31.8,60.87,7.1,2.88,7,6.47,3.84,Average,INT9837,56.47
1.31,24.3,50.0,65.12,5.88,4.67,7,2.49,3.35,Average,INT9838,63.3
1.46,21.2,13.3,93.21,2.0,1.09,3,5.46,1.8,Fair,INT9839,50.21
3.46,72.2,40.5,88.35,7.5,3.91,15,5.81,4.0,Good,INT9840,81.59
2.4,67.7,57.1,53.61,4.9,8.2,12,3.92,2.96,Good,INT9841,78.87
0.36,15.0,2.9,72.86,7.68,1.03,12,7.0,4.07,Average,INT9842,55.81
2.91,62.9,29.3,75.39,9.75,3.25,14,2.48,4.9,Excellent,INT9843,86.33
2.65,30.6,24.3,5.0,10.0,4.39,16,5.16,5.0,Average,INT9844,67.82
2.89,71.4,11.1,53.72,10.0,6.14,14,2.15,5.0,Good,INT9845,75.84
1.21,54.5,55.7,66.83,2.45,2.61,10,3.13,1.98,Fair,INT9846,53.94
0.24,24.7,24.2,47.61,5.58,1.38,12,3.92,3.23,Fair,INT9847,41.0
0.94,10.4,11.6,52.87,2.7,3.65,20,2.9,2.08,Fair,INT9848,46.41
0.3,12.1,21.0,23.87,2.0,0.67,9,4.07,1.8,Fair,INT9849,40.79
2.2,13.6,6.5,42.02,5.05,1.47,18,3.79,3.02,Fair,INT9850,53.41
1.59,41.0,13.8,68.35,5.93,4.99,5,4.43,3.37,Average,INT9851,59.14
0.41,11.1,37.5,69.67,2.0,1.33,12,6.49,1.8,Fair,INT9852,40.88
1.6,87.2,86.6,6.43,0.0,3.35,9,1.19,1.0,Average,INT9853,61.28
1.26,19.0,63.5,61.29,4.8,5.55,17,3.96,2.92,Average,INT9854,60.17
0.38,1.5,29.9,63.08,2.22,1.6,8,6.43,1.89,Fair,INT9855,40.96
2.36,44.4,43.3,23.47,2.95,7.78,14,4.19,2.18,Good,INT9856,76.68
0.28,3.5,11.4,66.3,2.08,0.46,10,1.38,1.83,Average,INT9857,56.1
2.35,44.6,67.0,53.61,5.93,8.52,16,4.84,3.37,Good,INT9858,72.1
3.87,55.6,94.7,85.17,7.05,6.48,12,3.17,3.82,Excellent,INT9859,96.74
3.66,60.1,83.9,69.3,9.15,4.2,14,2.17,4.66,Excellent,INT9860,86.1
2.02,21.5,70.0,66.34,2.32,2.65,8,5.78,1.93,Average,INT9861,63.17
2.89,63.7,20.3,56.33,7.5,3.21,15,4.47,4.0,Good,INT9862,76.05
0.27,14.9,30.0,61.33,6.1,0.81,11,7.0,3.44,Fair,INT9863,41.44
3.76,82.3,42.0,61.64,10.0,3.77,7,5.58,5.0,Good,INT9864,70.9
3.02,80.8,80.4,99.26,9.72,9.17,14,5.35,4.89,Good,INT9865,84.16
3.9,93.4,90.2,0.49,6.78,7.0,12,1.28,3.71,Excellent,INT9866,92.98
2.13,14.0,12.5,0.0,1.1,0.22,7,3.38,1.44,Average,INT9867,59.83
1.96,95.2,53.6,80.84,4.95,7.41,13,2.16,2.98,Good,INT9868,79.39
2.57,45.2,45.0,62.8,1.55,7.99,5,6.06,1.62,Fair,INT9869,54.6
1.62,28.9,43.7,55.22,5.7,2.35,6,1.72,3.28,Good,INT9870,75.14
2.11,76.6,65.9,85.28,4.55,4.18,13,3.92,2.82,Good,INT9871,82.4
0.83,16.6,32.0,56.58,0.32,1.14,4,4.16,1.13,Fair,INT9872,41.13
1.32,49.4,83.2,72.19,5.55,8.48,9,2.71,3.22,Average,INT9873,65.35
2.94,64.7,76.7,55.84,3.85,5.38,16,2.68,2.54,Good,INT9874,79.26
0.7,52.8,50.2,46.61,2.1,1.59,9,4.63,1.84,Fair,INT9875,51.83
1.96,9.1,32.9,9.73,1.23,5.45,9,1.29,1.49,Good,INT9876,78.64
2.47,26.7,27.4,89.29,0.0,4.08,12,1.0,1.0,Average,INT9877,65.69
1.51,47.8,45.1,68.0,7.68,4.29,11,3.61,4.07,Good,INT9878,71.75
0.9,35.8,24.1,67.78,6.92,1.31,10,5.3,3.77,Average,INT9879,62.0
1.69,13.5,46.0,50.42,4.62,2.15,5,4.57,2.85,Fair,INT9880,45.32
3.15,49.2,77.0,86.72,10.0,9.7,13,3.05,5.0,Excellent,INT9881,87.66
2.64,95.2,96.4,77.82,5.15,8.46,20,4.38,3.06,Excellent,INT9882,85.63
1.81,49.9,59.3,0.4,6.8,7.29,14,3.02,3.72,Good,INT9883,75.41
1.14,51.0,23.4,67.96,0.0,1.78,5,6.15,1.0,Fair,INT9884,47.11
3.36,87.7,62.8,27.85,5.55,9.03,9,1.61,3.22,Good,INT9885,82.0
1.06,10.3,70.5,64.83,2.8,2.54,4,5.05,2.12,Average,INT9886,58.91
1.69,6.0,16.7,58.54,10.0,3.14,8,6.18,5.0,Average,INT9887,68.25
1.81,50.3,41.4,73.76,9.48,7.72,11,6.13,4.79,Average,INT9888,64.09
3.36,56.3,76.8,89.85,0.75,3.57,11,2.05,1.3,Good,INT9889,80.12
1.94,72.5,67.5,33.12,10.0,8.87,10,2.28,5.0,Good,INT9890,81.36
1.61,14.0,22.0,95.31,5.55,5.76,13,5.74,3.22,Average,INT9891,57.05
1.26,39.2,23.9,77.24,2.0,2.87,12,1.27,1.8,Average,INT9892,56.33
2.12,45.6,34.5,73.27,1.9,3.68,17,6.2,1.76,Average,INT9893,67.16
0.64,49.3,31.0,89.35,0.0,2.93,11,5.63,1.0,Fair,INT9894,51.84
1.29,13.7,58.1,55.07,0.0,1.53,13,5.04,1.0,Poor,INT9895,39.9
3.95,96.3,96.1,88.69,4.95,9.84,13,1.57,2.98,Excellent,INT9896,95.71
1.5,27.2,49.4,7.22,2.2,1.4,6,4.85,1.88,Fair,INT9897,49.42
1.81,63.9,32.0,64.04,3.77,1.41,7,4.93,2.51,Average,INT9898,63.47
2.88,59.6,84.0,49.65,4.18,7.21,13,6.22,2.67,Good,INT9899,74.57
3.88,9.5,27.4,8.49,5.18,8.28,8,1.0,3.07,Good,INT9900,84.39
1.08,41.8,52.8,0.1,4.18,7.15,10,1.0,2.67,Good,INT9901,76.4
2.31,34.0,43.6,14.75,0.0,4.21,13,3.25,1.0,Average,INT9902,59.35
2.62,30.0,90.8,88.83,2.0,4.2,14,1.93,1.8,Average,INT9903,64.37
0.69,5.3,61.6,62.97,2.62,1.94,4,4.53,2.05,Fair,INT9904,44.12
0.64,9.7,14.5,3.14,2.0,0.9,2,6.76,1.8,Fair,INT9905,43.37
0.97,32.4,18.9,70.9,1.82,0.51,6,3.55,1.73,Average,INT9906,69.4
0.94,21.1,10.5,58.78,7.2,0.94,13,6.42,3.88,Fair,INT9907,46.76
3.69,42.8,81.3,0.0,4.58,9.24,15,1.0,2.83,Excellent,INT9908,88.7
3.87,29.1,90.1,0.23,7.5,6.44,16,2.08,4.0,Excellent,INT9909,90.25
3.53,89.0,78.9,6.28,10.0,6.56,12,1.04,5.0,Good,INT9910,84.17
2.63,49.6,67.4,64.13,9.3,7.82,6,3.43,4.72,Good,INT9911,73.36
0.31,6.1,17.3,59.05,3.02,0.24,3,6.39,2.21,Poor,INT9912,31.68
3.89,59.6,61.3,83.39,4.6,7.02,7,2.04,2.84,Excellent,INT9913,92.08
0.74,36.5,21.9,79.0,5.62,4.46,8,4.91,3.25,Average,INT9914,56.14
0.95,21.7,43.9,82.42,0.0,1.65,9,3.92,1.0,Fair,INT9915,50.72
0.24,17.5,15.5,67.19,4.68,1.61,5,6.62,2.87,Average,INT9916,61.06
2.5,19.0,15.8,88.49,5.38,8.26,4,1.68,3.15,Good,INT9917,80.45
2.36,22.6,18.0,56.48,0.0,1.93,11,2.3,1.0,Average,INT9918,60.34
2.83,97.3,93.2,3.22,10.0,7.08,12,1.0,5.0,Excellent,INT9919,96.19
3.89,84.7,80.9,27.18,10.0,9.24,13,4.0,5.0,Excellent,INT9920,85.11
2.5,86.3,76.7,55.18,2.9,7.31,17,2.96,2.16,Average,INT9921,69.42
1.45,39.4,20.6,66.18,1.05,1.67,10,6.52,1.42,Fair,INT9922,49.15
1.88,37.3,55.7,8.26,7.8,8.29,19,4.56,4.12,Good,INT9923,71.78
3.61,52.0,58.6,94.56,10.0,4.8,14,4.25,5.0,Good,INT9924,74.35
0.69,65.1,46.1,87.13,2.0,2.76,5,4.37,1.8,Fair,INT9925,50.27
3.06,76.9,55.5,58.78,9.92,7.8,17,1.42,4.97,Good,INT9926,74.67
3.43,55.0,80.9,63.74,10.0,9.59,16,4.04,5.0,Excellent,INT9927,85.5
1.69,24.2,22.2,95.97,0.0,2.39,14,7.0,1.0,Fair,INT9928,46.78
2.83,79.9,54.6,71.86,8.6,3.51,23,5.66,4.44,Good,INT9929,72.41
3.3,11.4,60.2,97.06,7.5,7.84,15,6.46,4.0,Good,INT9930,78.85
0.17,11.2,10.8,69.62,0.0,4.28,2,6.13,1.0,Fair,INT9931,43.42
3.94,95.2,92.5,97.59,9.55,9.3,17,1.69,4.82,Excellent,INT9932,100.0
2.35,41.6,45.7,56.97,2.0,5.31,14,2.37,1.8,Good,INT9933,76.02
3.36,86.5,80.3,2.46,9.38,8.91,17,1.0,4.75,Excellent,INT9934,90.16
3.64,81.8,75.1,50.44,7.48,2.55,15,2.56,3.99,Good,INT9935,81.21
1.52,23.9,65.1,70.02,6.48,3.68,9,3.92,3.59,Average,INT9936,67.54
3.31,88.1,72.4,95.56,2.15,3.4,7,3.36,1.86,Excellent,INT9937,85.81
2.44,78.5,48.1,73.09,5.62,6.54,17,5.34,3.25,Good,INT9938,76.99
2.3,12.5,18.0,59.37,3.08,0.91,18,6.28,2.23,Fair,INT9939,42.18
1.92,13.5,26.4,0.0,5.68,0.1,7,5.94,3.27,Fair,INT9940,49.1
0.86,40.7,8.0,91.78,4.93,2.88,12,7.0,2.97,Fair,INT9941,47.06
3.11,95.4,30.7,78.89,9.75,7.91,8,1.48,4.9,Good,INT9942,84.73
3.33,88.8,64.2,66.83,7.28,7.8,13,1.0,3.91,Excellent,INT9943,100.0
2.16,77.6,54.4,91.33,10.0,2.5,12,4.95,5.0,Good,INT9944,82.12
2.69,68.0,12.9,66.83,0.0,8.61,9,2.44,1.0,Good,INT9945,74.16
1.99,87.3,65.8,1.63,4.88,8.73,13,2.12,2.95,Average,INT9946,68.95
0.12,3.3,12.6,57.26,0.3,1.79,10,3.07,1.12,Fair,INT9947,54.79
1.3,6.8,3.3,54.14,5.62,2.26,11,2.93,3.25,Average,INT9948,57.38
3.16,80.2,47.4,96.76,4.32,7.12,10,3.83,2.73,Good,INT9949,77.83
2.04,60.8,37.1,73.76,8.62,5.53,11,3.56,4.45,Average,INT9950,67.89
1.51,4.9,9.1,53.22,4.73,4.24,9,4.12,2.89,Average,INT9951,63.07
3.04,79.1,90.6,66.08,4.53,8.55,12,5.45,2.81,Good,INT9952,80.18
3.2,59.1,66.8,8.88,10.0,7.31,13,2.96,5.0,Good,INT9953,70.11
3.56,90.0,88.7,59.14,5.55,6.72,10,2.25,3.22,Good,INT9954,82.15
1.55,24.5,7.4,86.77,0.0,0.85,9,3.92,1.0,Average,INT9955,65.25
3.87,71.0,94.7,84.47,7.48,9.19,15,2.64,3.99,Excellent,INT9956,95.69
2.15,31.4,38.7,51.09,5.22,6.82,15,5.61,3.09,Average,INT9957,67.48
3.75,75.7,82.3,66.83,6.28,5.95,13,5.68,3.51,Good,INT9958,78.6
0.16,37.1,32.1,30.49,1.65,1.83,10,4.88,1.66,Fair,INT9959,54.54
3.44,57.4,46.4,61.1,4.53,4.72,15,2.37,2.81,Good,INT9960,80.05
1.35,18.9,53.4,2.14,0.23,2.1,7,4.88,1.09,Average,INT9961,55.05
2.31,20.4,23.1,0.0,0.0,4.74,9,4.08,1.0,Fair,INT9962,47.05
1.37,28.1,40.1,50.48,6.4,7.94,10,3.64,3.56,Average,INT9963,64.64
2.69,97.4,91.2,78.3,4.02,8.79,21,4.31,2.61,Good,INT9964,83.48
1.64,48.5,64.3,81.47,2.0,7.57,12,3.86,1.8,Average,INT9965,58.87
0.55,23.4,15.7,52.52,0.37,2.5,11,4.46,1.15,Poor,INT9966,39.68
2.77,86.3,86.9,64.52,4.88,6.45,20,5.71,2.95,Good,INT9967,70.9
2.45,78.2,49.4,92.57,4.73,4.46,16,2.08,2.89,Good,INT9968,73.72
0.66,28.5,26.9,55.07,8.25,2.06,14,5.23,4.3,Average,INT9969,55.93
2.23,77.6,78.4,60.83,4.45,8.59,16,1.62,2.78,Good,INT9970,81.6
3.3,92.1,71.3,71.22,4.68,6.9,13,1.06,2.87,Good,INT9971,76.03
1.38,62.0,51.9,92.11,10.0,2.59,13,7.0,5.0,Average,INT9972,66.62
0.28,12.1,13.1,62.74,4.68,1.66,6,6.64,2.87,Fair,INT9973,50.4
2.77,95.3,46.3,99.86,10.0,8.89,9,1.31,5.0,Excellent,INT9974,100.0
2.85,38.6,63.3,67.76,7.12,1.09,17,3.96,3.85,Good,INT9975,76.1
3.74,28.1,88.4,69.32,6.18,9.0,9,2.13,3.47,Excellent,INT9976,85.6
1.0,30.7,32.5,56.11,2.2,2.26,13,3.53,1.88,Fair,INT9977,41.4
1.86,11.6,32.3,56.07,0.0,1.78,8,5.92,1.0,Fair,INT9978,53.21
0.7,18.1,40.7,62.17,0.0,1.6,8,6.83,1.0,Poor,INT9979,38.43
1.14,66.4,26.9,81.44,0.0,4.57,7,5.03,1.0,Average,INT9980,58.48
3.75,28.0,33.2,61.16,8.4,6.14,9,3.27,4.36,Good,INT9981,84.04
0.88,47.2,39.0,69.39,4.18,7.07,13,4.24,2.67,Average,INT9982,57.47
2.94,94.0,74.4,92.83,6.0,8.92,11,2.67,3.4,Excellent,INT9983,94.3
0.56,33.4,14.2,86.95,2.77,2.32,7,6.69,2.11,Fair,INT9984,46.96
1.34,17.7,36.6,19.3,7.4,0.78,9,6.6,3.96,Poor,INT9985,39.97
2.87,98.3,92.5,80.39,6.45,8.26,12,3.9,3.58,Excellent,INT9986,85.94
3.0,56.9,17.2,51.15,3.75,1.58,12,2.49,2.5,Average,INT9987,67.42
3.19,76.3,63.0,54.53,7.4,7.72,10,2.9,3.96,Good,INT9988,77.21
3.36,92.3,8.0,0.0,0.0,6.04,11,1.25,1.0,Good,INT9989,75.07
3.59,90.8,74.7,63.03,7.0,6.68,21,5.55,3.8,Good,INT9990,77.31
3.35,82.6,52.4,73.36,0.75,7.09,21,3.75,1.3,Average,INT9991,68.12
2.4,37.9,91.0,88.85,2.6,2.97,16,3.42,2.04,Excellent,INT9992,87.91
0.86,40.6,54.4,20.12,0.0,1.83,9,3.96,1.0,Fair,INT9993,47.41
0.75,36.4,59.2,56.17,8.93,2.56,7,5.86,4.57,Fair,INT9994,51.52
2.76,68.3,57.6,63.47,4.68,7.92,8,2.08,2.87,Excellent,INT9995,95.54
3.88,87.1,59.9,97.61,6.28,8.78,17,5.86,3.51,Good,INT9996,81.17
0.3,19.4,6.6,87.39,2.48,5.52,8,6.3,1.99,Fair,INT9997,43.81
0.65,46.5,46.8,50.97,0.0,1.67,5,6.71,1.0,Poor,INT9998,36.69
2.91,69.7,35.6,70.05,8.43,8.6,11,3.38,4.37,Average,INT9999,66.16
2.33,19.1,26.5,62.87,5.72,6.75,13,2.72,3.29,Average,INT10000,59.14
